POP	PLE1	PLE2	PLE3	PLE4	PLE5	PLE6
397 	0.06 	0.03 	0.08 	0.00 	0.08 	0.00 
2047 	0.29 	0.13 	0.43 	0.00 	0.41 	0.00 
407 	0.06 	0.03 	0.08 	0.00 	0.08 	0.00 
12567 	0.76 	0.35 	1.11 	0.00 	1.07 	0.00 
2034 	0.29 	0.13 	0.43 	0.00 	0.41 	0.00 
86 	0.01 	0.01 	0.02 	0.00 	0.02 	0.00 
1045 	0.15 	0.07 	0.22 	0.00 	0.21 	0.00 
513 	0.07 	0.03 	0.11 	0.00 	0.10 	0.00 
1065 	0.16 	0.07 	0.23 	0.00 	0.22 	0.00 
2929 	0.42 	0.19 	0.61 	0.00 	0.58 	0.00 
504 	0.07 	0.03 	0.10 	0.00 	0.10 	0.00 
421 	0.06 	0.03 	0.09 	0.00 	0.08 	0.00 
1758 	0.25 	0.11 	0.37 	0.00 	0.35 	0.00 
5498 	0.73 	0.34 	1.08 	0.00 	1.02 	0.00 
218 	0.03 	0.01 	0.05 	0.00 	0.04 	0.00 
285 	0.04 	0.02 	0.06 	0.00 	0.06 	0.00 
20003 	3.11 	1.45 	4.61 	0.00 	4.40 	0.00 
20017 	0.44 	0.19 	0.63 	0.00 	0.61 	0.00 
20017 	3.73 	1.71 	5.45 	0.00 	4.68 	0.00 
20034 	1.88 	0.85 	2.74 	0.00 	2.64 	0.00 
20048 	0.50 	0.22 	0.72 	0.00 	0.69 	0.00 
20054 	3.88 	1.79 	5.72 	0.00 	4.83 	0.00 
20054 	0.30 	0.13 	0.44 	0.00 	0.42 	0.00 
20059 	3.53 	1.66 	5.20 	0.00 	4.60 	0.00 
20061 	1.83 	0.80 	2.63 	0.00 	2.53 	0.00 
20061 	2.03 	0.89 	2.93 	0.00 	2.83 	0.00 
20063 	2.04 	0.88 	2.93 	0.00 	2.80 	0.00 
20101 	1.66 	0.72 	2.39 	0.00 	2.32 	0.00 
20183 	1.99 	0.91 	2.92 	0.00 	2.82 	0.00 
20217 	1.53 	0.67 	2.21 	0.00 	2.15 	0.00 
20227 	2.54 	1.21 	3.77 	0.00 	3.04 	0.00 
20254 	1.64 	0.71 	2.35 	0.00 	2.28 	0.00 
20263 	1.65 	0.73 	2.39 	0.00 	2.27 	0.00 
20319 	1.72 	0.79 	2.52 	0.00 	2.45 	0.00 
20323 	1.39 	0.61 	2.00 	0.00 	1.95 	0.00 
20325 	1.73 	0.75 	2.49 	0.00 	2.40 	0.00 
20332 	1.93 	0.84 	2.77 	0.00 	2.68 	0.00 
20365 	1.48 	0.64 	2.13 	0.00 	2.05 	0.00 
20448 	2.79 	1.27 	4.07 	0.00 	3.94 	0.00 
20473 	2.02 	0.92 	2.97 	0.00 	2.86 	0.00 
20501 	3.15 	1.45 	4.65 	0.00 	3.65 	0.00 
20502 	2.04 	0.95 	3.01 	0.00 	2.90 	0.00 
20509 	0.27 	0.12 	0.40 	0.00 	0.38 	0.00 
20514 	2.95 	1.38 	4.35 	0.00 	4.20 	0.00 
20524 	3.50 	1.64 	5.20 	0.00 	4.48 	0.00 
20573 	0.35 	0.16 	0.51 	0.00 	0.48 	0.00 
20615 	2.20 	0.99 	3.21 	0.00 	3.08 	0.00 
20627 	1.70 	0.74 	2.44 	0.00 	2.39 	0.00 
20654 	2.50 	1.14 	3.67 	0.00 	3.52 	0.00 
20666 	1.27 	0.56 	1.83 	0.00 	1.78 	0.00 
20677 	3.65 	1.71 	5.41 	0.00 	4.79 	0.00 
20801 	2.01 	0.87 	2.88 	0.00 	2.78 	0.00 
20803 	1.13 	0.49 	1.61 	0.00 	1.57 	0.00 
20835 	1.23 	0.53 	1.77 	0.00 	1.70 	0.00 
20841 	3.47 	1.62 	5.11 	0.00 	4.40 	0.00 
20899 	0.41 	0.18 	0.59 	0.00 	0.57 	0.00 
20900 	4.26 	1.99 	6.26 	0.00 	4.83 	0.00 
20960 	1.62 	0.72 	2.35 	0.00 	2.28 	0.00 
21045 	2.35 	1.10 	3.46 	0.00 	3.38 	0.00 
21046 	2.76 	1.25 	4.01 	0.00 	3.87 	0.00 
21080 	4.19 	1.98 	6.19 	0.00 	4.85 	0.00 
21106 	2.17 	0.99 	3.19 	0.00 	3.08 	0.00 
21152 	3.09 	1.43 	4.52 	0.00 	3.99 	0.00 
21185 	2.94 	1.38 	4.32 	0.00 	3.63 	0.00 
21187 	3.33 	1.55 	4.89 	0.00 	4.21 	0.00 
21196 	2.96 	1.36 	4.34 	0.00 	4.21 	0.00 
21205 	1.63 	0.72 	2.35 	0.00 	2.28 	0.00 
21248 	1.00 	0.44 	1.45 	0.00 	1.39 	0.00 
10643 	1.02 	0.49 	1.52 	0.00 	1.05 	0.00 
21249 	0.78 	0.34 	1.13 	0.00 	1.08 	0.00 
21258 	3.93 	1.86 	5.80 	0.00 	4.96 	0.00 
21273 	2.93 	1.40 	4.35 	0.00 	3.49 	0.00 
21276 	0.98 	0.43 	1.42 	0.00 	1.37 	0.00 
21357 	1.60 	0.71 	2.31 	0.00 	2.22 	0.00 
21383 	1.70 	0.75 	2.46 	0.00 	2.36 	0.00 
21391 	3.81 	1.78 	5.65 	0.00 	4.89 	0.00 
21396 	4.15 	1.95 	6.08 	0.00 	4.85 	0.00 
21424 	0.84 	0.36 	1.21 	0.00 	1.16 	0.00 
21440 	2.74 	1.28 	4.03 	0.00 	3.59 	0.00 
21458 	0.85 	0.37 	1.22 	0.00 	1.19 	0.00 
21464 	2.73 	1.28 	4.02 	0.00 	3.24 	0.00 
21481 	1.55 	0.68 	2.24 	0.00 	2.15 	0.00 
21507 	2.25 	1.06 	3.35 	0.00 	3.24 	0.00 
21547 	3.97 	1.85 	5.88 	0.00 	5.01 	0.00 
21549 	3.27 	1.47 	4.77 	0.00 	4.59 	0.00 
21554 	1.92 	0.89 	2.82 	0.00 	2.71 	0.00 
21584 	1.37 	0.60 	1.97 	0.00 	1.92 	0.00 
21586 	4.44 	2.05 	6.56 	0.00 	4.79 	0.00 
21587 	1.49 	0.64 	2.14 	0.00 	2.08 	0.00 
21619 	3.71 	1.71 	5.41 	0.00 	4.60 	0.00 
21632 	3.49 	1.59 	5.08 	0.00 	4.94 	0.00 
21642 	1.93 	0.83 	2.78 	0.00 	2.68 	0.00 
21647 	4.08 	1.88 	5.98 	0.00 	5.07 	0.00 
21649 	2.92 	1.36 	4.31 	0.00 	3.59 	0.00 
21680 	2.62 	1.24 	3.91 	0.00 	3.13 	0.00 
21682 	1.35 	0.59 	1.96 	0.00 	1.88 	0.00 
21716 	3.23 	1.53 	4.77 	0.00 	4.18 	0.00 
21738 	1.35 	0.63 	1.99 	0.00 	1.92 	0.00 
21739 	3.80 	1.80 	5.61 	0.00 	4.92 	0.00 
21741 	1.45 	0.63 	2.09 	0.00 	2.02 	0.00 
21769 	2.97 	1.38 	4.38 	0.00 	4.20 	0.00 
21776 	1.57 	0.69 	2.27 	0.00 	2.17 	0.00 
21782 	2.30 	1.00 	3.31 	0.00 	3.19 	0.00 
21787 	1.55 	0.68 	2.23 	0.00 	2.15 	0.00 
21815 	3.88 	1.82 	5.77 	0.00 	4.43 	0.00 
21837 	1.54 	0.67 	2.23 	0.00 	2.13 	0.00 
21851 	1.63 	0.71 	2.34 	0.00 	2.26 	0.00 
21896 	2.30 	1.01 	3.30 	0.00 	3.20 	0.00 
21906 	1.00 	0.44 	1.44 	0.00 	1.38 	0.00 
21912 	3.66 	1.67 	5.35 	0.00 	5.15 	0.00 
21913 	1.96 	0.89 	2.86 	0.00 	2.80 	0.00 
21920 	3.24 	1.49 	4.77 	0.00 	4.56 	0.00 
21928 	3.42 	1.59 	5.05 	0.00 	3.91 	0.00 
21959 	3.60 	1.69 	5.33 	0.00 	4.28 	0.00 
21960 	2.90 	1.33 	4.23 	0.00 	4.06 	0.00 
21972 	1.49 	0.66 	2.16 	0.00 	2.10 	0.00 
21991 	1.83 	0.83 	2.68 	0.00 	2.60 	0.00 
22022 	4.30 	2.02 	6.34 	0.00 	5.11 	0.00 
22031 	0.36 	0.16 	0.52 	0.00 	0.50 	0.00 
22055 	2.18 	0.96 	3.16 	0.00 	3.03 	0.00 
22096 	1.69 	0.73 	2.43 	0.00 	2.33 	0.00 
22096 	3.73 	1.76 	5.53 	0.00 	4.35 	0.00 
22097 	2.09 	0.97 	3.09 	0.00 	2.97 	0.00 
22105 	2.13 	0.94 	3.09 	0.00 	2.96 	0.00 
22119 	1.82 	0.80 	2.62 	0.00 	2.54 	0.00 
22135 	4.35 	2.05 	6.44 	0.00 	5.11 	0.00 
22161 	3.90 	1.91 	5.87 	0.00 	3.39 	0.00 
22167 	1.28 	0.59 	1.87 	0.00 	1.82 	0.00 
22176 	3.77 	1.78 	5.62 	0.00 	4.36 	0.00 
22180 	1.73 	0.74 	2.47 	0.00 	2.40 	0.00 
22195 	2.46 	1.13 	3.60 	0.00 	3.45 	0.00 
22213 	3.65 	1.68 	5.36 	0.00 	5.15 	0.00 
22217 	4.39 	2.06 	6.49 	0.00 	5.38 	0.00 
22242 	1.38 	0.60 	1.98 	0.00 	1.91 	0.00 
22245 	2.59 	1.23 	3.85 	0.00 	2.86 	0.00 
22247 	2.76 	1.24 	4.00 	0.00 	3.87 	0.00 
22257 	1.66 	0.73 	2.40 	0.00 	2.31 	0.00 
22280 	3.87 	1.80 	5.70 	0.00 	4.57 	0.00 
22289 	3.93 	1.82 	5.77 	0.00 	4.86 	0.00 
22338 	1.63 	0.72 	2.36 	0.00 	2.26 	0.00 
22347 	0.90 	0.39 	1.28 	0.00 	1.26 	0.00 
22391 	4.11 	1.92 	6.10 	0.00 	4.56 	0.00 
22412 	2.23 	0.97 	3.21 	0.00 	3.11 	0.00 
22429 	1.52 	0.66 	2.19 	0.00 	2.11 	0.00 
22439 	3.93 	1.86 	5.79 	0.00 	5.05 	0.00 
22477 	2.96 	1.34 	4.34 	0.00 	4.17 	0.00 
22491 	4.22 	1.95 	6.23 	0.00 	5.38 	0.00 
22492 	0.45 	0.20 	0.64 	0.00 	0.62 	0.00 
22508 	1.50 	0.66 	2.16 	0.00 	2.08 	0.00 
22532 	4.02 	1.85 	5.93 	0.00 	4.94 	0.00 
22634 	1.77 	0.78 	2.57 	0.00 	2.45 	0.00 
22652 	0.67 	0.29 	0.96 	0.00 	0.94 	0.00 
22703 	1.70 	0.79 	2.52 	0.00 	2.43 	0.00 
22707 	1.50 	0.65 	2.14 	0.00 	2.08 	0.00 
22720 	2.26 	1.07 	3.35 	0.00 	3.23 	0.00 
22724 	1.29 	0.57 	1.87 	0.00 	1.80 	0.00 
22786 	2.00 	0.87 	2.88 	0.00 	2.81 	0.00 
22847 	1.43 	0.63 	2.07 	0.00 	1.98 	0.00 
22886 	2.03 	0.94 	3.00 	0.00 	2.91 	0.00 
22911 	1.91 	0.88 	2.81 	0.00 	2.74 	0.00 
22971 	3.43 	1.58 	5.07 	0.00 	3.93 	0.00 
22985 	3.11 	1.48 	4.60 	0.00 	3.46 	0.00 
23002 	4.44 	2.09 	6.50 	0.00 	5.23 	0.00 
23024 	4.03 	1.89 	5.98 	0.00 	5.20 	0.00 
23027 	0.38 	0.17 	0.55 	0.00 	0.53 	0.00 
23053 	1.71 	0.79 	2.51 	0.00 	2.42 	0.00 
23088 	2.77 	1.25 	4.04 	0.00 	3.91 	0.00 
23137 	1.48 	0.65 	2.13 	0.00 	2.06 	0.00 
23161 	2.05 	0.93 	3.00 	0.00 	2.89 	0.00 
23180 	2.13 	0.95 	3.09 	0.00 	2.99 	0.00 
23218 	2.45 	1.12 	3.59 	0.00 	3.45 	0.00 
23229 	4.13 	1.89 	6.06 	0.00 	5.73 	0.00 
23274 	3.11 	1.42 	4.54 	0.00 	3.59 	0.00 
23283 	1.75 	0.76 	2.50 	0.00 	2.43 	0.00 
23284 	3.53 	1.67 	5.23 	0.00 	5.07 	0.00 
23293 	1.67 	0.73 	2.42 	0.00 	2.32 	0.00 
23321 	1.32 	0.57 	1.90 	0.00 	1.82 	0.00 
23323 	4.15 	1.96 	6.14 	0.00 	5.18 	0.00 
23335 	1.45 	0.63 	2.09 	0.00 	2.03 	0.00 
23363 	4.36 	2.00 	6.37 	0.00 	5.49 	0.00 
23393 	3.40 	1.54 	4.99 	0.00 	4.78 	0.00 
23556 	0.27 	0.12 	0.39 	0.00 	0.38 	0.00 
23627 	1.54 	0.68 	2.22 	0.00 	2.16 	0.00 
23655 	3.77 	1.77 	5.57 	0.00 	4.24 	0.00 
23660 	1.30 	0.56 	1.87 	0.00 	1.81 	0.00 
23672 	0.85 	0.37 	1.22 	0.00 	1.18 	0.00 
23691 	2.28 	1.10 	3.37 	0.00 	2.87 	0.00 
23769 	2.60 	1.23 	3.84 	0.00 	3.68 	0.00 
23832 	1.02 	0.45 	1.48 	0.00 	1.42 	0.00 
23835 	1.82 	0.78 	2.61 	0.00 	2.52 	0.00 
23862 	2.05 	0.90 	2.94 	0.00 	2.85 	0.00 
1478 	0.10 	0.04 	0.14 	0.00 	0.14 	0.00 
23864 	3.56 	1.61 	5.18 	0.00 	4.99 	0.00 
23889 	4.35 	2.02 	6.41 	0.00 	4.85 	0.00 
23894 	2.20 	1.01 	3.22 	0.00 	3.09 	0.00 
23951 	1.61 	0.70 	2.32 	0.00 	2.22 	0.00 
23960 	4.51 	2.09 	6.64 	0.00 	4.97 	0.00 
23987 	1.35 	0.59 	1.95 	0.00 	1.88 	0.00 
24002 	4.00 	1.83 	5.86 	0.00 	5.64 	0.00 
24014 	2.31 	1.01 	3.35 	0.00 	3.23 	0.00 
24017 	2.04 	0.89 	2.94 	0.00 	2.83 	0.00 
24021 	2.15 	1.02 	3.20 	0.00 	3.12 	0.00 
24039 	3.30 	1.51 	4.85 	0.00 	4.65 	0.00 
24057 	2.68 	1.26 	3.97 	0.00 	3.83 	0.00 
24085 	2.87 	1.31 	4.20 	0.00 	4.10 	0.00 
24109 	4.14 	1.97 	6.12 	0.00 	4.81 	0.00 
24140 	4.44 	2.06 	6.50 	0.00 	4.80 	0.00 
24149 	1.09 	0.48 	1.57 	0.00 	1.52 	0.00 
24156 	0.99 	0.43 	1.42 	0.00 	1.37 	0.00 
24196 	3.32 	1.58 	4.91 	0.00 	4.25 	0.00 
24224 	1.63 	0.72 	2.36 	0.00 	2.29 	0.00 
24228 	0.33 	0.14 	0.47 	0.00 	0.46 	0.00 
24243 	2.44 	1.07 	3.53 	0.00 	3.40 	0.00 
24267 	3.66 	1.69 	5.37 	0.00 	4.62 	0.00 
24290 	4.11 	1.86 	5.98 	0.00 	5.76 	0.00 
24295 	1.79 	0.78 	2.57 	0.00 	2.50 	0.00 
24340 	2.24 	1.04 	3.31 	0.00 	3.18 	0.00 
24353 	1.54 	0.67 	2.22 	0.00 	2.15 	0.00 
24362 	0.87 	0.38 	1.25 	0.00 	1.21 	0.00 
24364 	3.53 	1.66 	5.21 	0.00 	4.57 	0.00 
24364 	1.29 	0.56 	1.85 	0.00 	1.79 	0.00 
24400 	3.45 	1.59 	5.08 	0.00 	4.41 	0.00 
24431 	3.52 	1.61 	5.18 	0.00 	4.98 	0.00 
24448 	3.11 	1.48 	4.59 	0.00 	3.47 	0.00 
24468 	1.45 	0.63 	2.08 	0.00 	2.03 	0.00 
24472 	1.96 	0.85 	2.83 	0.00 	2.74 	0.00 
24482 	1.95 	0.85 	2.83 	0.00 	2.71 	0.00 
24485 	2.40 	1.06 	3.48 	0.00 	3.31 	0.00 
24514 	0.55 	0.26 	0.81 	0.00 	0.78 	0.00 
24525 	0.61 	0.27 	0.88 	0.00 	0.85 	0.00 
24535 	4.13 	1.96 	6.15 	0.00 	4.86 	0.00 
24541 	3.76 	1.67 	5.43 	0.00 	5.22 	0.00 
24550 	3.40 	1.60 	5.04 	0.00 	3.93 	0.00 
24562 	1.65 	0.72 	2.38 	0.00 	2.30 	0.00 
24576 	4.01 	1.86 	5.92 	0.00 	4.41 	0.00 
24582 	2.04 	0.89 	2.95 	0.00 	2.82 	0.00 
24604 	3.48 	1.65 	5.15 	0.00 	4.12 	0.00 
24622 	1.91 	0.83 	2.75 	0.00 	2.61 	0.00 
24625 	3.77 	1.71 	5.47 	0.00 	5.32 	0.00 
24628 	2.06 	0.90 	2.97 	0.00 	2.86 	0.00 
24660 	1.96 	0.92 	2.91 	0.00 	2.79 	0.00 
24671 	3.76 	1.74 	5.53 	0.00 	5.36 	0.00 
24683 	1.74 	0.77 	2.52 	0.00 	2.42 	0.00 
24713 	3.39 	1.58 	4.96 	0.00 	4.83 	0.00 
24744 	3.85 	1.79 	5.70 	0.00 	4.49 	0.00 
24778 	1.07 	0.46 	1.54 	0.00 	1.49 	0.00 
24893 	2.03 	0.89 	2.93 	0.00 	2.85 	0.00 
24895 	2.24 	1.05 	3.30 	0.00 	3.18 	0.00 
24921 	3.81 	1.85 	5.66 	0.00 	4.53 	0.00 
24955 	2.73 	1.29 	4.03 	0.00 	3.91 	0.00 
25005 	1.45 	0.64 	2.10 	0.00 	2.04 	0.00 
25057 	3.88 	1.82 	5.72 	0.00 	4.98 	0.00 
25058 	1.06 	0.47 	1.53 	0.00 	1.49 	0.00 
25077 	2.17 	0.93 	3.12 	0.00 	3.06 	0.00 
25087 	1.55 	0.67 	2.22 	0.00 	2.17 	0.00 
25130 	3.73 	1.68 	5.46 	0.00 	5.24 	0.00 
25135 	4.35 	2.04 	6.44 	0.00 	5.60 	0.00 
25163 	4.00 	1.86 	5.85 	0.00 	4.49 	0.00 
25207 	1.60 	0.69 	2.30 	0.00 	2.20 	0.00 
25221 	2.15 	0.94 	3.10 	0.00 	2.98 	0.00 
25255 	3.90 	1.86 	5.80 	0.00 	4.59 	0.00 
25300 	1.25 	0.55 	1.82 	0.00 	1.76 	0.00 
25315 	0.40 	0.17 	0.58 	0.00 	0.56 	0.00 
25319 	1.51 	0.65 	2.17 	0.00 	2.06 	0.00 
25328 	0.46 	0.20 	0.66 	0.00 	0.64 	0.00 
25330 	4.26 	1.97 	6.26 	0.00 	4.84 	0.00 
25344 	3.42 	1.58 	5.02 	0.00 	4.86 	0.00 
25373 	1.40 	0.61 	2.03 	0.00 	1.94 	0.00 
25380 	0.44 	0.20 	0.64 	0.00 	0.61 	0.00 
25428 	4.12 	1.94 	6.14 	0.00 	5.23 	0.00 
25464 	4.29 	1.99 	6.31 	0.00 	6.06 	0.00 
25470 	5.04 	2.32 	7.42 	0.00 	5.76 	0.00 
25556 	3.39 	1.58 	4.99 	0.00 	4.38 	0.00 
25556 	3.07 	1.42 	4.52 	0.00 	4.35 	0.00 
25568 	3.60 	1.71 	5.35 	0.00 	4.27 	0.00 
25634 	3.03 	1.38 	4.40 	0.00 	4.32 	0.00 
25636 	3.37 	1.58 	4.99 	0.00 	4.23 	0.00 
25654 	1.78 	0.78 	2.57 	0.00 	2.48 	0.00 
25669 	4.97 	2.31 	7.30 	0.00 	5.32 	0.00 
25715 	1.22 	0.53 	1.76 	0.00 	1.70 	0.00 
25727 	3.42 	1.56 	5.01 	0.00 	4.82 	0.00 
25736 	4.54 	2.13 	6.67 	0.00 	5.73 	0.00 
25751 	3.77 	1.74 	5.51 	0.00 	4.77 	0.00 
25765 	1.62 	0.71 	2.34 	0.00 	2.26 	0.00 
25767 	4.75 	2.19 	6.98 	0.00 	6.09 	0.00 
25797 	2.00 	0.96 	2.97 	0.00 	2.88 	0.00 
25861 	4.00 	1.89 	5.90 	0.00 	5.01 	0.00 
25900 	1.91 	0.84 	2.77 	0.00 	2.68 	0.00 
25962 	2.82 	1.27 	4.12 	0.00 	3.95 	0.00 
26030 	0.48 	0.21 	0.69 	0.00 	0.66 	0.00 
26039 	1.90 	0.83 	2.75 	0.00 	2.67 	0.00 
26052 	1.75 	0.77 	2.52 	0.00 	2.44 	0.00 
26058 	5.41 	2.55 	8.01 	0.00 	5.71 	0.00 
26058 	1.56 	0.68 	2.25 	0.00 	2.16 	0.00 
26075 	4.86 	2.29 	7.15 	0.00 	5.22 	0.00 
26079 	4.81 	2.23 	7.06 	0.00 	6.06 	0.00 
26083 	1.91 	0.88 	2.80 	0.00 	2.72 	0.00 
26102 	2.56 	1.11 	3.68 	0.00 	3.54 	0.00 
26138 	1.59 	0.70 	2.29 	0.00 	2.22 	0.00 
26279 	3.70 	1.74 	5.44 	0.00 	4.41 	0.00 
26286 	2.61 	1.18 	3.80 	0.00 	3.66 	0.00 
26331 	0.45 	0.21 	0.66 	0.00 	0.64 	0.00 
26339 	4.81 	2.21 	7.07 	0.00 	6.20 	0.00 
26344 	3.61 	1.65 	5.28 	0.00 	5.10 	0.00 
26373 	2.50 	1.08 	3.59 	0.00 	3.44 	0.00 
26379 	1.82 	0.80 	2.63 	0.00 	2.53 	0.00 
26392 	2.32 	1.02 	3.34 	0.00 	3.21 	0.00 
26421 	1.37 	0.60 	1.98 	0.00 	1.90 	0.00 
26501 	1.47 	0.64 	2.11 	0.00 	2.04 	0.00 
26524 	1.57 	0.68 	2.26 	0.00 	2.17 	0.00 
26535 	1.82 	0.80 	2.64 	0.00 	2.55 	0.00 
26545 	2.28 	0.99 	3.27 	0.00 	3.17 	0.00 
26548 	4.99 	2.29 	7.35 	0.00 	6.32 	0.00 
26655 	3.17 	1.50 	4.71 	0.00 	3.73 	0.00 
26707 	1.87 	0.82 	2.70 	0.00 	2.60 	0.00 
26749 	3.60 	1.69 	5.32 	0.00 	5.12 	0.00 
26768 	0.56 	0.25 	0.81 	0.00 	0.78 	0.00 
26770 	1.90 	0.83 	2.73 	0.00 	2.65 	0.00 
26794 	1.25 	0.55 	1.81 	0.00 	1.75 	0.00 
26818 	1.16 	0.51 	1.67 	0.00 	1.62 	0.00 
26827 	4.42 	2.04 	6.49 	0.00 	4.93 	0.00 
26853 	1.98 	0.86 	2.85 	0.00 	2.76 	0.00 
26856 	2.04 	0.89 	2.93 	0.00 	2.84 	0.00 
26870 	4.31 	2.00 	6.33 	0.00 	5.38 	0.00 
26871 	4.15 	1.96 	6.17 	0.00 	5.23 	0.00 
26891 	1.41 	0.66 	2.08 	0.00 	2.01 	0.00 
26908 	1.90 	0.83 	2.75 	0.00 	2.65 	0.00 
27011 	4.51 	2.09 	6.59 	0.00 	5.75 	0.00 
27028 	4.93 	2.34 	7.32 	0.00 	5.75 	0.00 
27040 	2.39 	1.04 	3.45 	0.00 	3.28 	0.00 
27071 	1.66 	0.72 	2.40 	0.00 	2.32 	0.00 
27077 	1.94 	0.85 	2.80 	0.00 	2.69 	0.00 
27102 	1.49 	0.65 	2.15 	0.00 	2.05 	0.00 
27181 	0.42 	0.18 	0.61 	0.00 	0.58 	0.00 
27196 	5.22 	2.48 	7.73 	0.00 	6.88 	0.00 
27226 	0.99 	0.43 	1.43 	0.00 	1.37 	0.00 
27261 	1.98 	0.87 	2.86 	0.00 	2.78 	0.00 
27263 	1.89 	0.82 	2.73 	0.00 	2.61 	0.00 
27265 	3.57 	1.69 	5.31 	0.00 	4.62 	0.00 
27421 	3.16 	1.44 	4.60 	0.00 	4.48 	0.00 
27429 	3.29 	1.51 	4.83 	0.00 	3.87 	0.00 
27445 	1.77 	0.78 	2.57 	0.00 	2.48 	0.00 
27471 	1.51 	0.65 	2.18 	0.00 	2.09 	0.00 
27543 	4.22 	1.90 	6.15 	0.00 	5.89 	0.00 
27561 	2.11 	0.91 	3.02 	0.00 	2.96 	0.00 
27573 	2.64 	1.21 	3.86 	0.00 	3.70 	0.00 
27574 	0.94 	0.41 	1.36 	0.00 	1.30 	0.00 
27574 	1.39 	0.60 	2.00 	0.00 	1.93 	0.00 
27749 	4.68 	2.14 	6.86 	0.00 	6.60 	0.00 
27778 	1.28 	0.56 	1.84 	0.00 	1.78 	0.00 
27846 	2.19 	0.97 	3.18 	0.00 	3.05 	0.00 
27846 	3.65 	1.72 	5.36 	0.00 	4.73 	0.00 
27857 	2.94 	1.28 	4.25 	0.00 	4.04 	0.00 
27862 	4.36 	2.02 	6.44 	0.00 	5.60 	0.00 
27903 	0.48 	0.21 	0.70 	0.00 	0.67 	0.00 
27958 	2.43 	1.06 	3.50 	0.00 	3.37 	0.00 
28082 	1.97 	0.85 	2.83 	0.00 	2.74 	0.00 
28104 	1.64 	0.72 	2.36 	0.00 	2.29 	0.00 
28118 	3.21 	1.51 	4.73 	0.00 	4.16 	0.00 
28119 	4.95 	2.29 	7.28 	0.00 	5.50 	0.00 
28133 	4.66 	2.20 	6.88 	0.00 	5.19 	0.00 
28161 	1.43 	0.63 	2.07 	0.00 	1.99 	0.00 
28229 	0.36 	0.16 	0.52 	0.00 	0.50 	0.00 
28258 	4.32 	1.96 	6.30 	0.00 	6.06 	0.00 
28299 	3.86 	1.74 	5.66 	0.00 	5.39 	0.00 
28304 	2.13 	0.93 	3.06 	0.00 	2.95 	0.00 
28321 	3.40 	1.54 	4.96 	0.00 	4.30 	0.00 
28347 	2.89 	1.35 	4.28 	0.00 	4.17 	0.00 
28356 	1.20 	0.55 	1.76 	0.00 	1.71 	0.00 
28438 	3.25 	1.50 	4.78 	0.00 	4.58 	0.00 
28449 	3.95 	1.80 	5.78 	0.00 	5.55 	0.00 
28465 	2.22 	0.98 	3.18 	0.00 	3.09 	0.00 
28480 	1.24 	0.54 	1.79 	0.00 	1.73 	0.00 
28503 	3.68 	1.72 	5.45 	0.00 	5.24 	0.00 
28709 	2.19 	1.00 	3.20 	0.00 	3.10 	0.00 
28781 	1.82 	0.78 	2.61 	0.00 	2.54 	0.00 
28789 	3.74 	1.73 	5.50 	0.00 	5.26 	0.00 
28805 	2.16 	0.93 	3.08 	0.00 	3.03 	0.00 
28855 	4.02 	1.91 	5.95 	0.00 	4.85 	0.00 
28899 	1.20 	0.52 	1.73 	0.00 	1.68 	0.00 
28910 	0.69 	0.30 	1.00 	0.00 	0.96 	0.00 
28935 	2.12 	0.94 	3.07 	0.00 	2.97 	0.00 
29000 	2.00 	0.95 	2.97 	0.00 	2.90 	0.00 
29023 	0.44 	0.19 	0.63 	0.00 	0.61 	0.00 
29059 	3.12 	1.46 	4.60 	0.00 	4.44 	0.00 
29067 	5.01 	2.32 	7.39 	0.00 	6.22 	0.00 
29103 	1.80 	0.79 	2.60 	0.00 	2.54 	0.00 
29107 	0.92 	0.40 	1.33 	0.00 	1.28 	0.00 
29152 	3.10 	1.34 	4.46 	0.00 	4.27 	0.00 
29161 	2.54 	1.19 	3.77 	0.00 	3.63 	0.00 
29193 	2.12 	0.93 	3.06 	0.00 	2.96 	0.00 
29233 	2.52 	1.10 	3.64 	0.00 	3.47 	0.00 
29310 	4.84 	2.25 	7.10 	0.00 	5.37 	0.00 
29380 	5.49 	2.55 	8.06 	0.00 	6.17 	0.00 
29438 	4.62 	2.15 	6.78 	0.00 	5.30 	0.00 
29443 	2.25 	0.99 	3.24 	0.00 	3.14 	0.00 
29452 	5.42 	2.51 	7.97 	0.00 	6.75 	0.00 
29507 	3.33 	1.52 	4.87 	0.00 	4.62 	0.00 
29556 	2.52 	1.10 	3.62 	0.00 	3.50 	0.00 
29557 	1.82 	0.80 	2.62 	0.00 	2.54 	0.00 
29628 	2.24 	0.99 	3.24 	0.00 	3.16 	0.00 
29660 	1.22 	0.53 	1.75 	0.00 	1.71 	0.00 
29682 	3.19 	1.52 	4.71 	0.00 	4.15 	0.00 
29692 	2.39 	1.04 	3.45 	0.00 	3.31 	0.00 
29727 	2.31 	1.00 	3.32 	0.00 	3.21 	0.00 
29742 	3.12 	1.46 	4.61 	0.00 	4.44 	0.00 
29745 	3.97 	1.83 	5.89 	0.00 	5.58 	0.00 
29791 	0.53 	0.23 	0.76 	0.00 	0.73 	0.00 
30043 	1.54 	0.67 	2.23 	0.00 	2.16 	0.00 
30107 	4.98 	2.28 	7.30 	0.00 	7.05 	0.00 
30120 	1.46 	0.63 	2.09 	0.00 	2.02 	0.00 
30147 	5.64 	2.63 	8.28 	0.00 	6.10 	0.00 
30156 	2.74 	1.20 	3.93 	0.00 	3.80 	0.00 
30158 	5.12 	2.42 	7.60 	0.00 	6.08 	0.00 
30175 	0.73 	0.32 	1.04 	0.00 	1.01 	0.00 
30176 	2.17 	0.96 	3.14 	0.00 	3.04 	0.00 
30185 	4.63 	2.13 	6.79 	0.00 	6.53 	0.00 
30189 	4.44 	2.01 	6.45 	0.00 	6.21 	0.00 
30198 	2.71 	1.17 	3.87 	0.00 	3.76 	0.00 
30201 	6.24 	2.89 	9.21 	0.00 	7.01 	0.00 
30288 	5.36 	2.53 	7.89 	0.00 	6.18 	0.00 
30317 	5.41 	2.53 	8.00 	0.00 	6.78 	0.00 
30368 	3.27 	1.41 	4.69 	0.00 	4.56 	0.00 
30395 	2.00 	0.88 	2.89 	0.00 	2.78 	0.00 
30412 	0.67 	0.29 	0.96 	0.00 	0.92 	0.00 
30491 	6.15 	2.85 	9.07 	0.00 	6.91 	0.00 
30535 	5.19 	2.44 	7.62 	0.00 	5.95 	0.00 
30579 	1.52 	0.67 	2.21 	0.00 	2.14 	0.00 
30673 	4.19 	1.93 	6.18 	0.00 	5.92 	0.00 
30772 	2.74 	1.19 	3.94 	0.00 	3.81 	0.00 
30778 	2.95 	1.40 	4.38 	0.00 	4.24 	0.00 
30782 	2.39 	1.05 	3.45 	0.00 	3.34 	0.00 
30922 	3.89 	1.82 	5.74 	0.00 	5.54 	0.00 
30943 	1.32 	0.57 	1.89 	0.00 	1.84 	0.00 
30954 	1.95 	0.86 	2.82 	0.00 	2.70 	0.00 
30957 	2.00 	0.87 	2.87 	0.00 	2.78 	0.00 
30979 	3.89 	1.83 	5.73 	0.00 	4.97 	0.00 
31011 	5.19 	2.43 	7.61 	0.00 	6.64 	0.00 
31015 	2.00 	0.88 	2.88 	0.00 	2.76 	0.00 
31072 	1.48 	0.64 	2.12 	0.00 	2.06 	0.00 
31126 	2.74 	1.19 	3.94 	0.00 	3.82 	0.00 
31199 	2.48 	1.14 	3.62 	0.00 	3.55 	0.00 
31201 	0.43 	0.19 	0.62 	0.00 	0.59 	0.00 
31217 	5.43 	2.50 	7.98 	0.00 	5.91 	0.00 
31217 	2.71 	1.25 	3.99 	0.00 	3.87 	0.00 
31233 	1.69 	0.74 	2.45 	0.00 	2.37 	0.00 
31260 	1.30 	0.57 	1.87 	0.00 	1.82 	0.00 
31283 	4.52 	2.14 	6.67 	0.00 	5.33 	0.00 
31302 	4.78 	2.16 	6.99 	0.00 	6.75 	0.00 
31453 	3.27 	1.54 	4.82 	0.00 	4.65 	0.00 
31476 	2.72 	1.24 	3.96 	0.00 	3.84 	0.00 
31477 	4.51 	2.03 	6.57 	0.00 	6.34 	0.00 
31550 	2.78 	1.26 	4.07 	0.00 	3.89 	0.00 
31582 	4.35 	2.06 	6.42 	0.00 	5.67 	0.00 
31621 	3.06 	1.43 	4.52 	0.00 	4.40 	0.00 
31718 	5.55 	2.63 	8.25 	0.00 	7.16 	0.00 
31726 	2.39 	1.10 	3.50 	0.00 	3.41 	0.00 
31727 	1.34 	0.58 	1.92 	0.00 	1.86 	0.00 
31737 	2.33 	1.03 	3.37 	0.00 	3.25 	0.00 
31749 	4.26 	1.97 	6.27 	0.00 	6.02 	0.00 
31753 	2.09 	0.92 	3.01 	0.00 	2.91 	0.00 
31761 	4.36 	2.07 	6.46 	0.00 	5.24 	0.00 
31808 	2.32 	1.03 	3.34 	0.00 	3.23 	0.00 
31853 	4.27 	1.93 	6.23 	0.00 	5.99 	0.00 
31911 	1.74 	0.77 	2.52 	0.00 	2.42 	0.00 
31936 	2.70 	1.19 	3.90 	0.00 	3.75 	0.00 
31988 	5.88 	2.73 	8.66 	0.00 	6.63 	0.00 
32003 	1.53 	0.67 	2.20 	0.00 	2.16 	0.00 
32064 	5.60 	2.66 	8.32 	0.00 	6.54 	0.00 
32108 	4.86 	2.19 	7.08 	0.00 	6.83 	0.00 
32113 	2.04 	0.88 	2.92 	0.00 	2.83 	0.00 
32159 	2.29 	1.08 	3.41 	0.00 	3.29 	0.00 
32175 	4.44 	2.05 	6.57 	0.00 	5.66 	0.00 
32188 	2.90 	1.34 	4.28 	0.00 	3.71 	0.00 
32226 	2.35 	1.01 	3.37 	0.00 	3.26 	0.00 
32278 	3.68 	1.73 	5.40 	0.00 	5.24 	0.00 
32319 	3.28 	1.55 	4.84 	0.00 	3.75 	0.00 
32335 	5.80 	2.72 	8.62 	0.00 	6.70 	0.00 
32396 	2.94 	1.28 	4.25 	0.00 	4.07 	0.00 
32428 	3.61 	1.68 	5.36 	0.00 	5.11 	0.00 
32438 	2.15 	0.99 	3.17 	0.00 	3.07 	0.00 
32478 	3.54 	1.61 	5.19 	0.00 	5.04 	0.00 
32496 	1.19 	0.52 	1.72 	0.00 	1.65 	0.00 
32567 	0.50 	0.22 	0.72 	0.00 	0.69 	0.00 
32568 	4.08 	1.92 	5.98 	0.00 	5.77 	0.00 
32571 	4.56 	2.15 	6.73 	0.00 	5.33 	0.00 
32626 	1.99 	0.87 	2.87 	0.00 	2.76 	0.00 
32672 	2.47 	1.09 	3.59 	0.00 	3.46 	0.00 
32680 	3.70 	1.75 	5.47 	0.00 	5.27 	0.00 
32688 	5.14 	2.41 	7.56 	0.00 	7.27 	0.00 
32717 	2.48 	1.12 	3.63 	0.00 	3.48 	0.00 
32824 	2.39 	1.04 	3.45 	0.00 	3.32 	0.00 
32851 	5.30 	2.50 	7.86 	0.00 	5.96 	0.00 
32907 	6.70 	3.16 	9.92 	0.00 	6.88 	0.00 
32912 	3.39 	1.48 	4.89 	0.00 	4.73 	0.00 
32931 	1.71 	0.75 	2.47 	0.00 	2.37 	0.00 
32965 	4.21 	1.96 	6.20 	0.00 	5.99 	0.00 
33010 	3.49 	1.61 	5.14 	0.00 	4.92 	0.00 
33062 	3.89 	1.76 	5.66 	0.00 	5.50 	0.00 
33170 	4.41 	2.06 	6.51 	0.00 	6.21 	0.00 
33184 	5.72 	2.65 	8.37 	0.00 	6.18 	0.00 
33205 	6.10 	2.80 	8.89 	0.00 	6.89 	0.00 
33222 	4.22 	1.97 	6.27 	0.00 	5.42 	0.00 
33224 	1.70 	0.79 	2.49 	0.00 	2.42 	0.00 
33270 	3.66 	1.72 	5.43 	0.00 	5.20 	0.00 
33274 	4.01 	1.89 	5.91 	0.00 	5.73 	0.00 
33281 	3.82 	1.80 	5.63 	0.00 	4.35 	0.00 
33319 	0.86 	0.38 	1.24 	0.00 	1.20 	0.00 
33326 	1.89 	0.83 	2.73 	0.00 	2.65 	0.00 
33411 	2.22 	0.97 	3.17 	0.00 	3.08 	0.00 
33424 	1.92 	0.83 	2.75 	0.00 	2.70 	0.00 
33465 	4.54 	2.05 	6.63 	0.00 	6.35 	0.00 
33473 	5.65 	2.64 	8.35 	0.00 	6.12 	0.00 
33519 	0.44 	0.19 	0.63 	0.00 	0.61 	0.00 
33562 	5.92 	2.74 	8.67 	0.00 	6.84 	0.00 
33566 	2.66 	1.17 	3.86 	0.00 	3.72 	0.00 
33657 	6.20 	2.85 	9.06 	0.00 	7.64 	0.00 
33756 	2.24 	0.98 	3.23 	0.00 	3.10 	0.00 
33804 	2.27 	0.99 	3.27 	0.00 	3.18 	0.00 
33822 	3.09 	1.43 	4.54 	0.00 	4.41 	0.00 
33868 	2.22 	0.97 	3.20 	0.00 	3.09 	0.00 
33873 	4.73 	2.27 	7.04 	0.00 	6.06 	0.00 
33972 	4.35 	1.99 	6.36 	0.00 	4.93 	0.00 
34013 	3.57 	1.62 	5.20 	0.00 	4.99 	0.00 
34019 	4.61 	2.16 	6.83 	0.00 	6.56 	0.00 
34035 	5.53 	2.61 	8.20 	0.00 	6.41 	0.00 
34083 	4.37 	2.04 	6.45 	0.00 	6.22 	0.00 
34314 	6.77 	3.13 	9.90 	0.00 	7.82 	0.00 
34339 	2.86 	1.25 	4.13 	0.00 	3.98 	0.00 
34357 	3.05 	1.34 	4.38 	0.00 	4.25 	0.00 
34399 	3.00 	1.33 	4.33 	0.00 	4.18 	0.00 
34403 	1.88 	0.81 	2.70 	0.00 	2.59 	0.00 
34470 	5.78 	2.75 	8.57 	0.00 	7.57 	0.00 
34519 	0.48 	0.21 	0.69 	0.00 	0.65 	0.00 
34618 	2.23 	0.97 	3.22 	0.00 	3.10 	0.00 
34624 	2.26 	0.99 	3.27 	0.00 	3.17 	0.00 
34645 	1.21 	0.53 	1.74 	0.00 	1.68 	0.00 
34731 	5.84 	2.68 	8.51 	0.00 	7.37 	0.00 
34845 	5.30 	2.45 	7.77 	0.00 	6.20 	0.00 
34853 	5.12 	2.39 	7.55 	0.00 	6.50 	0.00 
34859 	3.80 	1.77 	5.60 	0.00 	5.43 	0.00 
34860 	3.73 	1.76 	5.53 	0.00 	5.34 	0.00 
34882 	3.43 	1.57 	5.02 	0.00 	4.83 	0.00 
34934 	0.81 	0.38 	1.19 	0.00 	1.15 	0.00 
34950 	1.43 	0.62 	2.06 	0.00 	1.98 	0.00 
34986 	4.95 	2.24 	7.25 	0.00 	6.96 	0.00 
35007 	4.59 	2.10 	6.78 	0.00 	5.33 	0.00 
35081 	5.27 	2.36 	7.67 	0.00 	7.39 	0.00 
35208 	1.62 	0.71 	2.33 	0.00 	2.25 	0.00 
35224 	0.47 	0.21 	0.68 	0.00 	0.65 	0.00 
35276 	4.86 	2.26 	7.15 	0.00 	6.85 	0.00 
35307 	6.49 	3.07 	9.58 	0.00 	7.60 	0.00 
35341 	2.10 	0.99 	3.11 	0.00 	2.98 	0.00 
35376 	1.44 	0.61 	2.06 	0.00 	2.00 	0.00 
35451 	3.23 	1.40 	4.67 	0.00 	4.50 	0.00 
35466 	4.29 	1.95 	6.25 	0.00 	6.05 	0.00 
35508 	3.79 	1.72 	5.52 	0.00 	5.31 	0.00 
35534 	2.81 	1.22 	4.04 	0.00 	3.89 	0.00 
35541 	2.61 	1.14 	3.74 	0.00 	3.68 	0.00 
35567 	4.59 	2.04 	6.66 	0.00 	6.40 	0.00 
35644 	2.71 	1.17 	3.88 	0.00 	3.77 	0.00 
35649 	4.59 	2.09 	6.72 	0.00 	6.41 	0.00 
35663 	2.32 	1.08 	3.41 	0.00 	3.33 	0.00 
35695 	1.84 	0.80 	2.65 	0.00 	2.56 	0.00 
35706 	5.08 	2.28 	7.41 	0.00 	7.05 	0.00 
35713 	2.45 	1.07 	3.53 	0.00 	3.40 	0.00 
35731 	5.03 	2.33 	7.43 	0.00 	5.88 	0.00 
35921 	5.47 	2.54 	8.00 	0.00 	6.96 	0.00 
35931 	2.52 	1.11 	3.64 	0.00 	3.53 	0.00 
35951 	6.35 	2.91 	9.30 	0.00 	7.98 	0.00 
35966 	1.37 	0.60 	1.98 	0.00 	1.91 	0.00 
36004 	1.85 	0.81 	2.68 	0.00 	2.57 	0.00 
36038 	2.34 	1.02 	3.37 	0.00 	3.29 	0.00 
36075 	5.41 	2.56 	7.96 	0.00 	6.32 	0.00 
36075 	5.59 	2.57 	8.23 	0.00 	7.84 	0.00 
36137 	3.70 	1.69 	5.41 	0.00 	5.27 	0.00 
36182 	2.03 	0.88 	2.91 	0.00 	2.84 	0.00 
36201 	5.49 	2.53 	8.08 	0.00 	6.25 	0.00 
36269 	4.35 	2.02 	6.38 	0.00 	6.17 	0.00 
98 	0.01 	0.00 	0.01 	0.00 	0.01 	0.00 
14564 	0.59 	0.25 	0.84 	0.00 	0.81 	0.00 
36297 	0.41 	0.18 	0.60 	0.00 	0.57 	0.00 
36313 	5.28 	2.46 	7.80 	0.00 	5.92 	0.00 
36327 	2.01 	0.88 	2.90 	0.00 	2.82 	0.00 
36338 	4.92 	2.29 	7.24 	0.00 	6.95 	0.00 
36351 	3.58 	1.56 	5.14 	0.00 	4.96 	0.00 
36361 	3.13 	1.35 	4.48 	0.00 	4.31 	0.00 
3569 	0.41 	0.18 	0.59 	0.00 	0.57 	0.00 
36385 	4.61 	2.17 	6.81 	0.00 	6.58 	0.00 
36405 	4.54 	2.14 	6.70 	0.00 	5.76 	0.00 
36498 	4.26 	1.97 	6.27 	0.00 	5.99 	0.00 
36571 	4.45 	2.01 	6.44 	0.00 	6.27 	0.00 
36677 	5.75 	2.66 	8.51 	0.00 	7.23 	0.00 
36695 	6.75 	3.13 	9.93 	0.00 	7.77 	0.00 
36697 	3.30 	1.52 	4.84 	0.00 	4.71 	0.00 
36714 	5.30 	2.47 	7.81 	0.00 	6.00 	0.00 
36718 	5.28 	2.46 	7.75 	0.00 	5.95 	0.00 
36787 	5.00 	2.24 	7.24 	0.00 	6.97 	0.00 
36790 	4.90 	2.28 	7.23 	0.00 	6.34 	0.00 
36796 	4.69 	2.17 	6.92 	0.00 	6.69 	0.00 
36813 	2.38 	1.05 	3.42 	0.00 	3.33 	0.00 
36850 	4.64 	2.17 	6.80 	0.00 	5.21 	0.00 
36906 	3.56 	1.62 	5.21 	0.00 	5.07 	0.00 
36923 	6.11 	2.83 	8.96 	0.00 	6.99 	0.00 
37005 	5.73 	2.73 	8.49 	0.00 	6.79 	0.00 
37013 	2.09 	0.91 	3.01 	0.00 	2.93 	0.00 
37055 	3.43 	1.60 	5.03 	0.00 	4.91 	0.00 
37060 	0.72 	0.32 	1.03 	0.00 	0.99 	0.00 
37131 	0.60 	0.26 	0.87 	0.00 	0.84 	0.00 
1684 	0.20 	0.09 	0.29 	0.00 	0.28 	0.00 
37135 	3.60 	1.57 	5.20 	0.00 	4.97 	0.00 
37150 	5.81 	2.69 	8.55 	0.00 	6.50 	0.00 
37154 	2.90 	1.33 	4.24 	0.00 	4.11 	0.00 
37160 	2.62 	1.14 	3.77 	0.00 	3.63 	0.00 
37211 	6.30 	2.91 	9.26 	0.00 	6.60 	0.00 
37215 	5.01 	2.24 	7.26 	0.00 	6.94 	0.00 
37261 	5.95 	2.74 	8.74 	0.00 	7.39 	0.00 
37286 	6.23 	2.96 	9.17 	0.00 	7.25 	0.00 
37293 	2.06 	0.90 	2.96 	0.00 	2.87 	0.00 
37351 	5.69 	2.61 	8.34 	0.00 	6.44 	0.00 
37363 	2.09 	0.91 	3.00 	0.00 	2.94 	0.00 
37412 	4.98 	2.28 	7.26 	0.00 	7.02 	0.00 
37454 	5.54 	2.48 	8.02 	0.00 	7.78 	0.00 
37454 	5.36 	2.52 	7.99 	0.00 	5.90 	0.00 
37475 	2.88 	1.26 	4.14 	0.00 	3.99 	0.00 
37506 	2.51 	1.09 	3.63 	0.00 	3.47 	0.00 
37595 	5.78 	2.68 	8.51 	0.00 	6.32 	0.00 
37618 	4.98 	2.25 	7.29 	0.00 	7.02 	0.00 
37715 	5.62 	2.61 	8.28 	0.00 	6.42 	0.00 
37724 	3.53 	1.69 	5.22 	0.00 	3.77 	0.00 
37732 	4.08 	1.76 	5.86 	0.00 	5.62 	0.00 
37753 	6.72 	3.16 	9.94 	0.00 	7.74 	0.00 
37777 	3.86 	1.68 	5.57 	0.00 	5.35 	0.00 
12031 	1.34 	0.58 	1.93 	0.00 	1.87 	0.00 
37819 	4.22 	1.92 	6.18 	0.00 	6.01 	0.00 
37880 	2.66 	1.22 	3.90 	0.00 	3.77 	0.00 
37899 	6.35 	2.92 	9.35 	0.00 	8.90 	0.00 
37927 	6.07 	2.79 	8.91 	0.00 	7.05 	0.00 
38057 	5.78 	2.63 	8.40 	0.00 	8.11 	0.00 
38076 	7.49 	3.46 	10.95 	0.00 	9.28 	0.00 
38091 	2.32 	1.01 	3.32 	0.00 	3.22 	0.00 
6158 	0.66 	0.29 	0.94 	0.00 	0.92 	0.00 
38116 	2.95 	1.30 	4.25 	0.00 	4.08 	0.00 
38148 	6.68 	3.11 	9.82 	0.00 	8.51 	0.00 
38166 	4.81 	2.20 	7.01 	0.00 	6.77 	0.00 
38211 	5.16 	2.35 	7.56 	0.00 	7.23 	0.00 
38219 	5.43 	2.53 	8.06 	0.00 	6.71 	0.00 
38264 	2.85 	1.25 	4.11 	0.00 	3.98 	0.00 
38315 	5.25 	2.42 	7.76 	0.00 	6.22 	0.00 
3307 	0.37 	0.16 	0.53 	0.00 	0.51 	0.00 
38319 	2.33 	1.01 	3.35 	0.00 	3.22 	0.00 
38359 	5.05 	2.31 	7.38 	0.00 	6.29 	0.00 
38412 	3.43 	1.50 	4.92 	0.00 	4.75 	0.00 
11280 	2.13 	0.99 	3.14 	0.00 	2.61 	0.00 
8697 	1.65 	0.76 	2.43 	0.00 	2.05 	0.00 
13260 	2.47 	1.13 	3.60 	0.00 	3.04 	0.00 
38433 	7.40 	3.43 	10.87 	0.00 	8.47 	0.00 
38435 	1.97 	0.87 	2.86 	0.00 	2.76 	0.00 
38540 	6.08 	2.88 	9.01 	0.00 	7.12 	0.00 
11617 	2.17 	1.00 	3.18 	0.00 	2.74 	0.00 
38676 	6.51 	3.05 	9.60 	0.00 	7.68 	0.00 
38694 	3.20 	1.46 	4.67 	0.00 	4.44 	0.00 
38736 	5.63 	2.63 	8.29 	0.00 	8.01 	0.00 
38800 	4.51 	2.06 	6.62 	0.00 	6.31 	0.00 
38811 	5.49 	2.51 	7.99 	0.00 	6.23 	0.00 
38849 	6.47 	3.09 	9.59 	0.00 	7.70 	0.00 
38852 	4.56 	1.97 	6.56 	0.00 	6.30 	0.00 
38878 	5.91 	2.69 	8.63 	0.00 	8.33 	0.00 
38954 	1.62 	0.77 	2.39 	0.00 	2.33 	0.00 
38972 	4.23 	2.01 	6.26 	0.00 	6.10 	0.00 
38973 	5.24 	2.49 	7.75 	0.00 	6.20 	0.00 
39023 	4.90 	2.25 	7.13 	0.00 	5.66 	0.00 
39026 	5.91 	2.76 	8.74 	0.00 	6.74 	0.00 
39155 	5.45 	2.58 	8.07 	0.00 	7.76 	0.00 
15185 	2.33 	1.07 	3.40 	0.00 	2.96 	0.00 
39175 	5.98 	2.69 	8.71 	0.00 	8.42 	0.00 
39183 	2.31 	1.01 	3.34 	0.00 	3.23 	0.00 
39185 	2.07 	0.91 	2.99 	0.00 	2.89 	0.00 
39191 	3.22 	1.41 	4.66 	0.00 	4.50 	0.00 
39261 	4.91 	2.26 	7.22 	0.00 	6.93 	0.00 
16302 	2.98 	1.38 	4.38 	0.00 	3.76 	0.00 
39279 	2.07 	0.91 	3.00 	0.00 	2.89 	0.00 
39284 	5.66 	2.69 	8.34 	0.00 	6.61 	0.00 
39286 	4.54 	2.08 	6.66 	0.00 	6.34 	0.00 
39293 	5.06 	2.26 	7.33 	0.00 	7.05 	0.00 
39353 	7.47 	3.46 	11.00 	0.00 	9.38 	0.00 
39422 	6.77 	3.17 	9.99 	0.00 	7.33 	0.00 
39458 	5.67 	2.69 	8.40 	0.00 	6.77 	0.00 
39521 	5.48 	2.56 	8.09 	0.00 	7.14 	0.00 
39527 	6.02 	2.73 	8.79 	0.00 	8.43 	0.00 
39534 	3.32 	1.46 	4.80 	0.00 	4.65 	0.00 
39536 	6.10 	2.72 	8.83 	0.00 	8.47 	0.00 
39577 	6.28 	2.87 	9.16 	0.00 	7.94 	0.00 
39642 	1.60 	0.69 	2.30 	0.00 	2.21 	0.00 
39688 	4.15 	1.89 	6.07 	0.00 	5.88 	0.00 
39736 	0.89 	0.39 	1.27 	0.00 	1.23 	0.00 
39745 	2.47 	1.08 	3.57 	0.00 	3.46 	0.00 
39992 	1.60 	0.70 	2.31 	0.00 	2.23 	0.00 
39992 	5.25 	2.41 	7.70 	0.00 	7.42 	0.00 
40037 	5.17 	2.45 	7.63 	0.00 	6.20 	0.00 
40082 	6.48 	3.11 	9.65 	0.00 	7.65 	0.00 
40119 	6.83 	3.10 	10.00 	0.00 	9.61 	0.00 
40132 	2.22 	1.02 	3.26 	0.00 	3.15 	0.00 
40166 	5.24 	2.48 	7.74 	0.00 	6.33 	0.00 
40180 	3.11 	1.34 	4.45 	0.00 	4.32 	0.00 
40250 	6.76 	3.10 	9.88 	0.00 	9.59 	0.00 
40295 	5.95 	2.76 	8.75 	0.00 	6.90 	0.00 
40330 	0.97 	0.42 	1.40 	0.00 	1.35 	0.00 
40353 	4.58 	2.09 	6.69 	0.00 	6.42 	0.00 
40361 	6.71 	3.15 	9.95 	0.00 	8.66 	0.00 
40394 	6.34 	2.84 	9.21 	0.00 	8.76 	0.00 
40427 	4.60 	2.16 	6.79 	0.00 	6.57 	0.00 
40458 	6.02 	2.77 	8.83 	0.00 	7.68 	0.00 
40570 	2.16 	0.94 	3.11 	0.00 	3.03 	0.00 
40688 	2.87 	1.31 	4.20 	0.00 	4.07 	0.00 
40741 	3.14 	1.37 	4.52 	0.00 	4.35 	0.00 
40776 	6.50 	3.06 	9.59 	0.00 	7.79 	0.00 
40807 	0.89 	0.39 	1.28 	0.00 	1.23 	0.00 
40867 	2.19 	0.94 	3.13 	0.00 	3.03 	0.00 
15806 	2.46 	1.14 	3.62 	0.00 	3.50 	0.00 
4349 	0.75 	0.35 	1.11 	0.00 	1.06 	0.00 
40887 	5.26 	2.46 	7.74 	0.00 	5.77 	0.00 
7360 	1.30 	0.60 	1.92 	0.00 	1.84 	0.00 
40898 	1.62 	0.70 	2.33 	0.00 	2.27 	0.00 
4800 	0.84 	0.38 	1.22 	0.00 	1.17 	0.00 
40919 	3.42 	1.50 	4.95 	0.00 	4.78 	0.00 
40921 	2.35 	1.07 	3.42 	0.00 	3.35 	0.00 
40931 	2.10 	0.91 	3.01 	0.00 	2.94 	0.00 
40970 	6.39 	2.94 	9.38 	0.00 	7.33 	0.00 
41001 	2.30 	1.01 	3.30 	0.00 	3.21 	0.00 
41050 	4.65 	2.25 	6.91 	0.00 	5.63 	0.00 
41183 	4.40 	2.05 	6.49 	0.00 	6.29 	0.00 
41228 	8.10 	3.82 	11.97 	0.00 	9.43 	0.00 
2483 	0.42 	0.19 	0.62 	0.00 	0.60 	0.00 
16235 	2.84 	1.29 	4.14 	0.00 	4.03 	0.00 
41247 	6.25 	2.86 	9.16 	0.00 	8.87 	0.00 
9848 	1.69 	0.77 	2.45 	0.00 	2.37 	0.00 
41252 	2.16 	0.96 	3.11 	0.00 	3.02 	0.00 
16363 	2.81 	1.29 	4.14 	0.00 	3.97 	0.00 
41258 	6.06 	2.81 	9.00 	0.00 	6.52 	0.00 
41272 	1.94 	0.85 	2.79 	0.00 	2.68 	0.00 
41281 	0.90 	0.39 	1.30 	0.00 	1.26 	0.00 
41285 	5.53 	2.58 	8.16 	0.00 	6.38 	0.00 
41299 	0.91 	0.40 	1.31 	0.00 	1.27 	0.00 
13979 	0.26 	0.12 	0.38 	0.00 	0.36 	0.00 
16781 	3.14 	1.46 	4.61 	0.00 	4.00 	0.00 
41303 	2.51 	1.10 	3.63 	0.00 	3.53 	0.00 
16434 	2.39 	1.11 	3.51 	0.00 	3.39 	0.00 
41369 	3.93 	1.71 	5.68 	0.00 	5.44 	0.00 
14162 	2.38 	1.09 	3.48 	0.00 	3.35 	0.00 
41522 	4.34 	1.99 	6.34 	0.00 	6.18 	0.00 
7888 	1.46 	0.67 	2.16 	0.00 	1.86 	0.00 
41624 	6.41 	3.00 	9.43 	0.00 	8.29 	0.00 
41710 	6.60 	3.13 	9.78 	0.00 	7.54 	0.00 
41725 	4.11 	1.94 	6.07 	0.00 	5.82 	0.00 
41732 	2.00 	0.88 	2.88 	0.00 	2.79 	0.00 
41756 	6.59 	3.05 	9.74 	0.00 	8.23 	0.00 
18156 	3.36 	1.56 	4.93 	0.00 	4.29 	0.00 
41769 	6.18 	2.85 	9.04 	0.00 	7.24 	0.00 
11435 	2.16 	0.99 	3.16 	0.00 	2.73 	0.00 
19054 	3.11 	1.42 	4.55 	0.00 	4.42 	0.00 
41781 	3.52 	1.54 	5.08 	0.00 	4.87 	0.00 
41790 	5.48 	2.57 	8.08 	0.00 	7.01 	0.00 
41805 	1.78 	0.79 	2.57 	0.00 	2.50 	0.00 
8372 	1.39 	0.64 	2.03 	0.00 	1.98 	0.00 
7877 	1.34 	0.62 	1.96 	0.00 	1.89 	0.00 
41849 	7.21 	3.39 	10.64 	0.00 	7.92 	0.00 
41937 	3.79 	1.76 	5.62 	0.00 	5.41 	0.00 
42008 	2.33 	1.01 	3.35 	0.00 	3.23 	0.00 
42013 	1.57 	0.69 	2.27 	0.00 	2.17 	0.00 
42034 	4.86 	2.26 	7.16 	0.00 	6.84 	0.00 
42040 	1.09 	0.47 	1.57 	0.00 	1.52 	0.00 
42071 	4.78 	2.19 	6.99 	0.00 	5.56 	0.00 
42120 	4.48 	1.96 	6.45 	0.00 	6.19 	0.00 
14008 	2.62 	1.22 	3.87 	0.00 	3.31 	0.00 
174 	0.03 	0.01 	0.05 	0.00 	0.04 	0.00 
42268 	5.11 	2.36 	7.49 	0.00 	5.99 	0.00 
42314 	4.27 	1.87 	6.17 	0.00 	5.92 	0.00 
42338 	4.68 	2.15 	6.89 	0.00 	6.67 	0.00 
42355 	5.85 	2.73 	8.63 	0.00 	7.40 	0.00 
42388 	5.60 	2.57 	8.19 	0.00 	7.87 	0.00 
42444 	1.72 	0.75 	2.49 	0.00 	2.41 	0.00 
42497 	6.68 	3.11 	9.84 	0.00 	7.83 	0.00 
42611 	5.98 	2.75 	8.79 	0.00 	6.88 	0.00 
42626 	0.90 	0.39 	1.30 	0.00 	1.25 	0.00 
42626 	1.98 	0.87 	2.85 	0.00 	2.77 	0.00 
42668 	1.97 	0.88 	2.84 	0.00 	2.74 	0.00 
42747 	5.52 	2.62 	8.16 	0.00 	6.56 	0.00 
42756 	6.24 	3.00 	9.26 	0.00 	7.59 	0.00 
42808 	6.54 	2.93 	9.51 	0.00 	9.22 	0.00 
42825 	1.87 	0.82 	2.69 	0.00 	2.59 	0.00 
42836 	1.41 	0.61 	2.02 	0.00 	1.94 	0.00 
42882 	3.60 	1.70 	5.31 	0.00 	5.17 	0.00 
42931 	4.22 	1.98 	6.25 	0.00 	6.01 	0.00 
1211 	0.23 	0.11 	0.35 	0.00 	0.29 	0.00 
17632 	2.17 	1.01 	3.20 	0.00 	2.74 	0.00 
43046 	1.02 	0.44 	1.47 	0.00 	1.43 	0.00 
2364 	0.46 	0.22 	0.68 	0.00 	0.58 	0.00 
2789 	0.49 	0.22 	0.72 	0.00 	0.68 	0.00 
43065 	5.39 	2.48 	7.90 	0.00 	7.71 	0.00 
43079 	2.41 	1.07 	3.48 	0.00 	3.35 	0.00 
46 	0.01 	0.00 	0.01 	0.00 	0.01 	0.00 
43109 	1.84 	0.81 	2.64 	0.00 	2.55 	0.00 
7702 	1.39 	0.63 	2.03 	0.00 	1.95 	0.00 
43206 	4.05 	1.86 	5.95 	0.00 	5.80 	0.00 
3445 	0.61 	0.28 	0.89 	0.00 	0.86 	0.00 
9598 	1.66 	0.76 	2.44 	0.00 	2.36 	0.00 
8723 	1.46 	0.67 	2.13 	0.00 	2.06 	0.00 
1303 	0.23 	0.11 	0.34 	0.00 	0.32 	0.00 
43215 	4.86 	2.25 	7.16 	0.00 	6.90 	0.00 
43229 	8.10 	3.73 	11.87 	0.00 	9.26 	0.00 
3052 	0.62 	0.29 	0.91 	0.00 	0.77 	0.00 
43237 	5.97 	2.70 	8.71 	0.00 	8.28 	0.00 
43289 	5.55 	2.49 	8.09 	0.00 	6.44 	0.00 
43295 	1.73 	0.76 	2.49 	0.00 	2.41 	0.00 
43406 	7.67 	3.50 	11.21 	0.00 	10.68 	0.00 
43445 	3.24 	1.41 	4.66 	0.00 	4.49 	0.00 
43585 	3.45 	1.55 	5.01 	0.00 	3.80 	0.00 
43592 	6.99 	3.28 	10.26 	0.00 	7.76 	0.00 
43597 	4.96 	2.29 	7.28 	0.00 	7.08 	0.00 
43609 	1.62 	0.71 	2.34 	0.00 	2.27 	0.00 
5306 	0.88 	0.41 	1.29 	0.00 	1.11 	0.00 
43617 	6.32 	2.92 	9.30 	0.00 	9.03 	0.00 
43698 	6.29 	2.80 	9.12 	0.00 	8.77 	0.00 
43700 	4.44 	1.93 	6.41 	0.00 	6.15 	0.00 
43738 	3.43 	1.57 	5.01 	0.00 	4.91 	0.00 
43804 	1.72 	0.75 	2.46 	0.00 	2.38 	0.00 
43850 	3.56 	1.69 	5.30 	0.00 	5.16 	0.00 
43882 	5.26 	2.44 	7.76 	0.00 	7.48 	0.00 
43901 	5.83 	2.75 	8.65 	0.00 	7.02 	0.00 
15972 	2.68 	1.23 	3.92 	0.00 	3.80 	0.00 
43909 	2.26 	1.00 	3.29 	0.00 	3.14 	0.00 
11647 	2.01 	0.91 	2.95 	0.00 	2.81 	0.00 
6731 	1.16 	0.53 	1.69 	0.00 	1.62 	0.00 
43931 	4.28 	1.95 	6.26 	0.00 	6.04 	0.00 
43937 	2.96 	1.29 	4.25 	0.00 	4.11 	0.00 
43953 	4.43 	1.95 	6.42 	0.00 	6.14 	0.00 
9474 	1.64 	0.75 	2.39 	0.00 	2.30 	0.00 
43953 	5.55 	2.64 	8.28 	0.00 	6.63 	0.00 
43974 	3.80 	1.73 	5.55 	0.00 	5.30 	0.00 
44021 	5.05 	2.38 	7.48 	0.00 	7.22 	0.00 
9076 	1.57 	0.72 	2.31 	0.00 	2.20 	0.00 
7182 	1.25 	0.57 	1.83 	0.00 	1.75 	0.00 
44067 	3.93 	1.80 	5.74 	0.00 	5.48 	0.00 
4700 	0.82 	0.37 	1.21 	0.00 	1.16 	0.00 
15771 	2.75 	1.25 	4.02 	0.00 	3.83 	0.00 
44086 	4.18 	1.98 	6.18 	0.00 	5.99 	0.00 
44118 	1.87 	0.82 	2.70 	0.00 	2.60 	0.00 
44129 	4.51 	2.07 	6.60 	0.00 	6.42 	0.00 
5994 	1.16 	0.54 	1.71 	0.00 	1.45 	0.00 
44176 	2.53 	1.11 	3.64 	0.00 	3.53 	0.00 
34 	0.01 	0.00 	0.01 	0.00 	0.01 	0.00 
44185 	4.28 	1.95 	6.27 	0.00 	6.05 	0.00 
44270 	6.15 	2.90 	9.09 	0.00 	7.32 	0.00 
13782 	2.41 	1.10 	3.52 	0.00 	3.38 	0.00 
44294 	4.66 	2.14 	6.83 	0.00 	6.56 	0.00 
44333 	3.24 	1.43 	4.66 	0.00 	4.51 	0.00 
44367 	4.45 	2.03 	6.50 	0.00 	6.23 	0.00 
17942 	2.07 	0.96 	3.06 	0.00 	2.91 	0.00 
44449 	6.25 	2.80 	9.08 	0.00 	8.70 	0.00 
18140 	2.96 	1.36 	4.34 	0.00 	4.21 	0.00 
44500 	2.93 	1.37 	4.31 	0.00 	4.16 	0.00 
5176 	0.90 	0.42 	1.33 	0.00 	1.26 	0.00 
2526 	0.50 	0.23 	0.73 	0.00 	0.62 	0.00 
18691 	3.08 	1.42 	4.52 	0.00 	4.37 	0.00 
44504 	2.24 	0.98 	3.23 	0.00 	3.13 	0.00 
44530 	6.85 	3.27 	10.14 	0.00 	8.17 	0.00 
44599 	5.92 	2.71 	8.66 	0.00 	6.96 	0.00 
14092 	2.63 	1.21 	3.86 	0.00 	3.30 	0.00 
44600 	1.99 	0.88 	2.87 	0.00 	2.77 	0.00 
44626 	6.22 	2.88 	9.11 	0.00 	8.81 	0.00 
11981 	2.23 	1.03 	3.29 	0.00 	2.83 	0.00 
44659 	5.74 	2.77 	8.53 	0.00 	6.11 	0.00 
44670 	5.15 	2.43 	7.62 	0.00 	7.35 	0.00 
44735 	7.62 	3.64 	11.28 	0.00 	9.17 	0.00 
44739 	5.98 	2.68 	8.73 	0.00 	8.45 	0.00 
11854 	1.75 	0.81 	2.58 	0.00 	2.24 	0.00 
320 	0.06 	0.03 	0.09 	0.00 	0.07 	0.00 
44745 	3.60 	1.64 	5.26 	0.00 	5.14 	0.00 
9480 	1.80 	0.83 	2.63 	0.00 	2.24 	0.00 
3136 	0.53 	0.24 	0.77 	0.00 	0.74 	0.00 
44749 	6.26 	3.01 	9.33 	0.00 	7.53 	0.00 
9134 	1.67 	0.77 	2.45 	0.00 	2.12 	0.00 
44751 	5.79 	2.60 	8.43 	0.00 	8.15 	0.00 
44807 	4.35 	1.91 	6.28 	0.00 	6.07 	0.00 
44827 	3.49 	1.51 	5.01 	0.00 	4.87 	0.00 
8746 	1.65 	0.76 	2.43 	0.00 	2.03 	0.00 
16159 	3.06 	1.42 	4.51 	0.00 	3.82 	0.00 
6925 	1.32 	0.61 	1.95 	0.00 	1.66 	0.00 
44834 	3.25 	1.41 	4.68 	0.00 	4.53 	0.00 
10740 	2.07 	0.96 	3.03 	0.00 	2.57 	0.00 
44856 	6.30 	2.93 	9.23 	0.00 	9.03 	0.00 
44895 	4.53 	2.07 	6.64 	0.00 	6.39 	0.00 
11578 	2.16 	1.00 	3.19 	0.00 	2.74 	0.00 
44938 	1.78 	0.77 	2.56 	0.00 	2.47 	0.00 
44993 	2.70 	1.17 	3.88 	0.00 	3.77 	0.00 
45002 	6.32 	2.90 	9.26 	0.00 	8.90 	0.00 
15623 	2.90 	1.34 	4.25 	0.00 	3.62 	0.00 
45116 	6.16 	2.83 	9.06 	0.00 	7.15 	0.00 
45228 	5.66 	2.62 	8.38 	0.00 	7.95 	0.00 
8805 	1.64 	0.76 	2.42 	0.00 	2.06 	0.00 
4010 	0.75 	0.35 	1.11 	0.00 	0.96 	0.00 
45236 	6.48 	3.05 	9.54 	0.00 	7.21 	0.00 
45271 	4.49 	1.97 	6.46 	0.00 	6.22 	0.00 
13 	0.00 	0.00 	0.00 	0.00 	0.00 	0.00 
72 	0.01 	0.01 	0.02 	0.00 	0.02 	0.00 
9927 	1.98 	0.93 	2.92 	0.00 	2.46 	0.00 
1957 	0.39 	0.18 	0.57 	0.00 	0.48 	0.00 
45290 	6.67 	3.10 	9.78 	0.00 	7.61 	0.00 
45307 	8.13 	3.77 	11.88 	0.00 	9.11 	0.00 
19761 	3.83 	1.79 	5.65 	0.00 	4.84 	0.00 
12998 	2.54 	1.17 	3.71 	0.00 	3.13 	0.00 
11002 	2.15 	0.99 	3.16 	0.00 	2.67 	0.00 
45332 	5.53 	2.47 	8.01 	0.00 	7.73 	0.00 
45387 	5.58 	2.59 	8.21 	0.00 	6.36 	0.00 
168 	0.03 	0.01 	0.04 	0.00 	0.04 	0.00 
5824 	1.11 	0.51 	1.63 	0.00 	1.41 	0.00 
45404 	6.23 	2.81 	9.08 	0.00 	8.68 	0.00 
14247 	2.44 	1.12 	3.60 	0.00 	3.43 	0.00 
3376 	0.64 	0.29 	0.93 	0.00 	0.80 	0.00 
45408 	7.13 	3.29 	10.47 	0.00 	8.75 	0.00 
45462 	5.88 	2.75 	8.70 	0.00 	8.40 	0.00 
15515 	2.99 	1.37 	4.37 	0.00 	3.67 	0.00 
18221 	2.68 	1.24 	3.92 	0.00 	3.37 	0.00 
45470 	2.98 	1.28 	4.26 	0.00 	4.14 	0.00 
6513 	1.26 	0.58 	1.85 	0.00 	1.58 	0.00 
45503 	3.25 	1.40 	4.66 	0.00 	4.49 	0.00 
4322 	0.77 	0.35 	1.12 	0.00 	1.07 	0.00 
3240 	0.58 	0.27 	0.85 	0.00 	0.81 	0.00 
8667 	1.52 	0.70 	2.23 	0.00 	2.14 	0.00 
45657 	2.81 	1.22 	4.05 	0.00 	3.92 	0.00 
42 	0.01 	0.00 	0.01 	0.00 	0.01 	0.00 
14663 	2.07 	0.94 	3.04 	0.00 	2.91 	0.00 
45696 	0.69 	0.33 	1.03 	0.00 	0.98 	0.00 
45700 	6.18 	2.79 	9.01 	0.00 	8.69 	0.00 
7345 	1.38 	0.63 	2.02 	0.00 	1.72 	0.00 
15544 	2.89 	1.33 	4.25 	0.00 	3.65 	0.00 
5677 	1.04 	0.49 	1.53 	0.00 	1.32 	0.00 
45776 	4.17 	1.90 	6.09 	0.00 	5.91 	0.00 
45800 	4.11 	1.78 	5.91 	0.00 	5.74 	0.00 
1129 	0.21 	0.10 	0.31 	0.00 	0.27 	0.00 
15219 	2.65 	1.22 	3.89 	0.00 	3.75 	0.00 
45814 	4.41 	2.07 	6.51 	0.00 	6.30 	0.00 
45887 	2.45 	1.12 	3.60 	0.00 	3.47 	0.00 
3059 	0.54 	0.25 	0.79 	0.00 	0.76 	0.00 
10428 	1.85 	0.84 	2.70 	0.00 	2.58 	0.00 
45889 	6.61 	2.99 	9.62 	0.00 	9.27 	0.00 
7086 	1.38 	0.63 	2.02 	0.00 	1.73 	0.00 
2654 	0.46 	0.21 	0.68 	0.00 	0.65 	0.00 
9270 	1.58 	0.72 	2.32 	0.00 	2.22 	0.00 
7123 	1.23 	0.56 	1.80 	0.00 	1.73 	0.00 
163 	0.03 	0.02 	0.05 	0.00 	0.04 	0.00 
15227 	2.63 	1.22 	3.84 	0.00 	3.71 	0.00 
45924 	2.21 	0.98 	3.20 	0.00 	3.09 	0.00 
45940 	3.10 	1.36 	4.47 	0.00 	4.32 	0.00 
45948 	4.91 	2.24 	7.20 	0.00 	6.92 	0.00 
228 	0.05 	0.02 	0.07 	0.00 	0.06 	0.00 
45992 	3.99 	1.84 	5.86 	0.00 	5.70 	0.00 
8398 	1.57 	0.73 	2.31 	0.00 	1.98 	0.00 
11503 	2.11 	0.97 	3.09 	0.00 	2.69 	0.00 
45996 	7.13 	3.18 	10.32 	0.00 	10.03 	0.00 
7636 	1.44 	0.67 	2.13 	0.00 	1.81 	0.00 
46030 	6.40 	2.87 	9.31 	0.00 	8.90 	0.00 
1 	0.00 	0.00 	0.00 	0.00 	0.00 	0.00 
46047 	7.77 	3.66 	11.50 	0.00 	8.58 	0.00 
46114 	7.42 	3.49 	10.97 	0.00 	8.55 	0.00 
46207 	6.43 	2.97 	9.44 	0.00 	7.16 	0.00 
6 	0.00 	0.00 	0.00 	0.00 	0.00 	0.00 
46212 	5.24 	2.49 	7.74 	0.00 	7.56 	0.00 
46222 	1.90 	0.82 	2.74 	0.00 	2.65 	0.00 
46338 	5.31 	2.41 	7.79 	0.00 	7.50 	0.00 
12140 	2.46 	1.15 	3.65 	0.00 	3.07 	0.00 
46353 	4.42 	2.00 	6.47 	0.00 	6.26 	0.00 
46359 	5.67 	2.62 	8.38 	0.00 	8.02 	0.00 
46375 	2.59 	1.18 	3.79 	0.00 	3.66 	0.00 
14622 	1.71 	0.79 	2.51 	0.00 	2.40 	0.00 
46396 	2.49 	1.09 	3.59 	0.00 	3.47 	0.00 
46464 	3.36 	1.53 	4.91 	0.00 	4.79 	0.00 
46505 	4.61 	2.19 	6.84 	0.00 	6.57 	0.00 
46526 	2.99 	1.30 	4.31 	0.00 	4.18 	0.00 
46544 	6.37 	2.86 	9.27 	0.00 	8.88 	0.00 
46545 	2.20 	0.96 	3.17 	0.00 	3.06 	0.00 
2 	0.00 	0.00 	0.00 	0.00 	0.00 	0.00 
9533 	1.84 	0.85 	2.70 	0.00 	2.29 	0.00 
46555 	3.96 	1.80 	5.81 	0.00 	5.59 	0.00 
40 	0.01 	0.00 	0.01 	0.00 	0.01 	0.00 
5 	0.00 	0.00 	0.00 	0.00 	0.00 	0.00 
19336 	3.88 	1.82 	5.72 	0.00 	4.81 	0.00 
11973 	2.37 	1.09 	3.48 	0.00 	2.94 	0.00 
46567 	5.74 	2.69 	8.47 	0.00 	8.11 	0.00 
12106 	2.37 	1.10 	3.47 	0.00 	2.98 	0.00 
15371 	2.21 	1.03 	3.27 	0.00 	2.79 	0.00 
46639 	7.31 	3.44 	10.78 	0.00 	8.33 	0.00 
46669 	4.26 	1.94 	6.24 	0.00 	5.99 	0.00 
46690 	2.11 	0.95 	3.09 	0.00 	2.95 	0.00 
4479 	0.88 	0.41 	1.30 	0.00 	1.10 	0.00 
46778 	4.13 	1.88 	6.05 	0.00 	5.88 	0.00 
46794 	6.02 	2.77 	8.81 	0.00 	8.44 	0.00 
11301 	2.20 	1.03 	3.25 	0.00 	2.73 	0.00 
46836 	5.03 	2.29 	7.35 	0.00 	7.06 	0.00 
12278 	2.52 	1.17 	3.72 	0.00 	3.09 	0.00 
46839 	7.33 	3.43 	10.83 	0.00 	8.41 	0.00 
16527 	2.47 	1.12 	3.60 	0.00 	3.43 	0.00 
46957 	5.70 	2.73 	8.50 	0.00 	6.87 	0.00 
47098 	1.98 	0.87 	2.86 	0.00 	2.78 	0.00 
47108 	2.67 	1.16 	3.85 	0.00 	3.75 	0.00 
47182 	5.72 	2.68 	8.45 	0.00 	7.23 	0.00 
47261 	3.00 	1.33 	4.34 	0.00 	4.21 	0.00 
47454 	3.05 	1.34 	4.41 	0.00 	4.28 	0.00 
47454 	2.35 	1.01 	3.35 	0.00 	3.23 	0.00 
47584 	1.51 	0.66 	2.18 	0.00 	2.11 	0.00 
18093 	0.95 	0.44 	1.40 	0.00 	1.34 	0.00 
48 	0.01 	0.00 	0.01 	0.00 	0.01 	0.00 
47650 	8.65 	4.01 	12.74 	0.00 	10.07 	0.00 
47735 	1.82 	0.80 	2.62 	0.00 	2.55 	0.00 
47842 	3.91 	1.84 	5.79 	0.00 	5.59 	0.00 
47867 	5.58 	2.60 	8.16 	0.00 	6.53 	0.00 
47876 	5.63 	2.56 	8.24 	0.00 	7.91 	0.00 
14118 	2.53 	1.15 	3.72 	0.00 	3.56 	0.00 
47916 	4.43 	1.94 	6.40 	0.00 	6.15 	0.00 
708 	0.11 	0.05 	0.16 	0.00 	0.15 	0.00 
6343 	1.09 	0.50 	1.60 	0.00 	1.34 	0.00 
2549 	0.35 	0.16 	0.51 	0.00 	0.49 	0.00 
17697 	1.43 	0.65 	2.09 	0.00 	2.02 	0.00 
2788 	0.43 	0.19 	0.62 	0.00 	0.60 	0.00 
1465 	0.22 	0.10 	0.32 	0.00 	0.31 	0.00 
3835 	0.56 	0.25 	0.81 	0.00 	0.78 	0.00 
4621 	0.79 	0.36 	1.16 	0.00 	0.98 	0.00 
19138 	2.15 	0.97 	3.13 	0.00 	3.02 	0.00 
10438 	1.53 	0.69 	2.22 	0.00 	2.16 	0.00 
17685 	1.96 	0.88 	2.86 	0.00 	2.75 	0.00 
6784 	1.03 	0.47 	1.49 	0.00 	1.44 	0.00 
47951 	4.00 	1.90 	5.94 	0.00 	5.76 	0.00 
2246 	0.33 	0.15 	0.48 	0.00 	0.47 	0.00 
48000 	4.47 	2.03 	6.53 	0.00 	6.28 	0.00 
17579 	2.28 	1.02 	3.30 	0.00 	3.18 	0.00 
6385 	1.08 	0.50 	1.59 	0.00 	1.35 	0.00 
48135 	7.10 	3.28 	10.40 	0.00 	8.35 	0.00 
3105 	0.55 	0.25 	0.80 	0.00 	0.68 	0.00 
6526 	0.96 	0.43 	1.40 	0.00 	1.35 	0.00 
7951 	1.39 	0.63 	2.03 	0.00 	1.70 	0.00 
1669 	0.30 	0.14 	0.43 	0.00 	0.36 	0.00 
845 	0.14 	0.06 	0.20 	0.00 	0.18 	0.00 
5089 	0.87 	0.40 	1.27 	0.00 	1.08 	0.00 
1189 	0.20 	0.09 	0.29 	0.00 	0.25 	0.00 
896 	0.15 	0.07 	0.22 	0.00 	0.19 	0.00 
1009 	0.17 	0.07 	0.24 	0.00 	0.21 	0.00 
1120 	0.19 	0.08 	0.27 	0.00 	0.23 	0.00 
1985 	0.33 	0.15 	0.48 	0.00 	0.41 	0.00 
838 	0.14 	0.06 	0.20 	0.00 	0.17 	0.00 
1077 	0.18 	0.08 	0.26 	0.00 	0.22 	0.00 
754 	0.12 	0.06 	0.18 	0.00 	0.15 	0.00 
1142 	0.19 	0.09 	0.27 	0.00 	0.24 	0.00 
586 	0.10 	0.05 	0.14 	0.00 	0.12 	0.00 
5102 	0.62 	0.28 	0.90 	0.00 	0.87 	0.00 
3241 	0.53 	0.24 	0.77 	0.00 	0.67 	0.00 
1245 	0.16 	0.07 	0.23 	0.00 	0.22 	0.00 
1127 	0.19 	0.09 	0.28 	0.00 	0.23 	0.00 
1538 	0.26 	0.12 	0.38 	0.00 	0.32 	0.00 
1252 	0.22 	0.10 	0.31 	0.00 	0.27 	0.00 
619 	0.10 	0.05 	0.15 	0.00 	0.13 	0.00 
3659 	0.62 	0.28 	0.90 	0.00 	0.76 	0.00 
9361 	1.56 	0.71 	2.28 	0.00 	1.93 	0.00 
7589 	1.26 	0.57 	1.85 	0.00 	1.57 	0.00 
1579 	0.27 	0.12 	0.39 	0.00 	0.33 	0.00 
11871 	1.42 	0.64 	2.07 	0.00 	1.75 	0.00 
4818 	0.79 	0.36 	1.16 	0.00 	1.00 	0.00 
1657 	0.28 	0.13 	0.40 	0.00 	0.35 	0.00 
1347 	0.23 	0.11 	0.34 	0.00 	0.29 	0.00 
790 	0.13 	0.06 	0.19 	0.00 	0.16 	0.00 
51 	0.01 	0.00 	0.01 	0.00 	0.01 	0.00 
1024 	0.17 	0.08 	0.25 	0.00 	0.22 	0.00 
233 	0.04 	0.02 	0.06 	0.00 	0.05 	0.00 
1182 	0.20 	0.09 	0.29 	0.00 	0.24 	0.00 
1703 	0.28 	0.13 	0.41 	0.00 	0.36 	0.00 
736 	0.12 	0.05 	0.18 	0.00 	0.15 	0.00 
18785 	1.05 	0.48 	1.54 	0.00 	1.50 	0.00 
597 	0.10 	0.04 	0.15 	0.00 	0.12 	0.00 
1795 	0.29 	0.13 	0.43 	0.00 	0.36 	0.00 
759 	0.13 	0.06 	0.18 	0.00 	0.16 	0.00 
1458 	0.25 	0.11 	0.36 	0.00 	0.31 	0.00 
606 	0.10 	0.05 	0.15 	0.00 	0.12 	0.00 
1169 	0.19 	0.09 	0.28 	0.00 	0.24 	0.00 
447 	0.07 	0.03 	0.10 	0.00 	0.09 	0.00 
3928 	0.59 	0.27 	0.87 	0.00 	0.83 	0.00 
549 	0.08 	0.04 	0.12 	0.00 	0.12 	0.00 
26 	0.00 	0.00 	0.01 	0.00 	0.01 	0.00 
2057 	0.34 	0.16 	0.50 	0.00 	0.43 	0.00 
1390 	0.20 	0.09 	0.29 	0.00 	0.28 	0.00 
2223 	0.33 	0.15 	0.47 	0.00 	0.46 	0.00 
2909 	0.49 	0.22 	0.71 	0.00 	0.61 	0.00 
48172 	6.18 	2.84 	9.04 	0.00 	7.16 	0.00 
8580 	0.95 	0.42 	1.37 	0.00 	1.32 	0.00 
5795 	0.73 	0.33 	1.06 	0.00 	1.03 	0.00 
1922 	0.28 	0.13 	0.41 	0.00 	0.40 	0.00 
1070 	0.18 	0.08 	0.26 	0.00 	0.22 	0.00 
6 	0.00 	0.00 	0.00 	0.00 	0.00 	0.00 
2022 	0.34 	0.15 	0.49 	0.00 	0.42 	0.00 
729 	0.09 	0.04 	0.13 	0.00 	0.13 	0.00 
2567 	0.43 	0.19 	0.63 	0.00 	0.54 	0.00 
1285 	0.19 	0.09 	0.28 	0.00 	0.26 	0.00 
748 	0.13 	0.06 	0.19 	0.00 	0.16 	0.00 
4716 	0.75 	0.34 	1.11 	0.00 	0.93 	0.00 
1574 	0.23 	0.11 	0.34 	0.00 	0.33 	0.00 
1554 	0.26 	0.12 	0.38 	0.00 	0.32 	0.00 
626 	0.11 	0.05 	0.15 	0.00 	0.13 	0.00 
1347 	0.22 	0.10 	0.33 	0.00 	0.28 	0.00 
2283 	0.28 	0.12 	0.40 	0.00 	0.39 	0.00 
10300 	0.79 	0.36 	1.16 	0.00 	1.13 	0.00 
676 	0.12 	0.05 	0.17 	0.00 	0.14 	0.00 
758 	0.13 	0.06 	0.19 	0.00 	0.16 	0.00 
363 	0.06 	0.03 	0.09 	0.00 	0.07 	0.00 
1248 	0.21 	0.10 	0.31 	0.00 	0.26 	0.00 
615 	0.10 	0.05 	0.15 	0.00 	0.13 	0.00 
3175 	0.53 	0.24 	0.78 	0.00 	0.65 	0.00 
1252 	0.21 	0.09 	0.30 	0.00 	0.25 	0.00 
1079 	0.18 	0.08 	0.26 	0.00 	0.22 	0.00 
1716 	0.29 	0.13 	0.42 	0.00 	0.35 	0.00 
1127 	0.19 	0.09 	0.28 	0.00 	0.23 	0.00 
4608 	0.76 	0.35 	1.11 	0.00 	0.96 	0.00 
2706 	0.47 	0.21 	0.68 	0.00 	0.57 	0.00 
2959 	0.49 	0.22 	0.71 	0.00 	0.61 	0.00 
14648 	0.91 	0.41 	1.32 	0.00 	1.29 	0.00 
1091 	0.13 	0.06 	0.20 	0.00 	0.19 	0.00 
1101 	0.18 	0.08 	0.27 	0.00 	0.23 	0.00 
2624 	0.43 	0.20 	0.63 	0.00 	0.53 	0.00 
1213 	0.20 	0.09 	0.30 	0.00 	0.26 	0.00 
824 	0.13 	0.06 	0.20 	0.00 	0.17 	0.00 
516 	0.08 	0.04 	0.12 	0.00 	0.10 	0.00 
640 	0.08 	0.04 	0.11 	0.00 	0.11 	0.00 
1178 	0.20 	0.09 	0.29 	0.00 	0.24 	0.00 
3093 	0.53 	0.24 	0.77 	0.00 	0.65 	0.00 
2706 	0.45 	0.20 	0.65 	0.00 	0.56 	0.00 
863 	0.15 	0.07 	0.21 	0.00 	0.18 	0.00 
1521 	0.26 	0.12 	0.38 	0.00 	0.32 	0.00 
15026 	1.30 	0.59 	1.90 	0.00 	1.84 	0.00 
785 	0.13 	0.06 	0.19 	0.00 	0.16 	0.00 
1330 	0.22 	0.10 	0.33 	0.00 	0.27 	0.00 
703 	0.11 	0.05 	0.17 	0.00 	0.14 	0.00 
445 	0.07 	0.03 	0.11 	0.00 	0.09 	0.00 
688 	0.11 	0.05 	0.17 	0.00 	0.14 	0.00 
1618 	0.28 	0.13 	0.41 	0.00 	0.34 	0.00 
1492 	0.25 	0.11 	0.36 	0.00 	0.31 	0.00 
951 	0.16 	0.07 	0.23 	0.00 	0.20 	0.00 
753 	0.12 	0.06 	0.18 	0.00 	0.15 	0.00 
1251 	0.21 	0.09 	0.30 	0.00 	0.26 	0.00 
2022 	0.25 	0.11 	0.37 	0.00 	0.36 	0.00 
472 	0.08 	0.04 	0.11 	0.00 	0.10 	0.00 
1009 	0.17 	0.08 	0.25 	0.00 	0.21 	0.00 
239 	0.04 	0.02 	0.06 	0.00 	0.05 	0.00 
450 	0.06 	0.03 	0.09 	0.00 	0.08 	0.00 
467 	0.08 	0.04 	0.11 	0.00 	0.10 	0.00 
1170 	0.20 	0.09 	0.29 	0.00 	0.25 	0.00 
1202 	0.20 	0.09 	0.29 	0.00 	0.25 	0.00 
527 	0.09 	0.04 	0.13 	0.00 	0.11 	0.00 
1876 	0.24 	0.11 	0.34 	0.00 	0.33 	0.00 
48223 	6.52 	3.01 	9.59 	0.00 	7.65 	0.00 
773 	0.09 	0.04 	0.13 	0.00 	0.13 	0.00 
9925 	0.66 	0.30 	0.96 	0.00 	0.93 	0.00 
540 	0.09 	0.04 	0.13 	0.00 	0.11 	0.00 
1246 	0.20 	0.09 	0.29 	0.00 	0.25 	0.00 
1615 	0.27 	0.12 	0.39 	0.00 	0.33 	0.00 
311 	0.05 	0.02 	0.08 	0.00 	0.06 	0.00 
1285 	0.21 	0.10 	0.31 	0.00 	0.26 	0.00 
922 	0.16 	0.07 	0.23 	0.00 	0.19 	0.00 
820 	0.14 	0.06 	0.20 	0.00 	0.17 	0.00 
608 	0.10 	0.05 	0.15 	0.00 	0.12 	0.00 
18770 	0.92 	0.42 	1.34 	0.00 	1.29 	0.00 
5213 	0.62 	0.29 	0.91 	0.00 	0.89 	0.00 
48248 	1.85 	0.81 	2.66 	0.00 	2.58 	0.00 
859 	0.11 	0.05 	0.15 	0.00 	0.15 	0.00 
926 	0.15 	0.07 	0.23 	0.00 	0.19 	0.00 
781 	0.13 	0.06 	0.19 	0.00 	0.16 	0.00 
7654 	1.29 	0.58 	1.87 	0.00 	1.58 	0.00 
1035 	0.17 	0.08 	0.26 	0.00 	0.21 	0.00 
2572 	0.44 	0.20 	0.64 	0.00 	0.53 	0.00 
692 	0.11 	0.05 	0.17 	0.00 	0.14 	0.00 
1209 	0.20 	0.09 	0.30 	0.00 	0.25 	0.00 
495 	0.08 	0.04 	0.12 	0.00 	0.10 	0.00 
1820 	0.30 	0.14 	0.44 	0.00 	0.37 	0.00 
644 	0.11 	0.05 	0.16 	0.00 	0.13 	0.00 
6786 	0.50 	0.23 	0.73 	0.00 	0.70 	0.00 
1238 	0.21 	0.09 	0.30 	0.00 	0.26 	0.00 
3481 	0.59 	0.27 	0.85 	0.00 	0.73 	0.00 
1158 	0.19 	0.09 	0.28 	0.00 	0.24 	0.00 
976 	0.16 	0.07 	0.24 	0.00 	0.20 	0.00 
1819 	0.30 	0.14 	0.44 	0.00 	0.38 	0.00 
1513 	0.26 	0.12 	0.38 	0.00 	0.32 	0.00 
4610 	0.54 	0.24 	0.79 	0.00 	0.76 	0.00 
933 	0.15 	0.07 	0.22 	0.00 	0.19 	0.00 
1100 	0.14 	0.06 	0.20 	0.00 	0.19 	0.00 
924 	0.15 	0.07 	0.22 	0.00 	0.19 	0.00 
864 	0.14 	0.07 	0.21 	0.00 	0.18 	0.00 
1711 	0.29 	0.13 	0.42 	0.00 	0.36 	0.00 
3187 	0.54 	0.24 	0.79 	0.00 	0.67 	0.00 
3481 	0.43 	0.20 	0.63 	0.00 	0.61 	0.00 
2168 	0.36 	0.16 	0.52 	0.00 	0.45 	0.00 
5385 	0.72 	0.33 	1.06 	0.00 	1.02 	0.00 
3733 	0.62 	0.28 	0.91 	0.00 	0.78 	0.00 
1228 	0.21 	0.09 	0.30 	0.00 	0.25 	0.00 
3935 	0.67 	0.31 	0.97 	0.00 	0.83 	0.00 
961 	0.16 	0.07 	0.24 	0.00 	0.20 	0.00 
4087 	0.68 	0.31 	0.99 	0.00 	0.84 	0.00 
1890 	0.24 	0.11 	0.35 	0.00 	0.34 	0.00 
1167 	0.19 	0.09 	0.28 	0.00 	0.24 	0.00 
725 	0.12 	0.06 	0.18 	0.00 	0.15 	0.00 
1263 	0.21 	0.10 	0.30 	0.00 	0.26 	0.00 
14141 	1.07 	0.48 	1.55 	0.00 	1.51 	0.00 
3165 	0.54 	0.24 	0.78 	0.00 	0.66 	0.00 
3827 	0.63 	0.29 	0.93 	0.00 	0.79 	0.00 
8195 	0.44 	0.20 	0.65 	0.00 	0.63 	0.00 
664 	0.11 	0.05 	0.16 	0.00 	0.14 	0.00 
1795 	0.30 	0.14 	0.44 	0.00 	0.37 	0.00 
187 	0.03 	0.01 	0.05 	0.00 	0.04 	0.00 
1058 	0.17 	0.08 	0.25 	0.00 	0.22 	0.00 
672 	0.11 	0.05 	0.16 	0.00 	0.14 	0.00 
1838 	0.30 	0.14 	0.44 	0.00 	0.38 	0.00 
624 	0.10 	0.05 	0.15 	0.00 	0.13 	0.00 
550 	0.09 	0.04 	0.13 	0.00 	0.11 	0.00 
262 	0.04 	0.02 	0.06 	0.00 	0.06 	0.00 
664 	0.11 	0.05 	0.16 	0.00 	0.14 	0.00 
2645 	0.42 	0.19 	0.61 	0.00 	0.52 	0.00 
1038 	0.17 	0.08 	0.25 	0.00 	0.21 	0.00 
48271 	5.44 	2.51 	7.98 	0.00 	7.69 	0.00 
3730 	0.64 	0.29 	0.92 	0.00 	0.77 	0.00 
4809 	0.64 	0.29 	0.93 	0.00 	0.80 	0.00 
3705 	0.27 	0.12 	0.39 	0.00 	0.38 	0.00 
843 	0.14 	0.07 	0.21 	0.00 	0.18 	0.00 
2255 	0.38 	0.17 	0.55 	0.00 	0.46 	0.00 
2571 	0.43 	0.20 	0.63 	0.00 	0.53 	0.00 
1050 	0.17 	0.08 	0.26 	0.00 	0.21 	0.00 
2066 	0.25 	0.11 	0.36 	0.00 	0.35 	0.00 
1811 	0.30 	0.13 	0.43 	0.00 	0.37 	0.00 
4743 	0.79 	0.36 	1.16 	0.00 	0.96 	0.00 
692 	0.11 	0.05 	0.17 	0.00 	0.14 	0.00 
2102 	0.37 	0.17 	0.54 	0.00 	0.44 	0.00 
2555 	0.43 	0.19 	0.62 	0.00 	0.53 	0.00 
432 	0.07 	0.03 	0.10 	0.00 	0.09 	0.00 
283 	0.05 	0.02 	0.07 	0.00 	0.06 	0.00 
965 	0.16 	0.07 	0.23 	0.00 	0.20 	0.00 
399 	0.06 	0.03 	0.09 	0.00 	0.08 	0.00 
3505 	0.42 	0.19 	0.61 	0.00 	0.54 	0.00 
55 	0.01 	0.00 	0.01 	0.00 	0.01 	0.00 
5183 	0.59 	0.26 	0.85 	0.00 	0.82 	0.00 
1714 	0.20 	0.09 	0.29 	0.00 	0.28 	0.00 
8372 	0.97 	0.42 	1.39 	0.00 	1.34 	0.00 
48311 	5.66 	2.66 	8.39 	0.00 	8.01 	0.00 
2191 	0.26 	0.11 	0.37 	0.00 	0.35 	0.00 
14888 	1.69 	0.74 	2.45 	0.00 	2.35 	0.00 
12386 	1.40 	0.61 	2.01 	0.00 	1.97 	0.00 
7109 	0.81 	0.35 	1.17 	0.00 	1.13 	0.00 
4469 	0.52 	0.23 	0.75 	0.00 	0.72 	0.00 
4305 	0.50 	0.22 	0.72 	0.00 	0.70 	0.00 
2174 	0.26 	0.11 	0.37 	0.00 	0.35 	0.00 
8449 	0.95 	0.42 	1.38 	0.00 	1.33 	0.00 
2323 	0.27 	0.12 	0.39 	0.00 	0.37 	0.00 
3814 	0.44 	0.19 	0.64 	0.00 	0.61 	0.00 
721 	0.08 	0.04 	0.12 	0.00 	0.12 	0.00 
4856 	0.56 	0.24 	0.81 	0.00 	0.78 	0.00 
11612 	1.35 	0.58 	1.93 	0.00 	1.88 	0.00 
8003 	0.93 	0.40 	1.33 	0.00 	1.28 	0.00 
2308 	0.27 	0.12 	0.38 	0.00 	0.37 	0.00 
2179 	0.26 	0.11 	0.37 	0.00 	0.35 	0.00 
48509 	5.09 	2.31 	7.45 	0.00 	7.15 	0.00 
3744 	0.42 	0.18 	0.61 	0.00 	0.58 	0.00 
48581 	0.65 	0.29 	0.93 	0.00 	0.89 	0.00 
2205 	0.25 	0.11 	0.36 	0.00 	0.35 	0.00 
4926 	0.58 	0.25 	0.84 	0.00 	0.80 	0.00 
3039 	0.35 	0.15 	0.50 	0.00 	0.48 	0.00 
6657 	0.78 	0.34 	1.11 	0.00 	1.08 	0.00 
1714 	0.20 	0.09 	0.28 	0.00 	0.27 	0.00 
2671 	0.32 	0.14 	0.45 	0.00 	0.44 	0.00 
48638 	4.88 	2.18 	7.11 	0.00 	6.78 	0.00 
2320 	0.27 	0.12 	0.39 	0.00 	0.38 	0.00 
8628 	1.00 	0.44 	1.44 	0.00 	1.39 	0.00 
7131 	0.84 	0.37 	1.21 	0.00 	1.16 	0.00 
4642 	0.52 	0.23 	0.75 	0.00 	0.73 	0.00 
4101 	0.47 	0.21 	0.69 	0.00 	0.66 	0.00 
2787 	0.32 	0.14 	0.47 	0.00 	0.45 	0.00 
3786 	0.45 	0.20 	0.65 	0.00 	0.62 	0.00 
9761 	1.15 	0.50 	1.66 	0.00 	1.60 	0.00 
3284 	0.38 	0.17 	0.55 	0.00 	0.53 	0.00 
7160 	0.83 	0.36 	1.20 	0.00 	1.14 	0.00 
1689 	0.19 	0.08 	0.28 	0.00 	0.27 	0.00 
48724 	0.83 	0.36 	1.19 	0.00 	1.14 	0.00 
2118 	0.24 	0.11 	0.35 	0.00 	0.33 	0.00 
2924 	0.32 	0.14 	0.46 	0.00 	0.44 	0.00 
11972 	0.78 	0.34 	1.13 	0.00 	1.09 	0.00 
7588 	0.84 	0.37 	1.21 	0.00 	1.16 	0.00 
3922 	0.44 	0.19 	0.63 	0.00 	0.61 	0.00 
4926 	0.57 	0.24 	0.82 	0.00 	0.79 	0.00 
6118 	0.70 	0.30 	1.01 	0.00 	0.98 	0.00 
2149 	0.25 	0.11 	0.36 	0.00 	0.35 	0.00 
3638 	0.42 	0.18 	0.61 	0.00 	0.58 	0.00 
2621 	0.30 	0.13 	0.43 	0.00 	0.42 	0.00 
2256 	0.26 	0.11 	0.37 	0.00 	0.36 	0.00 
2230 	0.25 	0.11 	0.36 	0.00 	0.35 	0.00 
5477 	0.63 	0.27 	0.91 	0.00 	0.87 	0.00 
5911 	0.68 	0.30 	0.98 	0.00 	0.94 	0.00 
48728 	2.37 	1.04 	3.42 	0.00 	3.31 	0.00 
1620 	0.19 	0.08 	0.27 	0.00 	0.26 	0.00 
4594 	0.53 	0.23 	0.76 	0.00 	0.73 	0.00 
13725 	1.53 	0.66 	2.20 	0.00 	2.11 	0.00 
3193 	0.36 	0.16 	0.52 	0.00 	0.50 	0.00 
1096 	0.13 	0.05 	0.18 	0.00 	0.17 	0.00 
5443 	0.63 	0.27 	0.91 	0.00 	0.87 	0.00 
10162 	0.64 	0.28 	0.93 	0.00 	0.89 	0.00 
908 	0.10 	0.04 	0.15 	0.00 	0.14 	0.00 
1362 	0.16 	0.07 	0.23 	0.00 	0.22 	0.00 
3329 	0.38 	0.16 	0.54 	0.00 	0.52 	0.00 
5135 	0.58 	0.26 	0.84 	0.00 	0.82 	0.00 
3452 	0.39 	0.17 	0.57 	0.00 	0.55 	0.00 
48946 	4.85 	2.09 	6.96 	0.00 	6.71 	0.00 
830 	0.09 	0.04 	0.14 	0.00 	0.13 	0.00 
952 	0.11 	0.05 	0.16 	0.00 	0.15 	0.00 
7307 	0.84 	0.36 	1.21 	0.00 	1.16 	0.00 
905 	0.10 	0.04 	0.15 	0.00 	0.14 	0.00 
3406 	0.39 	0.17 	0.56 	0.00 	0.54 	0.00 
3665 	0.41 	0.18 	0.60 	0.00 	0.57 	0.00 
1016 	0.12 	0.05 	0.17 	0.00 	0.16 	0.00 
1051 	0.11 	0.05 	0.16 	0.00 	0.16 	0.00 
49235 	4.98 	2.25 	7.23 	0.00 	6.96 	0.00 
3243 	0.38 	0.17 	0.55 	0.00 	0.53 	0.00 
3097 	0.36 	0.16 	0.52 	0.00 	0.50 	0.00 
17922 	1.39 	0.60 	1.99 	0.00 	1.91 	0.00 
6473 	0.72 	0.32 	1.04 	0.00 	1.00 	0.00 
8659 	0.97 	0.42 	1.40 	0.00 	1.35 	0.00 
1224 	0.14 	0.06 	0.20 	0.00 	0.20 	0.00 
4007 	0.46 	0.20 	0.66 	0.00 	0.64 	0.00 
15911 	1.72 	0.75 	2.48 	0.00 	2.38 	0.00 
49239 	5.34 	2.44 	7.77 	0.00 	7.53 	0.00 
3438 	0.38 	0.17 	0.55 	0.00 	0.53 	0.00 
4165 	0.48 	0.21 	0.70 	0.00 	0.67 	0.00 
1813 	0.21 	0.09 	0.30 	0.00 	0.29 	0.00 
6537 	0.76 	0.33 	1.10 	0.00 	1.05 	0.00 
3799 	0.44 	0.19 	0.64 	0.00 	0.61 	0.00 
2373 	0.27 	0.12 	0.39 	0.00 	0.38 	0.00 
49260 	4.07 	1.87 	5.94 	0.00 	5.72 	0.00 
3380 	0.38 	0.17 	0.54 	0.00 	0.52 	0.00 
1268 	0.15 	0.06 	0.21 	0.00 	0.20 	0.00 
10101 	1.18 	0.51 	1.70 	0.00 	1.63 	0.00 
2909 	0.33 	0.15 	0.48 	0.00 	0.46 	0.00 
2056 	0.24 	0.10 	0.34 	0.00 	0.33 	0.00 
2287 	0.27 	0.12 	0.39 	0.00 	0.37 	0.00 
8506 	0.99 	0.43 	1.42 	0.00 	1.37 	0.00 
2603 	0.30 	0.13 	0.43 	0.00 	0.41 	0.00 
8003 	0.95 	0.41 	1.36 	0.00 	1.30 	0.00 
15829 	1.50 	0.66 	2.16 	0.00 	2.06 	0.00 
4079 	0.47 	0.21 	0.68 	0.00 	0.65 	0.00 
7823 	0.90 	0.39 	1.29 	0.00 	1.24 	0.00 
2635 	0.31 	0.13 	0.44 	0.00 	0.42 	0.00 
11001 	1.28 	0.57 	1.85 	0.00 	1.78 	0.00 
5860 	0.67 	0.29 	0.96 	0.00 	0.93 	0.00 
2909 	0.33 	0.14 	0.48 	0.00 	0.46 	0.00 
936 	0.11 	0.05 	0.16 	0.00 	0.15 	0.00 
481 	0.06 	0.02 	0.08 	0.00 	0.08 	0.00 
6693 	0.77 	0.34 	1.12 	0.00 	1.07 	0.00 
49326 	4.71 	2.16 	6.87 	0.00 	6.70 	0.00 
17244 	1.54 	0.68 	2.23 	0.00 	2.15 	0.00 
14247 	1.62 	0.71 	2.33 	0.00 	2.25 	0.00 
10496 	1.21 	0.52 	1.73 	0.00 	1.67 	0.00 
2169 	0.25 	0.11 	0.36 	0.00 	0.35 	0.00 
9181 	1.06 	0.46 	1.52 	0.00 	1.47 	0.00 
49344 	3.47 	1.52 	5.00 	0.00 	4.86 	0.00 
10556 	0.89 	0.39 	1.28 	0.00 	1.24 	0.00 
7938 	0.93 	0.40 	1.32 	0.00 	1.28 	0.00 
1888 	0.21 	0.09 	0.31 	0.00 	0.30 	0.00 
11538 	1.33 	0.58 	1.91 	0.00 	1.82 	0.00 
2354 	0.27 	0.12 	0.39 	0.00 	0.37 	0.00 
1837 	0.21 	0.09 	0.30 	0.00 	0.29 	0.00 
3403 	0.35 	0.15 	0.51 	0.00 	0.49 	0.00 
3235 	0.38 	0.16 	0.54 	0.00 	0.52 	0.00 
13612 	1.13 	0.50 	1.63 	0.00 	1.57 	0.00 
3655 	0.41 	0.18 	0.59 	0.00 	0.58 	0.00 
1905 	0.22 	0.09 	0.32 	0.00 	0.30 	0.00 
3099 	0.35 	0.15 	0.51 	0.00 	0.49 	0.00 
7098 	0.83 	0.36 	1.19 	0.00 	1.14 	0.00 
1654 	0.19 	0.08 	0.27 	0.00 	0.26 	0.00 
895 	0.10 	0.04 	0.15 	0.00 	0.14 	0.00 
1352 	0.16 	0.07 	0.23 	0.00 	0.22 	0.00 
1526 	0.18 	0.08 	0.26 	0.00 	0.25 	0.00 
1925 	0.22 	0.10 	0.32 	0.00 	0.31 	0.00 
2840 	0.33 	0.14 	0.48 	0.00 	0.46 	0.00 
9143 	1.08 	0.47 	1.57 	0.00 	1.50 	0.00 
1121 	0.13 	0.06 	0.19 	0.00 	0.18 	0.00 
7795 	0.91 	0.39 	1.31 	0.00 	1.26 	0.00 
5191 	0.60 	0.26 	0.86 	0.00 	0.83 	0.00 
15606 	1.16 	0.51 	1.67 	0.00 	1.62 	0.00 
2901 	0.32 	0.14 	0.46 	0.00 	0.45 	0.00 
1731 	0.19 	0.08 	0.28 	0.00 	0.27 	0.00 
7282 	0.73 	0.32 	1.05 	0.00 	1.01 	0.00 
3488 	0.39 	0.17 	0.56 	0.00 	0.53 	0.00 
3301 	0.35 	0.16 	0.51 	0.00 	0.50 	0.00 
5414 	0.60 	0.26 	0.85 	0.00 	0.83 	0.00 
49353 	2.69 	1.17 	3.86 	0.00 	3.71 	0.00 
2009 	0.23 	0.10 	0.33 	0.00 	0.32 	0.00 
19650 	1.05 	0.46 	1.52 	0.00 	1.46 	0.00 
2227 	0.25 	0.11 	0.36 	0.00 	0.34 	0.00 
49358 	2.23 	0.97 	3.22 	0.00 	3.10 	0.00 
10516 	0.72 	0.32 	1.04 	0.00 	1.01 	0.00 
49365 	5.20 	2.31 	7.58 	0.00 	7.22 	0.00 
2127 	0.24 	0.10 	0.34 	0.00 	0.33 	0.00 
4836 	0.53 	0.23 	0.76 	0.00 	0.73 	0.00 
8713 	0.96 	0.41 	1.39 	0.00 	1.32 	0.00 
3366 	0.37 	0.16 	0.54 	0.00 	0.52 	0.00 
17633 	1.99 	0.88 	2.88 	0.00 	2.75 	0.00 
8867 	0.97 	0.43 	1.40 	0.00 	1.35 	0.00 
6567 	0.74 	0.32 	1.06 	0.00 	1.02 	0.00 
2633 	0.29 	0.13 	0.42 	0.00 	0.41 	0.00 
49602 	0.69 	0.32 	1.01 	0.00 	0.97 	0.00 
19036 	1.49 	0.66 	2.14 	0.00 	2.07 	0.00 
14066 	1.54 	0.68 	2.23 	0.00 	2.16 	0.00 
1996 	0.23 	0.10 	0.33 	0.00 	0.31 	0.00 
13989 	1.29 	0.56 	1.86 	0.00 	1.78 	0.00 
49647 	6.11 	2.70 	8.83 	0.00 	8.49 	0.00 
3417 	0.38 	0.17 	0.56 	0.00 	0.53 	0.00 
3573 	0.39 	0.17 	0.56 	0.00 	0.54 	0.00 
5480 	0.60 	0.26 	0.86 	0.00 	0.83 	0.00 
1394 	0.15 	0.07 	0.22 	0.00 	0.21 	0.00 
427 	0.05 	0.02 	0.07 	0.00 	0.07 	0.00 
11031 	1.21 	0.53 	1.75 	0.00 	1.68 	0.00 
49651 	2.09 	0.95 	3.03 	0.00 	2.93 	0.00 
2976 	0.33 	0.14 	0.47 	0.00 	0.45 	0.00 
4643 	0.52 	0.23 	0.74 	0.00 	0.72 	0.00 
3606 	0.41 	0.18 	0.59 	0.00 	0.56 	0.00 
750 	0.08 	0.04 	0.12 	0.00 	0.12 	0.00 
4848 	0.53 	0.23 	0.76 	0.00 	0.73 	0.00 
2646 	0.30 	0.13 	0.44 	0.00 	0.42 	0.00 
49663 	5.65 	2.65 	8.36 	0.00 	8.09 	0.00 
5455 	0.60 	0.26 	0.87 	0.00 	0.84 	0.00 
8625 	0.96 	0.42 	1.37 	0.00 	1.33 	0.00 
3576 	0.38 	0.17 	0.55 	0.00 	0.53 	0.00 
49665 	7.10 	3.27 	10.44 	0.00 	8.08 	0.00 
5366 	0.57 	0.25 	0.82 	0.00 	0.79 	0.00 
6766 	0.72 	0.31 	1.04 	0.00 	1.01 	0.00 
49732 	4.73 	2.15 	6.91 	0.00 	6.74 	0.00 
49819 	7.26 	3.42 	10.74 	0.00 	8.62 	0.00 
49901 	2.97 	1.38 	4.38 	0.00 	4.24 	0.00 
49913 	1.29 	0.56 	1.86 	0.00 	1.79 	0.00 
49943 	7.11 	3.26 	10.41 	0.00 	8.17 	0.00 
9812 	0.25 	0.11 	0.36 	0.00 	0.35 	0.00 
49988 	7.13 	3.19 	10.33 	0.00 	9.94 	0.00 
50045 	1.36 	0.59 	1.95 	0.00 	1.89 	0.00 
50094 	7.66 	3.68 	11.47 	0.00 	8.89 	0.00 
50136 	8.33 	3.86 	12.23 	0.00 	9.32 	0.00 
1566 	0.17 	0.07 	0.24 	0.00 	0.24 	0.00 
9311 	0.64 	0.28 	0.93 	0.00 	0.89 	0.00 
15964 	0.82 	0.36 	1.18 	0.00 	1.13 	0.00 
50155 	6.11 	2.76 	8.88 	0.00 	8.54 	0.00 
6431 	0.71 	0.31 	1.02 	0.00 	0.98 	0.00 
2104 	0.23 	0.10 	0.33 	0.00 	0.32 	0.00 
50259 	6.48 	3.03 	9.55 	0.00 	9.17 	0.00 
15124 	1.02 	0.45 	1.47 	0.00 	1.42 	0.00 
2830 	0.33 	0.14 	0.47 	0.00 	0.45 	0.00 
581 	0.07 	0.03 	0.09 	0.00 	0.09 	0.00 
4278 	0.46 	0.20 	0.66 	0.00 	0.64 	0.00 
12923 	1.49 	0.65 	2.15 	0.00 	2.07 	0.00 
5191 	0.60 	0.26 	0.86 	0.00 	0.82 	0.00 
5055 	0.57 	0.25 	0.82 	0.00 	0.79 	0.00 
2242 	0.26 	0.11 	0.37 	0.00 	0.36 	0.00 
50352 	7.65 	3.58 	11.28 	0.00 	9.15 	0.00 
50408 	3.04 	1.33 	4.38 	0.00 	4.22 	0.00 
18888 	2.08 	0.91 	3.01 	0.00 	2.89 	0.00 
10383 	1.15 	0.50 	1.65 	0.00 	1.60 	0.00 
3740 	0.43 	0.19 	0.62 	0.00 	0.60 	0.00 
10166 	1.18 	0.51 	1.70 	0.00 	1.64 	0.00 
1731 	0.20 	0.09 	0.29 	0.00 	0.28 	0.00 
4176 	0.48 	0.21 	0.69 	0.00 	0.67 	0.00 
1575 	0.18 	0.08 	0.26 	0.00 	0.25 	0.00 
4105 	0.47 	0.21 	0.68 	0.00 	0.66 	0.00 
1217 	0.14 	0.06 	0.20 	0.00 	0.20 	0.00 
1373 	0.16 	0.07 	0.23 	0.00 	0.22 	0.00 
823 	0.09 	0.04 	0.14 	0.00 	0.13 	0.00 
9044 	1.03 	0.45 	1.49 	0.00 	1.43 	0.00 
5299 	0.62 	0.27 	0.90 	0.00 	0.86 	0.00 
3369 	0.40 	0.17 	0.57 	0.00 	0.55 	0.00 
1324 	0.15 	0.07 	0.22 	0.00 	0.21 	0.00 
693 	0.08 	0.04 	0.12 	0.00 	0.11 	0.00 
2395 	0.28 	0.12 	0.40 	0.00 	0.39 	0.00 
1614 	0.18 	0.08 	0.27 	0.00 	0.26 	0.00 
4254 	0.50 	0.22 	0.72 	0.00 	0.69 	0.00 
6602 	0.75 	0.33 	1.08 	0.00 	1.04 	0.00 
1172 	0.13 	0.06 	0.19 	0.00 	0.19 	0.00 
4313 	0.50 	0.22 	0.73 	0.00 	0.70 	0.00 
797 	0.09 	0.04 	0.13 	0.00 	0.13 	0.00 
2930 	0.35 	0.15 	0.50 	0.00 	0.48 	0.00 
3265 	0.38 	0.16 	0.54 	0.00 	0.52 	0.00 
1125 	0.13 	0.06 	0.18 	0.00 	0.18 	0.00 
3306 	0.39 	0.17 	0.55 	0.00 	0.53 	0.00 
3659 	0.43 	0.19 	0.62 	0.00 	0.59 	0.00 
5226 	0.60 	0.26 	0.86 	0.00 	0.83 	0.00 
5809 	0.68 	0.30 	0.97 	0.00 	0.94 	0.00 
50411 	7.23 	3.35 	10.56 	0.00 	8.13 	0.00 
4839 	0.56 	0.24 	0.80 	0.00 	0.77 	0.00 
2825 	0.32 	0.14 	0.46 	0.00 	0.44 	0.00 
470 	0.05 	0.02 	0.07 	0.00 	0.07 	0.00 
135 	0.02 	0.01 	0.02 	0.00 	0.02 	0.00 
2757 	0.31 	0.14 	0.45 	0.00 	0.43 	0.00 
892 	0.10 	0.04 	0.15 	0.00 	0.14 	0.00 
1314 	0.15 	0.06 	0.21 	0.00 	0.20 	0.00 
12402 	0.84 	0.37 	1.21 	0.00 	1.16 	0.00 
782 	0.09 	0.04 	0.13 	0.00 	0.12 	0.00 
2618 	0.28 	0.12 	0.41 	0.00 	0.39 	0.00 
4116 	0.46 	0.20 	0.66 	0.00 	0.64 	0.00 
2008 	0.22 	0.10 	0.32 	0.00 	0.31 	0.00 
2239 	0.25 	0.11 	0.36 	0.00 	0.34 	0.00 
3920 	0.43 	0.19 	0.62 	0.00 	0.60 	0.00 
2488 	0.27 	0.12 	0.39 	0.00 	0.38 	0.00 
2474 	0.27 	0.12 	0.39 	0.00 	0.37 	0.00 
5833 	0.57 	0.25 	0.82 	0.00 	0.80 	0.00 
6021 	0.66 	0.29 	0.95 	0.00 	0.91 	0.00 
2086 	0.23 	0.10 	0.33 	0.00 	0.32 	0.00 
1958 	0.21 	0.09 	0.31 	0.00 	0.30 	0.00 
1470 	0.16 	0.07 	0.24 	0.00 	0.23 	0.00 
9838 	0.97 	0.43 	1.40 	0.00 	1.35 	0.00 
9204 	1.03 	0.45 	1.49 	0.00 	1.43 	0.00 
1378 	0.16 	0.07 	0.22 	0.00 	0.22 	0.00 
3097 	0.33 	0.15 	0.48 	0.00 	0.47 	0.00 
2511 	0.28 	0.12 	0.41 	0.00 	0.39 	0.00 
3523 	0.38 	0.17 	0.55 	0.00 	0.52 	0.00 
1193 	0.13 	0.06 	0.19 	0.00 	0.18 	0.00 
7149 	0.80 	0.35 	1.16 	0.00 	1.10 	0.00 
4673 	0.52 	0.23 	0.75 	0.00 	0.72 	0.00 
18820 	1.27 	0.56 	1.84 	0.00 	1.79 	0.00 
1217 	0.13 	0.06 	0.19 	0.00 	0.19 	0.00 
849 	0.09 	0.04 	0.14 	0.00 	0.13 	0.00 
10875 	1.20 	0.52 	1.72 	0.00 	1.67 	0.00 
7297 	0.76 	0.33 	1.09 	0.00 	1.06 	0.00 
50433 	6.66 	3.02 	9.70 	0.00 	9.42 	0.00 
4452 	0.43 	0.19 	0.63 	0.00 	0.61 	0.00 
1704 	0.19 	0.08 	0.27 	0.00 	0.26 	0.00 
2993 	0.34 	0.15 	0.49 	0.00 	0.47 	0.00 
50439 	2.21 	0.96 	3.17 	0.00 	3.08 	0.00 
1684 	0.19 	0.08 	0.27 	0.00 	0.26 	0.00 
267 	0.03 	0.01 	0.04 	0.00 	0.04 	0.00 
50481 	6.04 	2.79 	8.85 	0.00 	8.50 	0.00 
1651 	0.18 	0.08 	0.25 	0.00 	0.25 	0.00 
17735 	1.66 	0.72 	2.38 	0.00 	2.32 	0.00 
7875 	0.82 	0.36 	1.18 	0.00 	1.14 	0.00 
982 	0.11 	0.05 	0.16 	0.00 	0.15 	0.00 
6140 	0.70 	0.31 	1.01 	0.00 	0.98 	0.00 
14199 	1.22 	0.54 	1.77 	0.00 	1.70 	0.00 
4897 	0.55 	0.24 	0.79 	0.00 	0.76 	0.00 
843 	0.09 	0.04 	0.13 	0.00 	0.13 	0.00 
8626 	0.95 	0.42 	1.37 	0.00 	1.32 	0.00 
1693 	0.19 	0.08 	0.27 	0.00 	0.26 	0.00 
2155 	0.24 	0.10 	0.34 	0.00 	0.33 	0.00 
1649 	0.19 	0.08 	0.27 	0.00 	0.26 	0.00 
14869 	1.26 	0.55 	1.82 	0.00 	1.75 	0.00 
2236 	0.25 	0.11 	0.36 	0.00 	0.35 	0.00 
6822 	0.79 	0.34 	1.14 	0.00 	1.09 	0.00 
4841 	0.55 	0.24 	0.80 	0.00 	0.77 	0.00 
10970 	1.27 	0.55 	1.83 	0.00 	1.74 	0.00 
19556 	1.37 	0.60 	1.97 	0.00 	1.89 	0.00 
7529 	0.88 	0.38 	1.27 	0.00 	1.21 	0.00 
4758 	0.55 	0.24 	0.79 	0.00 	0.77 	0.00 
8154 	0.95 	0.41 	1.36 	0.00 	1.31 	0.00 
4894 	0.55 	0.24 	0.80 	0.00 	0.78 	0.00 
1186 	0.12 	0.05 	0.18 	0.00 	0.17 	0.00 
6895 	0.79 	0.34 	1.13 	0.00 	1.10 	0.00 
9220 	1.08 	0.47 	1.54 	0.00 	1.49 	0.00 
2153 	0.25 	0.11 	0.36 	0.00 	0.35 	0.00 
5360 	0.63 	0.27 	0.90 	0.00 	0.87 	0.00 
608 	0.07 	0.03 	0.10 	0.00 	0.10 	0.00 
19280 	2.19 	0.95 	3.16 	0.00 	3.02 	0.00 
2800 	0.33 	0.14 	0.47 	0.00 	0.45 	0.00 
50483 	4.42 	2.01 	6.47 	0.00 	6.27 	0.00 
3076 	0.35 	0.15 	0.51 	0.00 	0.50 	0.00 
8270 	0.92 	0.40 	1.33 	0.00 	1.28 	0.00 
50535 	2.64 	1.17 	3.83 	0.00 	3.69 	0.00 
4642 	0.51 	0.22 	0.73 	0.00 	0.71 	0.00 
50645 	3.57 	1.64 	5.24 	0.00 	5.09 	0.00 
15068 	1.39 	0.61 	2.01 	0.00 	1.95 	0.00 
3204 	0.35 	0.15 	0.50 	0.00 	0.48 	0.00 
2169 	0.25 	0.11 	0.35 	0.00 	0.34 	0.00 
10767 	1.22 	0.53 	1.76 	0.00 	1.70 	0.00 
7406 	0.86 	0.37 	1.24 	0.00 	1.18 	0.00 
2077 	0.24 	0.10 	0.35 	0.00 	0.33 	0.00 
6916 	0.80 	0.35 	1.14 	0.00 	1.11 	0.00 
1960 	0.22 	0.10 	0.32 	0.00 	0.31 	0.00 
1142 	0.13 	0.06 	0.19 	0.00 	0.18 	0.00 
1913 	0.22 	0.10 	0.32 	0.00 	0.30 	0.00 
4956 	0.57 	0.25 	0.82 	0.00 	0.79 	0.00 
2947 	0.35 	0.15 	0.50 	0.00 	0.48 	0.00 
4714 	0.53 	0.23 	0.77 	0.00 	0.73 	0.00 
3369 	0.40 	0.17 	0.58 	0.00 	0.55 	0.00 
3188 	0.37 	0.16 	0.53 	0.00 	0.51 	0.00 
1779 	0.20 	0.09 	0.29 	0.00 	0.28 	0.00 
15042 	1.42 	0.61 	2.03 	0.00 	1.95 	0.00 
4097 	0.46 	0.20 	0.66 	0.00 	0.65 	0.00 
7934 	0.56 	0.25 	0.81 	0.00 	0.78 	0.00 
5107 	0.59 	0.26 	0.85 	0.00 	0.82 	0.00 
50683 	6.90 	3.16 	10.09 	0.00 	7.94 	0.00 
5592 	0.59 	0.26 	0.84 	0.00 	0.81 	0.00 
50696 	6.79 	3.18 	9.99 	0.00 	8.88 	0.00 
50843 	1.99 	0.86 	2.84 	0.00 	2.77 	0.00 
50844 	0.59 	0.26 	0.85 	0.00 	0.81 	0.00 
50915 	2.25 	0.99 	3.26 	0.00 	3.14 	0.00 
50959 	5.28 	2.41 	7.72 	0.00 	7.46 	0.00 
4665 	0.53 	0.23 	0.76 	0.00 	0.74 	0.00 
50998 	3.03 	1.32 	4.37 	0.00 	4.20 	0.00 
1998 	0.23 	0.10 	0.33 	0.00 	0.32 	0.00 
3363 	0.39 	0.17 	0.57 	0.00 	0.55 	0.00 
2562 	0.29 	0.12 	0.41 	0.00 	0.40 	0.00 
4852 	0.53 	0.23 	0.76 	0.00 	0.72 	0.00 
8668 	0.98 	0.43 	1.41 	0.00 	1.37 	0.00 
4784 	0.55 	0.24 	0.79 	0.00 	0.76 	0.00 
5947 	0.68 	0.30 	0.98 	0.00 	0.93 	0.00 
7355 	0.85 	0.37 	1.22 	0.00 	1.19 	0.00 
1738 	0.20 	0.09 	0.29 	0.00 	0.28 	0.00 
1889 	0.22 	0.10 	0.32 	0.00 	0.31 	0.00 
11321 	1.00 	0.44 	1.44 	0.00 	1.39 	0.00 
2344 	0.27 	0.12 	0.39 	0.00 	0.38 	0.00 
1299 	0.15 	0.06 	0.21 	0.00 	0.21 	0.00 
1798 	0.20 	0.09 	0.29 	0.00 	0.28 	0.00 
2991 	0.34 	0.15 	0.49 	0.00 	0.47 	0.00 
1543 	0.18 	0.08 	0.26 	0.00 	0.25 	0.00 
7316 	0.80 	0.35 	1.16 	0.00 	1.10 	0.00 
1857 	0.21 	0.09 	0.30 	0.00 	0.29 	0.00 
3273 	0.37 	0.16 	0.53 	0.00 	0.51 	0.00 
5406 	0.62 	0.27 	0.89 	0.00 	0.85 	0.00 
4522 	0.52 	0.23 	0.76 	0.00 	0.73 	0.00 
2220 	0.25 	0.11 	0.36 	0.00 	0.35 	0.00 
51083 	5.28 	2.42 	7.72 	0.00 	7.55 	0.00 
10706 	0.94 	0.41 	1.36 	0.00 	1.32 	0.00 
8364 	0.98 	0.43 	1.42 	0.00 	1.35 	0.00 
5877 	0.67 	0.29 	0.96 	0.00 	0.93 	0.00 
3695 	0.43 	0.19 	0.62 	0.00 	0.60 	0.00 
357 	0.04 	0.02 	0.06 	0.00 	0.06 	0.00 
2020 	0.24 	0.10 	0.34 	0.00 	0.33 	0.00 
51203 	3.38 	1.56 	4.96 	0.00 	4.80 	0.00 
8223 	0.97 	0.42 	1.40 	0.00 	1.35 	0.00 
7611 	0.86 	0.38 	1.25 	0.00 	1.20 	0.00 
2551 	0.29 	0.12 	0.41 	0.00 	0.40 	0.00 
4413 	0.51 	0.22 	0.73 	0.00 	0.70 	0.00 
2161 	0.25 	0.11 	0.36 	0.00 	0.35 	0.00 
5360 	0.62 	0.27 	0.88 	0.00 	0.86 	0.00 
6004 	0.68 	0.30 	0.98 	0.00 	0.94 	0.00 
14840 	1.71 	0.75 	2.47 	0.00 	2.38 	0.00 
2531 	0.29 	0.13 	0.42 	0.00 	0.40 	0.00 
8161 	0.92 	0.40 	1.34 	0.00 	1.28 	0.00 
2546 	0.29 	0.13 	0.42 	0.00 	0.40 	0.00 
2994 	0.34 	0.15 	0.49 	0.00 	0.47 	0.00 
3146 	0.36 	0.16 	0.52 	0.00 	0.51 	0.00 
3154 	0.37 	0.16 	0.54 	0.00 	0.52 	0.00 
6138 	0.71 	0.31 	1.02 	0.00 	0.99 	0.00 
9012 	1.05 	0.46 	1.51 	0.00 	1.46 	0.00 
3655 	0.42 	0.18 	0.60 	0.00 	0.58 	0.00 
1873 	0.22 	0.09 	0.31 	0.00 	0.30 	0.00 
2204 	0.26 	0.12 	0.38 	0.00 	0.36 	0.00 
3084 	0.35 	0.15 	0.51 	0.00 	0.49 	0.00 
12707 	1.44 	0.63 	2.08 	0.00 	2.00 	0.00 
11423 	1.08 	0.48 	1.57 	0.00 	1.49 	0.00 
51240 	5.33 	2.30 	7.64 	0.00 	7.29 	0.00 
9888 	1.15 	0.49 	1.64 	0.00 	1.58 	0.00 
2075 	0.24 	0.10 	0.35 	0.00 	0.33 	0.00 
4851 	0.56 	0.24 	0.81 	0.00 	0.78 	0.00 
1452 	0.17 	0.07 	0.24 	0.00 	0.23 	0.00 
13968 	1.59 	0.70 	2.29 	0.00 	2.20 	0.00 
5483 	0.64 	0.28 	0.92 	0.00 	0.88 	0.00 
7818 	0.92 	0.40 	1.33 	0.00 	1.29 	0.00 
9162 	1.06 	0.46 	1.53 	0.00 	1.47 	0.00 
5156 	0.59 	0.26 	0.85 	0.00 	0.82 	0.00 
17191 	1.18 	0.52 	1.70 	0.00 	1.64 	0.00 
2418 	0.27 	0.12 	0.39 	0.00 	0.38 	0.00 
5503 	0.60 	0.26 	0.86 	0.00 	0.83 	0.00 
6391 	0.71 	0.31 	1.03 	0.00 	1.00 	0.00 
2394 	0.26 	0.11 	0.37 	0.00 	0.36 	0.00 
51257 	2.76 	1.20 	3.95 	0.00 	3.84 	0.00 
9889 	1.08 	0.47 	1.55 	0.00 	1.50 	0.00 
3190 	0.36 	0.16 	0.52 	0.00 	0.50 	0.00 
16669 	1.54 	0.69 	2.24 	0.00 	2.17 	0.00 
3952 	0.44 	0.19 	0.64 	0.00 	0.61 	0.00 
7771 	0.85 	0.37 	1.23 	0.00 	1.18 	0.00 
3041 	0.33 	0.15 	0.48 	0.00 	0.47 	0.00 
2499 	0.27 	0.12 	0.39 	0.00 	0.38 	0.00 
1986 	0.22 	0.10 	0.32 	0.00 	0.31 	0.00 
8660 	0.94 	0.41 	1.36 	0.00 	1.31 	0.00 
8126 	0.89 	0.39 	1.28 	0.00 	1.23 	0.00 
51347 	6.15 	2.83 	8.97 	0.00 	8.71 	0.00 
51368 	8.17 	3.75 	11.97 	0.00 	11.54 	0.00 
51378 	3.96 	1.81 	5.77 	0.00 	5.56 	0.00 
51386 	6.31 	2.88 	9.27 	0.00 	7.21 	0.00 
51393 	1.83 	0.80 	2.63 	0.00 	2.55 	0.00 
51506 	2.85 	1.27 	4.13 	0.00 	4.02 	0.00 
51643 	4.67 	2.13 	6.85 	0.00 	6.50 	0.00 
51657 	1.15 	0.51 	1.66 	0.00 	1.61 	0.00 
51690 	8.04 	3.79 	11.86 	0.00 	10.48 	0.00 
51716 	2.62 	1.21 	3.85 	0.00 	3.72 	0.00 
51718 	5.45 	2.55 	8.10 	0.00 	7.83 	0.00 
51869 	5.47 	2.51 	8.03 	0.00 	7.70 	0.00 
51981 	5.75 	2.63 	8.40 	0.00 	8.17 	0.00 
51993 	4.23 	1.83 	6.10 	0.00 	5.82 	0.00 
52130 	8.84 	4.12 	13.02 	0.00 	11.11 	0.00 
52160 	8.60 	3.96 	12.59 	0.00 	10.06 	0.00 
52323 	7.26 	3.36 	10.69 	0.00 	8.12 	0.00 
52364 	5.42 	2.41 	7.89 	0.00 	7.49 	0.00 
52389 	4.28 	1.99 	6.30 	0.00 	6.11 	0.00 
52555 	7.50 	3.42 	10.98 	0.00 	8.63 	0.00 
52619 	6.90 	3.12 	10.08 	0.00 	9.67 	0.00 
52687 	6.92 	3.10 	10.04 	0.00 	9.63 	0.00 
52731 	5.52 	2.63 	8.20 	0.00 	7.94 	0.00 
52842 	6.45 	2.94 	9.43 	0.00 	9.14 	0.00 
52859 	3.88 	1.69 	5.55 	0.00 	5.44 	0.00 
52864 	7.57 	3.56 	11.24 	0.00 	9.36 	0.00 
52871 	5.19 	2.28 	7.50 	0.00 	7.15 	0.00 
52957 	6.33 	2.95 	9.33 	0.00 	8.99 	0.00 
52969 	2.58 	1.13 	3.73 	0.00 	3.60 	0.00 
52986 	4.58 	2.08 	6.71 	0.00 	6.43 	0.00 
53101 	7.63 	3.41 	11.06 	0.00 	10.59 	0.00 
53103 	7.46 	3.58 	11.08 	0.00 	8.84 	0.00 
1385 	0.12 	0.06 	0.18 	0.00 	0.17 	0.00 
53160 	5.70 	2.62 	8.39 	0.00 	8.05 	0.00 
53382 	5.56 	2.56 	8.13 	0.00 	7.84 	0.00 
53414 	5.79 	2.63 	8.49 	0.00 	8.18 	0.00 
53431 	7.35 	3.42 	10.77 	0.00 	10.49 	0.00 
53454 	4.87 	2.19 	7.08 	0.00 	6.84 	0.00 
53527 	1.18 	0.52 	1.71 	0.00 	1.65 	0.00 
53575 	10.18 	4.66 	14.85 	0.00 	12.73 	0.00 
53649 	8.32 	3.90 	12.24 	0.00 	9.06 	0.00 
53672 	4.55 	2.08 	6.66 	0.00 	6.48 	0.00 
53716 	4.21 	1.83 	6.07 	0.00 	5.87 	0.00 
53718 	2.91 	1.27 	4.22 	0.00 	4.03 	0.00 
53728 	5.07 	2.28 	7.43 	0.00 	7.12 	0.00 
53761 	3.77 	1.73 	5.51 	0.00 	5.29 	0.00 
53840 	7.76 	3.56 	11.40 	0.00 	11.01 	0.00 
54024 	0.93 	0.41 	1.35 	0.00 	1.30 	0.00 
54029 	9.50 	4.36 	14.00 	0.00 	11.88 	0.00 
54071 	9.33 	4.30 	13.69 	0.00 	13.17 	0.00 
54095 	6.96 	3.23 	10.25 	0.00 	9.92 	0.00 
54170 	8.95 	4.29 	13.32 	0.00 	10.51 	0.00 
54243 	4.91 	2.32 	7.27 	0.00 	7.04 	0.00 
54311 	6.82 	3.12 	9.94 	0.00 	7.79 	0.00 
54356 	5.77 	2.67 	8.53 	0.00 	8.12 	0.00 
54358 	4.18 	1.85 	6.06 	0.00 	5.84 	0.00 
54388 	2.12 	0.98 	3.10 	0.00 	3.02 	0.00 
54470 	0.66 	0.29 	0.95 	0.00 	0.91 	0.00 
54495 	7.71 	3.60 	11.31 	0.00 	8.53 	0.00 
54528 	7.71 	3.68 	11.46 	0.00 	9.27 	0.00 
54530 	5.07 	2.33 	7.44 	0.00 	7.21 	0.00 
54630 	9.68 	4.49 	14.23 	0.00 	12.20 	0.00 
54718 	6.05 	2.78 	8.86 	0.00 	8.60 	0.00 
54723 	9.58 	4.43 	14.15 	0.00 	10.73 	0.00 
54737 	4.30 	2.03 	6.39 	0.00 	6.18 	0.00 
54763 	2.87 	1.23 	4.12 	0.00 	3.97 	0.00 
54821 	2.90 	1.37 	4.29 	0.00 	4.10 	0.00 
54967 	1.16 	0.51 	1.67 	0.00 	1.61 	0.00 
54984 	5.63 	2.56 	8.20 	0.00 	7.92 	0.00 
55066 	2.76 	1.20 	3.97 	0.00 	3.87 	0.00 
55072 	0.84 	0.37 	1.22 	0.00 	1.15 	0.00 
55109 	6.89 	3.13 	10.06 	0.00 	9.65 	0.00 
55209 	7.51 	3.36 	10.94 	0.00 	10.62 	0.00 
55230 	3.96 	1.74 	5.71 	0.00 	5.59 	0.00 
55343 	7.18 	3.26 	10.41 	0.00 	10.08 	0.00 
55366 	7.17 	3.25 	10.48 	0.00 	8.12 	0.00 
55387 	4.13 	1.79 	5.92 	0.00 	5.73 	0.00 
55496 	5.57 	2.53 	8.14 	0.00 	7.81 	0.00 
55503 	3.24 	1.42 	4.67 	0.00 	4.54 	0.00 
55519 	4.43 	1.93 	6.40 	0.00 	6.16 	0.00 
55551 	7.98 	3.58 	11.66 	0.00 	11.22 	0.00 
55742 	4.53 	1.96 	6.50 	0.00 	6.30 	0.00 
55744 	6.09 	2.82 	9.01 	0.00 	8.52 	0.00 
55785 	3.68 	1.59 	5.27 	0.00 	5.12 	0.00 
55787 	2.41 	1.07 	3.50 	0.00 	3.37 	0.00 
13216 	2.02 	0.91 	2.94 	0.00 	2.81 	0.00 
55868 	2.69 	1.17 	3.86 	0.00 	3.77 	0.00 
55933 	6.43 	2.89 	9.40 	0.00 	9.06 	0.00 
55942 	9.72 	4.46 	14.31 	0.00 	12.29 	0.00 
55985 	1.66 	0.78 	2.45 	0.00 	2.36 	0.00 
55988 	6.78 	2.99 	9.81 	0.00 	9.39 	0.00 
56021 	7.70 	3.58 	11.34 	0.00 	9.05 	0.00 
56034 	3.14 	1.35 	4.49 	0.00 	4.35 	0.00 
56155 	8.06 	3.62 	11.72 	0.00 	11.27 	0.00 
56161 	5.16 	2.37 	7.57 	0.00 	7.24 	0.00 
56169 	4.91 	2.31 	7.26 	0.00 	7.09 	0.00 
56229 	5.75 	2.49 	8.25 	0.00 	7.96 	0.00 
56246 	3.15 	1.49 	4.68 	0.00 	4.49 	0.00 
56247 	6.18 	2.82 	9.02 	0.00 	8.72 	0.00 
56433 	3.23 	1.41 	4.65 	0.00 	4.53 	0.00 
56454 	5.36 	2.43 	7.80 	0.00 	7.53 	0.00 
56524 	5.13 	2.33 	7.50 	0.00 	7.28 	0.00 
56539 	5.48 	2.47 	8.00 	0.00 	7.71 	0.00 
56636 	8.52 	3.97 	12.40 	0.00 	9.73 	0.00 
56674 	5.77 	2.62 	8.44 	0.00 	8.16 	0.00 
56881 	7.49 	3.37 	10.86 	0.00 	10.47 	0.00 
56972 	5.11 	2.30 	7.48 	0.00 	7.14 	0.00 
57001 	5.63 	2.55 	8.22 	0.00 	7.92 	0.00 
57060 	3.17 	1.39 	4.60 	0.00 	4.44 	0.00 
57069 	8.59 	3.87 	12.52 	0.00 	12.04 	0.00 
57071 	4.49 	1.96 	6.45 	0.00 	6.26 	0.00 
57103 	8.78 	3.97 	12.75 	0.00 	12.30 	0.00 
57157 	8.36 	3.93 	12.25 	0.00 	9.68 	0.00 
57194 	7.70 	3.49 	11.23 	0.00 	10.86 	0.00 
57208 	5.62 	2.55 	8.20 	0.00 	7.89 	0.00 
57254 	2.60 	1.14 	3.76 	0.00 	3.64 	0.00 
57287 	5.99 	2.72 	8.73 	0.00 	8.51 	0.00 
57300 	6.88 	3.20 	10.11 	0.00 	9.81 	0.00 
57365 	3.45 	1.59 	5.08 	0.00 	4.91 	0.00 
57392 	2.90 	1.28 	4.20 	0.00 	4.03 	0.00 
57406 	5.79 	2.66 	8.52 	0.00 	6.77 	0.00 
57416 	7.79 	3.62 	11.54 	0.00 	9.18 	0.00 
57468 	2.92 	1.29 	4.22 	0.00 	4.06 	0.00 
57474 	5.02 	2.37 	7.46 	0.00 	7.22 	0.00 
57518 	7.07 	3.25 	10.35 	0.00 	9.97 	0.00 
57544 	4.94 	2.19 	7.13 	0.00 	6.88 	0.00 
57570 	6.53 	2.98 	9.57 	0.00 	9.17 	0.00 
57592 	4.17 	1.81 	6.02 	0.00 	5.80 	0.00 
57615 	6.70 	3.16 	9.90 	0.00 	9.54 	0.00 
57749 	8.47 	3.81 	12.33 	0.00 	11.77 	0.00 
57779 	3.44 	1.57 	5.02 	0.00 	4.87 	0.00 
57788 	4.68 	2.03 	6.74 	0.00 	6.54 	0.00 
57871 	8.88 	4.07 	12.95 	0.00 	10.15 	0.00 
57887 	3.80 	1.67 	5.48 	0.00 	5.29 	0.00 
57897 	2.41 	1.06 	3.50 	0.00 	3.36 	0.00 
8555 	1.30 	0.59 	1.90 	0.00 	1.82 	0.00 
10532 	1.61 	0.73 	2.35 	0.00 	2.26 	0.00 
57959 	7.74 	3.76 	11.57 	0.00 	9.25 	0.00 
57984 	8.07 	3.68 	11.79 	0.00 	9.18 	0.00 
57987 	8.34 	3.88 	12.33 	0.00 	9.52 	0.00 
58094 	8.61 	4.02 	12.64 	0.00 	10.05 	0.00 
58184 	6.62 	3.03 	9.72 	0.00 	9.34 	0.00 
58252 	2.65 	1.16 	3.82 	0.00 	3.69 	0.00 
58274 	4.19 	1.83 	6.03 	0.00 	5.84 	0.00 
58484 	5.78 	2.73 	8.55 	0.00 	6.89 	0.00 
58502 	2.83 	1.30 	4.14 	0.00 	4.02 	0.00 
58541 	8.67 	3.92 	12.66 	0.00 	12.17 	0.00 
58548 	4.27 	1.89 	6.18 	0.00 	6.01 	0.00 
58640 	6.98 	3.08 	10.11 	0.00 	9.73 	0.00 
58817 	8.31 	3.95 	12.30 	0.00 	9.96 	0.00 
58860 	7.22 	3.32 	10.60 	0.00 	8.41 	0.00 
58870 	3.21 	1.48 	4.72 	0.00 	4.59 	0.00 
59029 	5.62 	2.45 	8.12 	0.00 	7.80 	0.00 
59100 	5.70 	2.61 	8.36 	0.00 	8.03 	0.00 
59185 	4.40 	1.93 	6.35 	0.00 	6.10 	0.00 
59260 	6.15 	2.83 	9.03 	0.00 	8.74 	0.00 
59277 	7.65 	3.54 	11.25 	0.00 	9.85 	0.00 
59292 	3.98 	1.81 	5.79 	0.00 	5.66 	0.00 
59353 	8.81 	4.12 	12.93 	0.00 	10.11 	0.00 
59369 	6.08 	2.86 	8.96 	0.00 	6.91 	0.00 
59495 	8.12 	3.64 	11.70 	0.00 	11.33 	0.00 
59599 	6.23 	2.83 	9.07 	0.00 	8.76 	0.00 
59617 	6.80 	3.09 	9.93 	0.00 	9.54 	0.00 
59668 	6.05 	2.76 	8.87 	0.00 	8.51 	0.00 
59821 	9.55 	4.44 	14.04 	0.00 	11.42 	0.00 
59842 	5.73 	2.60 	8.37 	0.00 	8.07 	0.00 
59843 	8.39 	3.83 	12.23 	0.00 	10.54 	0.00 
59847 	3.48 	1.57 	5.10 	0.00 	4.90 	0.00 
59952 	7.34 	3.41 	10.77 	0.00 	8.48 	0.00 
59954 	6.31 	2.81 	9.13 	0.00 	8.71 	0.00 
60082 	3.60 	1.57 	5.19 	0.00 	5.02 	0.00 
60178 	4.50 	1.98 	6.50 	0.00 	6.31 	0.00 
60293 	5.42 	2.38 	7.82 	0.00 	7.55 	0.00 
60298 	2.63 	1.20 	3.87 	0.00 	3.73 	0.00 
60483 	8.74 	4.11 	12.95 	0.00 	12.33 	0.00 
60539 	6.05 	2.81 	8.89 	0.00 	7.67 	0.00 
60582 	5.54 	2.52 	8.05 	0.00 	7.81 	0.00 
60637 	3.54 	1.55 	5.12 	0.00 	4.94 	0.00 
60733 	3.04 	1.33 	4.39 	0.00 	4.25 	0.00 
60750 	10.62 	5.10 	15.80 	0.00 	12.60 	0.00 
60916 	3.96 	1.73 	5.73 	0.00 	5.51 	0.00 
61074 	6.59 	2.99 	9.61 	0.00 	9.23 	0.00 
61199 	2.69 	1.17 	3.87 	0.00 	3.69 	0.00 
61254 	5.58 	2.57 	8.19 	0.00 	7.97 	0.00 
61288 	5.14 	2.33 	7.55 	0.00 	7.22 	0.00 
61454 	6.00 	2.71 	8.75 	0.00 	8.41 	0.00 
61482 	9.06 	4.23 	13.44 	0.00 	10.03 	0.00 
61561 	6.46 	3.01 	9.49 	0.00 	9.24 	0.00 
61605 	6.27 	2.85 	9.14 	0.00 	8.85 	0.00 
61630 	8.24 	3.69 	11.94 	0.00 	11.46 	0.00 
61723 	7.80 	3.52 	11.37 	0.00 	10.78 	0.00 
61727 	8.36 	3.75 	12.21 	0.00 	11.64 	0.00 
61808 	8.49 	3.89 	12.39 	0.00 	12.04 	0.00 
61859 	8.84 	4.01 	12.90 	0.00 	12.42 	0.00 
61897 	7.87 	3.69 	11.61 	0.00 	11.14 	0.00 
61937 	6.49 	2.97 	9.44 	0.00 	9.17 	0.00 
62001 	4.89 	2.24 	7.17 	0.00 	6.96 	0.00 
62072 	6.33 	2.78 	9.13 	0.00 	8.81 	0.00 
62073 	1.51 	0.66 	2.18 	0.00 	2.10 	0.00 
62320 	2.34 	1.01 	3.36 	0.00 	3.27 	0.00 
62489 	9.38 	4.20 	13.69 	0.00 	13.08 	0.00 
62587 	8.05 	3.61 	11.76 	0.00 	11.28 	0.00 
62698 	7.83 	3.66 	11.51 	0.00 	11.21 	0.00 
62703 	8.23 	3.85 	12.18 	0.00 	11.68 	0.00 
62799 	8.50 	3.84 	12.40 	0.00 	12.01 	0.00 
62807 	8.42 	3.78 	12.36 	0.00 	11.78 	0.00 
62828 	1.81 	0.84 	2.67 	0.00 	2.59 	0.00 
62835 	1.07 	0.47 	1.54 	0.00 	1.49 	0.00 
62893 	6.50 	2.83 	9.36 	0.00 	9.07 	0.00 
63001 	6.18 	2.82 	9.05 	0.00 	8.66 	0.00 
63018 	6.45 	2.99 	9.49 	0.00 	8.28 	0.00 
63074 	4.69 	2.05 	6.75 	0.00 	6.56 	0.00 
63161 	5.80 	2.73 	8.56 	0.00 	6.85 	0.00 
63163 	9.72 	4.47 	14.26 	0.00 	13.66 	0.00 
63167 	8.36 	3.83 	12.32 	0.00 	11.81 	0.00 
63198 	9.28 	4.29 	13.59 	0.00 	13.11 	0.00 
63207 	9.70 	4.47 	14.28 	0.00 	11.98 	0.00 
63213 	6.40 	2.92 	9.40 	0.00 	8.99 	0.00 
63254 	2.42 	1.06 	3.48 	0.00 	3.39 	0.00 
63271 	6.99 	3.27 	10.33 	0.00 	10.09 	0.00 
63356 	6.40 	2.91 	9.34 	0.00 	8.96 	0.00 
63377 	8.23 	3.80 	12.09 	0.00 	9.85 	0.00 
63429 	5.44 	2.36 	7.80 	0.00 	7.58 	0.00 
63617 	5.20 	2.34 	7.59 	0.00 	7.29 	0.00 
63688 	9.14 	4.12 	13.29 	0.00 	12.72 	0.00 
63695 	8.23 	3.75 	12.01 	0.00 	11.56 	0.00 
63794 	5.77 	2.66 	8.49 	0.00 	8.20 	0.00 
63798 	3.79 	1.82 	5.66 	0.00 	5.44 	0.00 
63900 	7.81 	3.57 	11.44 	0.00 	11.03 	0.00 
63907 	8.18 	3.68 	11.94 	0.00 	11.41 	0.00 
63957 	6.87 	3.15 	10.07 	0.00 	8.76 	0.00 
64040 	5.84 	2.64 	8.56 	0.00 	8.18 	0.00 
64112 	3.30 	1.45 	4.76 	0.00 	4.61 	0.00 
64125 	8.79 	4.03 	12.84 	0.00 	12.40 	0.00 
64263 	1.73 	0.80 	2.56 	0.00 	2.48 	0.00 
64384 	8.86 	3.98 	12.93 	0.00 	12.49 	0.00 
64390 	3.58 	1.54 	5.13 	0.00 	4.94 	0.00 
64394 	6.17 	2.79 	9.00 	0.00 	8.63 	0.00 
64404 	6.96 	3.08 	10.10 	0.00 	9.72 	0.00 
64734 	9.26 	4.23 	13.51 	0.00 	10.48 	0.00 
64750 	6.86 	3.18 	10.12 	0.00 	9.82 	0.00 
64767 	0.85 	0.37 	1.22 	0.00 	1.17 	0.00 
64799 	6.32 	2.92 	9.34 	0.00 	8.92 	0.00 
64834 	6.77 	3.12 	9.95 	0.00 	9.59 	0.00 
64856 	9.86 	4.49 	14.42 	0.00 	13.74 	0.00 
64873 	5.44 	2.56 	8.05 	0.00 	7.89 	0.00 
13229 	2.07 	0.93 	3.02 	0.00 	2.87 	0.00 
64919 	6.60 	3.01 	9.67 	0.00 	9.30 	0.00 
64974 	5.69 	2.46 	8.14 	0.00 	7.89 	0.00 
64979 	10.69 	4.92 	15.66 	0.00 	12.28 	0.00 
65103 	9.15 	4.27 	13.46 	0.00 	10.85 	0.00 
65211 	5.00 	2.25 	7.27 	0.00 	7.04 	0.00 
65271 	6.81 	3.17 	10.03 	0.00 	9.57 	0.00 
65328 	5.79 	2.58 	8.40 	0.00 	8.04 	0.00 
65396 	5.38 	2.52 	7.96 	0.00 	7.67 	0.00 
65423 	1.35 	0.62 	1.97 	0.00 	1.91 	0.00 
65452 	8.26 	3.66 	11.99 	0.00 	11.55 	0.00 
65711 	1.19 	0.52 	1.71 	0.00 	1.65 	0.00 
65735 	8.39 	3.75 	12.20 	0.00 	11.67 	0.00 
65783 	8.81 	4.02 	12.86 	0.00 	12.32 	0.00 
65852 	4.83 	2.21 	7.07 	0.00 	6.80 	0.00 
66001 	4.65 	2.14 	6.84 	0.00 	6.64 	0.00 
66006 	4.66 	2.20 	6.93 	0.00 	6.75 	0.00 
66048 	4.12 	1.89 	6.05 	0.00 	5.85 	0.00 
66131 	9.47 	4.26 	13.84 	0.00 	13.12 	0.00 
66149 	6.50 	2.99 	9.58 	0.00 	9.10 	0.00 
66249 	5.95 	2.73 	8.70 	0.00 	8.44 	0.00 
66300 	10.30 	4.77 	15.14 	0.00 	11.54 	0.00 
66305 	7.93 	3.70 	11.69 	0.00 	9.25 	0.00 
66622 	6.92 	3.20 	10.18 	0.00 	8.20 	0.00 
66646 	6.79 	3.13 	9.96 	0.00 	9.61 	0.00 
66687 	8.65 	3.92 	12.59 	0.00 	12.11 	0.00 
66874 	12.33 	5.86 	18.25 	0.00 	12.94 	0.00 
66970 	5.95 	2.74 	8.70 	0.00 	8.50 	0.00 
67003 	6.89 	3.10 	10.03 	0.00 	9.67 	0.00 
67058 	4.65 	2.12 	6.84 	0.00 	6.60 	0.00 
67094 	6.53 	2.85 	9.42 	0.00 	9.05 	0.00 
67107 	6.14 	2.90 	9.10 	0.00 	8.82 	0.00 
67107 	8.55 	4.09 	12.65 	0.00 	10.34 	0.00 
67113 	1.65 	0.76 	2.42 	0.00 	2.36 	0.00 
67293 	7.34 	3.35 	10.71 	0.00 	10.29 	0.00 
67304 	4.62 	2.01 	6.65 	0.00 	6.44 	0.00 
67494 	5.38 	2.44 	7.85 	0.00 	7.61 	0.00 
67528 	4.37 	1.89 	6.29 	0.00 	6.05 	0.00 
67572 	9.73 	4.48 	14.29 	0.00 	11.30 	0.00 
67702 	3.23 	1.52 	4.79 	0.00 	4.66 	0.00 
67737 	8.99 	4.08 	13.13 	0.00 	12.61 	0.00 
67790 	1.60 	0.70 	2.31 	0.00 	2.22 	0.00 
68003 	6.13 	2.79 	8.98 	0.00 	8.66 	0.00 
68090 	1.81 	0.80 	2.62 	0.00 	2.53 	0.00 
68178 	2.08 	0.97 	3.06 	0.00 	2.97 	0.00 
68275 	1.33 	0.61 	1.95 	0.00 	1.88 	0.00 
68306 	7.43 	3.40 	10.90 	0.00 	10.49 	0.00 
68404 	7.94 	3.68 	11.67 	0.00 	11.28 	0.00 
68416 	6.68 	3.07 	9.84 	0.00 	9.49 	0.00 
68608 	9.41 	4.21 	13.63 	0.00 	13.03 	0.00 
68677 	10.06 	4.74 	14.95 	0.00 	11.92 	0.00 
68729 	1.68 	0.74 	2.44 	0.00 	2.38 	0.00 
68765 	9.27 	4.35 	13.80 	0.00 	10.97 	0.00 
68793 	9.84 	4.72 	14.61 	0.00 	12.05 	0.00 
68831 	7.93 	3.54 	11.52 	0.00 	11.17 	0.00 
68899 	5.38 	2.37 	7.80 	0.00 	7.54 	0.00 
69038 	9.55 	4.32 	13.94 	0.00 	13.25 	0.00 
69070 	10.20 	4.73 	14.98 	0.00 	12.97 	0.00 
69322 	8.51 	3.79 	12.37 	0.00 	11.93 	0.00 
69351 	8.80 	3.98 	12.76 	0.00 	12.47 	0.00 
69557 	7.28 	3.36 	10.61 	0.00 	10.30 	0.00 
69763 	6.33 	2.90 	9.28 	0.00 	8.95 	0.00 
69894 	9.34 	4.19 	13.61 	0.00 	13.17 	0.00 
69932 	1.54 	0.67 	2.22 	0.00 	2.15 	0.00 
69976 	1.89 	0.83 	2.73 	0.00 	2.66 	0.00 
70002 	10.21 	4.61 	14.92 	0.00 	14.25 	0.00 
70227 	8.66 	3.97 	12.69 	0.00 	12.26 	0.00 
70273 	1.99 	0.91 	2.92 	0.00 	2.82 	0.00 
70334 	6.48 	2.92 	9.44 	0.00 	9.07 	0.00 
70428 	5.55 	2.41 	7.97 	0.00 	7.67 	0.00 
70429 	7.65 	3.54 	11.16 	0.00 	10.80 	0.00 
70474 	9.78 	4.50 	14.40 	0.00 	11.15 	0.00 
70511 	9.15 	4.19 	13.45 	0.00 	12.85 	0.00 
70699 	6.85 	3.08 	10.03 	0.00 	9.63 	0.00 
70700 	3.40 	1.49 	4.89 	0.00 	4.76 	0.00 
70816 	7.47 	3.32 	10.82 	0.00 	10.49 	0.00 
70829 	0.98 	0.43 	1.42 	0.00 	1.37 	0.00 
70861 	6.58 	3.14 	9.77 	0.00 	9.44 	0.00 
70940 	8.24 	3.81 	12.14 	0.00 	11.75 	0.00 
71006 	8.26 	3.74 	12.00 	0.00 	11.55 	0.00 
71059 	3.29 	1.45 	4.76 	0.00 	4.63 	0.00 
71144 	9.37 	4.38 	13.89 	0.00 	13.27 	0.00 
71147 	6.68 	3.01 	9.69 	0.00 	9.29 	0.00 
71162 	11.50 	5.44 	17.01 	0.00 	13.30 	0.00 
71221 	7.79 	3.63 	11.49 	0.00 	9.85 	0.00 
71269 	8.73 	3.95 	12.71 	0.00 	12.22 	0.00 
71296 	7.78 	3.64 	11.52 	0.00 	10.93 	0.00 
71435 	3.11 	1.35 	4.47 	0.00 	4.33 	0.00 
255 	0.05 	0.02 	0.07 	0.00 	0.06 	0.00 
71755 	6.17 	2.91 	9.18 	0.00 	8.80 	0.00 
1357 	0.25 	0.12 	0.36 	0.00 	0.31 	0.00 
7923 	1.40 	0.66 	2.06 	0.00 	1.82 	0.00 
16061 	2.54 	1.20 	3.76 	0.00 	3.27 	0.00 
71966 	6.58 	3.08 	9.69 	0.00 	9.35 	0.00 
751 	0.14 	0.06 	0.20 	0.00 	0.18 	0.00 
432 	0.08 	0.04 	0.12 	0.00 	0.10 	0.00 
72044 	8.74 	4.02 	12.82 	0.00 	12.29 	0.00 
185 	0.04 	0.02 	0.06 	0.00 	0.05 	0.00 
16111 	1.65 	0.78 	2.44 	0.00 	2.35 	0.00 
6224 	1.18 	0.56 	1.74 	0.00 	1.52 	0.00 
1086 	0.21 	0.10 	0.31 	0.00 	0.26 	0.00 
2454 	0.48 	0.22 	0.71 	0.00 	0.62 	0.00 
898 	0.17 	0.08 	0.25 	0.00 	0.22 	0.00 
72068 	11.02 	5.00 	16.06 	0.00 	15.33 	0.00 
1452 	0.28 	0.13 	0.42 	0.00 	0.36 	0.00 
778 	0.15 	0.07 	0.22 	0.00 	0.19 	0.00 
7853 	0.86 	0.41 	1.27 	0.00 	1.23 	0.00 
480 	0.13 	0.06 	0.19 	0.00 	0.11 	0.00 
1953 	0.37 	0.18 	0.55 	0.00 	0.48 	0.00 
4907 	0.93 	0.44 	1.37 	0.00 	1.18 	0.00 
10055 	1.22 	0.58 	1.81 	0.00 	1.75 	0.00 
18883 	2.78 	1.31 	4.10 	0.00 	3.57 	0.00 
936 	0.18 	0.08 	0.26 	0.00 	0.22 	0.00 
13725 	2.22 	1.04 	3.27 	0.00 	3.13 	0.00 
3042 	0.50 	0.24 	0.74 	0.00 	0.71 	0.00 
72097 	2.32 	1.07 	3.40 	0.00 	3.31 	0.00 
1417 	0.27 	0.13 	0.40 	0.00 	0.35 	0.00 
2610 	0.49 	0.23 	0.73 	0.00 	0.64 	0.00 
271 	0.05 	0.02 	0.08 	0.00 	0.07 	0.00 
272 	0.05 	0.02 	0.08 	0.00 	0.07 	0.00 
2589 	0.53 	0.25 	0.79 	0.00 	0.61 	0.00 
72101 	7.58 	3.44 	11.06 	0.00 	10.57 	0.00 
15556 	2.14 	1.01 	3.16 	0.00 	3.05 	0.00 
766 	0.16 	0.07 	0.23 	0.00 	0.19 	0.00 
8547 	1.60 	0.74 	2.37 	0.00 	2.07 	0.00 
9216 	1.73 	0.82 	2.57 	0.00 	2.22 	0.00 
1209 	0.23 	0.11 	0.34 	0.00 	0.29 	0.00 
1322 	0.25 	0.12 	0.37 	0.00 	0.33 	0.00 
472 	0.09 	0.04 	0.13 	0.00 	0.12 	0.00 
763 	0.15 	0.07 	0.22 	0.00 	0.19 	0.00 
2027 	0.38 	0.18 	0.57 	0.00 	0.49 	0.00 
1722 	0.31 	0.15 	0.46 	0.00 	0.41 	0.00 
72109 	8.45 	3.94 	12.48 	0.00 	12.07 	0.00 
72207 	1.22 	0.53 	1.76 	0.00 	1.69 	0.00 
154 	0.03 	0.01 	0.04 	0.00 	0.04 	0.00 
15811 	2.83 	1.34 	4.20 	0.00 	3.59 	0.00 
72335 	6.19 	2.72 	8.94 	0.00 	8.60 	0.00 
72354 	2.99 	1.29 	4.30 	0.00 	4.16 	0.00 
5455 	0.99 	0.47 	1.47 	0.00 	1.26 	0.00 
10882 	1.93 	0.91 	2.86 	0.00 	2.54 	0.00 
72403 	10.19 	4.58 	14.88 	0.00 	14.19 	0.00 
17875 	3.23 	1.53 	4.81 	0.00 	4.14 	0.00 
14054 	2.49 	1.18 	3.70 	0.00 	3.22 	0.00 
2415 	0.44 	0.21 	0.65 	0.00 	0.56 	0.00 
7428 	1.35 	0.63 	1.99 	0.00 	1.74 	0.00 
18814 	3.24 	1.52 	4.79 	0.00 	4.12 	0.00 
72584 	6.82 	2.99 	9.84 	0.00 	9.55 	0.00 
1892 	0.35 	0.16 	0.51 	0.00 	0.44 	0.00 
18513 	2.26 	1.07 	3.33 	0.00 	2.93 	0.00 
5610 	1.04 	0.49 	1.53 	0.00 	1.32 	0.00 
5971 	1.10 	0.52 	1.62 	0.00 	1.42 	0.00 
2905 	0.53 	0.25 	0.78 	0.00 	0.68 	0.00 
12375 	2.25 	1.06 	3.34 	0.00 	2.89 	0.00 
16691 	2.92 	1.38 	4.34 	0.00 	3.72 	0.00 
72606 	1.17 	0.51 	1.69 	0.00 	1.61 	0.00 
72696 	7.35 	3.32 	10.74 	0.00 	10.29 	0.00 
72924 	5.83 	2.66 	8.54 	0.00 	8.25 	0.00 
72965 	1.21 	0.52 	1.74 	0.00 	1.66 	0.00 
12849 	1.98 	0.93 	2.93 	0.00 	2.80 	0.00 
11430 	2.03 	0.96 	2.99 	0.00 	2.62 	0.00 
8728 	1.52 	0.72 	2.24 	0.00 	1.97 	0.00 
72991 	9.63 	4.39 	14.01 	0.00 	13.51 	0.00 
9839 	1.74 	0.81 	2.58 	0.00 	2.26 	0.00 
5481 	0.98 	0.46 	1.46 	0.00 	1.27 	0.00 
3848 	0.69 	0.33 	1.02 	0.00 	0.90 	0.00 
13091 	2.25 	1.06 	3.31 	0.00 	2.94 	0.00 
14334 	2.35 	1.11 	3.49 	0.00 	3.08 	0.00 
9373 	1.65 	0.78 	2.45 	0.00 	2.13 	0.00 
7646 	1.35 	0.64 	1.99 	0.00 	1.77 	0.00 
5562 	1.03 	0.49 	1.53 	0.00 	1.31 	0.00 
73078 	5.14 	2.37 	7.54 	0.00 	7.26 	0.00 
73140 	2.01 	0.89 	2.90 	0.00 	2.82 	0.00 
6050 	1.12 	0.53 	1.65 	0.00 	1.44 	0.00 
6242 	1.13 	0.54 	1.69 	0.00 	1.46 	0.00 
6035 	1.07 	0.51 	1.59 	0.00 	1.40 	0.00 
15980 	2.77 	1.31 	4.12 	0.00 	3.58 	0.00 
1475 	0.27 	0.13 	0.39 	0.00 	0.34 	0.00 
14024 	2.58 	1.20 	3.80 	0.00 	3.28 	0.00 
17321 	3.14 	1.48 	4.65 	0.00 	3.95 	0.00 
5543 	1.00 	0.47 	1.49 	0.00 	1.27 	0.00 
73186 	4.26 	1.96 	6.26 	0.00 	6.08 	0.00 
73216 	10.27 	4.72 	15.04 	0.00 	11.51 	0.00 
73237 	6.56 	2.96 	9.57 	0.00 	9.19 	0.00 
73252 	6.45 	2.84 	9.32 	0.00 	9.03 	0.00 
73269 	1.13 	0.50 	1.64 	0.00 	1.57 	0.00 
2474 	0.44 	0.21 	0.65 	0.00 	0.57 	0.00 
11033 	1.49 	0.69 	2.19 	0.00 	1.91 	0.00 
73332 	3.45 	1.58 	5.07 	0.00 	4.88 	0.00 
14301 	2.53 	1.18 	3.73 	0.00 	3.22 	0.00 
73468 	7.28 	3.24 	10.57 	0.00 	10.10 	0.00 
73629 	1.73 	0.77 	2.51 	0.00 	2.43 	0.00 
16414 	2.76 	1.30 	4.11 	0.00 	3.55 	0.00 
73647 	6.98 	3.16 	10.23 	0.00 	9.82 	0.00 
73666 	6.87 	3.13 	10.01 	0.00 	9.64 	0.00 
73712 	8.91 	4.01 	12.97 	0.00 	12.60 	0.00 
73806 	7.18 	3.29 	10.55 	0.00 	10.11 	0.00 
73826 	8.09 	3.70 	11.87 	0.00 	11.34 	0.00 
73894 	6.17 	2.82 	9.08 	0.00 	8.81 	0.00 
73909 	1.65 	0.76 	2.41 	0.00 	2.34 	0.00 
12084 	2.17 	1.02 	3.20 	0.00 	2.82 	0.00 
74040 	6.08 	2.65 	8.74 	0.00 	8.44 	0.00 
74123 	9.13 	4.08 	13.22 	0.00 	12.76 	0.00 
74125 	8.68 	3.90 	12.59 	0.00 	12.11 	0.00 
74213 	1.93 	0.84 	2.78 	0.00 	2.68 	0.00 
74371 	11.12 	5.00 	16.21 	0.00 	15.46 	0.00 
74371 	9.16 	4.24 	13.43 	0.00 	10.49 	0.00 
14816 	2.56 	1.21 	3.82 	0.00 	3.29 	0.00 
74383 	9.57 	4.46 	14.04 	0.00 	10.69 	0.00 
74430 	10.32 	4.73 	15.17 	0.00 	11.98 	0.00 
74451 	4.65 	2.14 	6.80 	0.00 	6.65 	0.00 
74721 	1.75 	0.76 	2.52 	0.00 	2.43 	0.00 
11937 	2.15 	1.00 	3.16 	0.00 	2.77 	0.00 
19684 	2.40 	1.14 	3.56 	0.00 	3.44 	0.00 
74881 	4.57 	2.18 	6.81 	0.00 	6.65 	0.00 
74885 	5.71 	2.68 	8.45 	0.00 	8.12 	0.00 
74923 	1.40 	0.61 	2.01 	0.00 	1.93 	0.00 
74923 	9.54 	4.45 	14.00 	0.00 	10.68 	0.00 
19531 	3.09 	1.47 	4.57 	0.00 	4.02 	0.00 
75037 	7.11 	3.33 	10.48 	0.00 	10.09 	0.00 
8873 	1.64 	0.77 	2.44 	0.00 	2.08 	0.00 
17462 	3.10 	1.45 	4.57 	0.00 	3.91 	0.00 
75358 	7.13 	3.17 	10.30 	0.00 	9.98 	0.00 
75412 	7.45 	3.38 	10.90 	0.00 	10.53 	0.00 
75416 	5.65 	2.47 	8.12 	0.00 	7.95 	0.00 
75436 	1.10 	0.53 	1.64 	0.00 	1.57 	0.00 
18071 	3.08 	1.44 	4.56 	0.00 	3.96 	0.00 
75490 	10.02 	4.64 	14.66 	0.00 	11.34 	0.00 
13912 	2.44 	1.14 	3.60 	0.00 	3.17 	0.00 
15171 	3.37 	1.61 	5.00 	0.00 	3.46 	0.00 
75721 	7.31 	3.21 	10.50 	0.00 	10.25 	0.00 
75791 	7.21 	3.37 	10.62 	0.00 	8.25 	0.00 
75879 	6.98 	3.19 	10.22 	0.00 	9.91 	0.00 
3849 	0.71 	0.33 	1.04 	0.00 	0.89 	0.00 
12745 	2.24 	1.05 	3.29 	0.00 	2.91 	0.00 
2779 	0.50 	0.24 	0.74 	0.00 	0.65 	0.00 
14587 	3.58 	1.71 	5.29 	0.00 	3.42 	0.00 
75973 	3.81 	1.68 	5.50 	0.00 	5.31 	0.00 
13145 	2.36 	1.11 	3.47 	0.00 	3.05 	0.00 
11221 	2.00 	0.93 	2.94 	0.00 	2.55 	0.00 
76006 	7.48 	3.40 	10.97 	0.00 	10.51 	0.00 
16128 	2.87 	1.34 	4.22 	0.00 	3.71 	0.00 
18950 	3.31 	1.55 	4.89 	0.00 	3.51 	0.00 
14071 	2.16 	1.03 	3.21 	0.00 	3.05 	0.00 
76101 	8.07 	3.60 	11.72 	0.00 	11.38 	0.00 
13731 	2.45 	1.14 	3.60 	0.00 	3.14 	0.00 
7650 	1.37 	0.64 	2.02 	0.00 	1.77 	0.00 
76168 	7.01 	3.06 	10.09 	0.00 	9.76 	0.00 
76183 	5.40 	2.37 	7.83 	0.00 	7.50 	0.00 
3116 	0.60 	0.29 	0.90 	0.00 	0.78 	0.00 
76292 	7.65 	3.49 	11.14 	0.00 	10.79 	0.00 
76447 	8.69 	3.93 	12.66 	0.00 	12.20 	0.00 
995 	0.19 	0.09 	0.28 	0.00 	0.24 	0.00 
2200 	0.30 	0.14 	0.44 	0.00 	0.43 	0.00 
76557 	1.72 	0.78 	2.50 	0.00 	2.41 	0.00 
12203 	2.18 	1.00 	3.20 	0.00 	2.79 	0.00 
76682 	11.72 	5.24 	16.91 	0.00 	16.45 	0.00 
76820 	7.33 	3.43 	10.77 	0.00 	8.53 	0.00 
10119 	1.80 	0.84 	2.66 	0.00 	2.31 	0.00 
76857 	7.62 	3.50 	11.20 	0.00 	10.93 	0.00 
76858 	1.96 	0.92 	2.89 	0.00 	2.77 	0.00 
76916 	7.40 	3.45 	10.93 	0.00 	10.55 	0.00 
6102 	1.08 	0.51 	1.61 	0.00 	1.40 	0.00 
10668 	1.87 	0.88 	2.74 	0.00 	2.42 	0.00 
19418 	3.46 	1.64 	5.10 	0.00 	4.47 	0.00 
76970 	1.80 	0.79 	2.59 	0.00 	2.50 	0.00 
76976 	10.25 	4.70 	14.98 	0.00 	14.48 	0.00 
7777 	1.41 	0.66 	2.09 	0.00 	1.82 	0.00 
77038 	10.23 	4.88 	15.21 	0.00 	14.72 	0.00 
77184 	7.44 	3.39 	10.93 	0.00 	10.41 	0.00 
77240 	5.91 	2.69 	8.61 	0.00 	8.38 	0.00 
17680 	1.96 	0.92 	2.89 	0.00 	2.82 	0.00 
9720 	1.76 	0.83 	2.61 	0.00 	2.27 	0.00 
16366 	2.53 	1.20 	3.74 	0.00 	3.22 	0.00 
77258 	8.85 	3.94 	12.90 	0.00 	12.15 	0.00 
6453 	1.16 	0.54 	1.71 	0.00 	1.48 	0.00 
914 	0.15 	0.07 	0.23 	0.00 	0.20 	0.00 
7600 	1.35 	0.64 	2.02 	0.00 	1.74 	0.00 
12632 	2.26 	1.05 	3.33 	0.00 	2.92 	0.00 
16925 	3.03 	1.43 	4.48 	0.00 	3.90 	0.00 
9578 	1.72 	0.80 	2.54 	0.00 	2.24 	0.00 
77362 	6.83 	3.07 	9.95 	0.00 	9.65 	0.00 
10396 	2.40 	1.14 	3.53 	0.00 	2.44 	0.00 
77369 	6.83 	3.12 	10.00 	0.00 	9.59 	0.00 
77416 	10.48 	4.75 	15.22 	0.00 	14.72 	0.00 
12332 	2.19 	1.03 	3.24 	0.00 	2.84 	0.00 
77491 	8.80 	4.08 	12.92 	0.00 	12.40 	0.00 
19085 	2.63 	1.24 	3.90 	0.00 	3.78 	0.00 
77556 	7.17 	3.11 	10.33 	0.00 	9.87 	0.00 
7649 	1.33 	0.64 	1.97 	0.00 	1.73 	0.00 
10747 	1.91 	0.90 	2.82 	0.00 	2.48 	0.00 
8312 	1.46 	0.70 	2.17 	0.00 	1.92 	0.00 
77576 	1.83 	0.86 	2.70 	0.00 	2.61 	0.00 
15981 	2.89 	1.36 	4.27 	0.00 	3.75 	0.00 
15728 	2.84 	1.33 	4.19 	0.00 	3.71 	0.00 
77606 	5.16 	2.29 	7.46 	0.00 	7.18 	0.00 
12801 	2.24 	1.06 	3.32 	0.00 	2.93 	0.00 
77683 	7.09 	3.21 	10.40 	0.00 	9.96 	0.00 
8291 	1.48 	0.70 	2.18 	0.00 	1.91 	0.00 
77734 	7.06 	3.11 	10.19 	0.00 	9.83 	0.00 
6634 	1.26 	0.60 	1.87 	0.00 	1.63 	0.00 
12240 	1.98 	0.93 	2.93 	0.00 	2.84 	0.00 
19870 	3.80 	1.79 	5.64 	0.00 	4.79 	0.00 
12532 	1.92 	0.90 	2.85 	0.00 	2.48 	0.00 
11621 	2.31 	1.11 	3.44 	0.00 	2.93 	0.00 
77771 	7.88 	3.50 	11.37 	0.00 	11.02 	0.00 
77784 	7.53 	3.53 	11.09 	0.00 	10.69 	0.00 
77936 	2.12 	1.00 	3.13 	0.00 	2.16 	0.00 
18759 	3.54 	1.68 	5.22 	0.00 	4.52 	0.00 
15356 	3.01 	1.42 	4.43 	0.00 	3.85 	0.00 
11439 	2.18 	1.03 	3.21 	0.00 	2.80 	0.00 
10363 	1.98 	0.94 	2.95 	0.00 	2.50 	0.00 
11376 	2.18 	1.04 	3.24 	0.00 	2.86 	0.00 
11017 	2.06 	0.99 	3.06 	0.00 	2.68 	0.00 
2855 	0.53 	0.25 	0.79 	0.00 	0.69 	0.00 
12032 	2.29 	1.07 	3.36 	0.00 	2.91 	0.00 
17932 	3.48 	1.66 	5.16 	0.00 	4.47 	0.00 
77955 	13.26 	6.02 	19.50 	0.00 	15.38 	0.00 
10460 	2.00 	0.94 	2.96 	0.00 	2.54 	0.00 
78044 	9.65 	4.33 	14.10 	0.00 	13.57 	0.00 
78046 	7.67 	3.48 	11.17 	0.00 	10.77 	0.00 
18027 	3.42 	1.60 	5.07 	0.00 	4.37 	0.00 
7941 	1.52 	0.73 	2.26 	0.00 	1.94 	0.00 
11019 	2.19 	1.03 	3.24 	0.00 	2.79 	0.00 
12960 	2.56 	1.22 	3.80 	0.00 	3.26 	0.00 
11098 	1.98 	0.93 	2.93 	0.00 	2.56 	0.00 
78163 	10.52 	4.70 	15.25 	0.00 	14.80 	0.00 
78172 	7.44 	3.37 	10.89 	0.00 	10.59 	0.00 
4383 	0.77 	0.36 	1.14 	0.00 	1.00 	0.00 
12643 	2.19 	1.04 	3.24 	0.00 	2.85 	0.00 
9844 	1.72 	0.81 	2.56 	0.00 	2.22 	0.00 
16079 	2.77 	1.32 	4.10 	0.00 	3.58 	0.00 
13746 	2.42 	1.12 	3.59 	0.00 	3.11 	0.00 
10538 	1.87 	0.87 	2.76 	0.00 	2.42 	0.00 
5857 	0.78 	0.37 	1.16 	0.00 	1.11 	0.00 
4753 	0.81 	0.38 	1.20 	0.00 	1.04 	0.00 
17904 	2.50 	1.18 	3.72 	0.00 	3.32 	0.00 
18176 	2.80 	1.32 	4.16 	0.00 	3.70 	0.00 
12910 	2.25 	1.07 	3.34 	0.00 	2.96 	0.00 
78411 	2.93 	1.32 	4.25 	0.00 	4.13 	0.00 
78419 	4.14 	1.90 	6.06 	0.00 	5.86 	0.00 
78432 	2.75 	1.20 	3.97 	0.00 	3.83 	0.00 
5600 	0.95 	0.45 	1.41 	0.00 	1.24 	0.00 
2638 	0.46 	0.22 	0.69 	0.00 	0.61 	0.00 
3387 	0.60 	0.28 	0.89 	0.00 	0.79 	0.00 
78509 	6.38 	3.00 	9.46 	0.00 	9.16 	0.00 
12994 	2.23 	1.05 	3.30 	0.00 	2.90 	0.00 
17882 	2.37 	1.10 	3.49 	0.00 	3.12 	0.00 
78548 	1.15 	0.50 	1.65 	0.00 	1.59 	0.00 
78550 	9.05 	4.07 	13.19 	0.00 	12.73 	0.00 
1281 	0.25 	0.12 	0.37 	0.00 	0.31 	0.00 
2561 	0.51 	0.24 	0.76 	0.00 	0.62 	0.00 
2639 	0.49 	0.23 	0.73 	0.00 	0.62 	0.00 
2070 	0.39 	0.18 	0.57 	0.00 	0.48 	0.00 
3022 	0.59 	0.28 	0.87 	0.00 	0.71 	0.00 
4344 	0.69 	0.32 	1.02 	0.00 	0.98 	0.00 
1573 	0.30 	0.14 	0.45 	0.00 	0.37 	0.00 
772 	0.15 	0.07 	0.21 	0.00 	0.18 	0.00 
1976 	0.38 	0.18 	0.57 	0.00 	0.47 	0.00 
1797 	0.33 	0.15 	0.49 	0.00 	0.40 	0.00 
1567 	0.30 	0.14 	0.45 	0.00 	0.37 	0.00 
78582 	1.95 	0.84 	2.81 	0.00 	2.71 	0.00 
1221 	0.23 	0.11 	0.34 	0.00 	0.29 	0.00 
2526 	0.48 	0.22 	0.71 	0.00 	0.60 	0.00 
2452 	0.46 	0.22 	0.68 	0.00 	0.57 	0.00 
799 	0.15 	0.07 	0.22 	0.00 	0.18 	0.00 
7291 	1.41 	0.67 	2.09 	0.00 	1.73 	0.00 
10408 	1.00 	0.48 	1.49 	0.00 	1.44 	0.00 
2362 	0.46 	0.21 	0.67 	0.00 	0.56 	0.00 
2917 	0.57 	0.27 	0.84 	0.00 	0.69 	0.00 
9405 	1.72 	0.81 	2.53 	0.00 	2.14 	0.00 
5755 	1.07 	0.50 	1.58 	0.00 	1.32 	0.00 
2117 	0.40 	0.19 	0.59 	0.00 	0.49 	0.00 
2926 	0.41 	0.19 	0.60 	0.00 	0.58 	0.00 
3033 	0.43 	0.20 	0.64 	0.00 	0.61 	0.00 
5102 	0.72 	0.35 	1.07 	0.00 	1.03 	0.00 
5816 	0.81 	0.38 	1.19 	0.00 	1.15 	0.00 
11546 	1.47 	0.69 	2.17 	0.00 	2.10 	0.00 
2528 	0.37 	0.17 	0.55 	0.00 	0.53 	0.00 
3551 	0.51 	0.24 	0.75 	0.00 	0.72 	0.00 
7418 	0.76 	0.36 	1.13 	0.00 	1.09 	0.00 
3056 	0.37 	0.18 	0.56 	0.00 	0.53 	0.00 
2738 	0.39 	0.19 	0.58 	0.00 	0.56 	0.00 
2725 	0.36 	0.17 	0.53 	0.00 	0.51 	0.00 
78614 	3.35 	1.59 	4.95 	0.00 	2.16 	0.00 
2520 	0.28 	0.13 	0.42 	0.00 	0.40 	0.00 
3791 	0.54 	0.25 	0.80 	0.00 	0.77 	0.00 
2169 	0.31 	0.14 	0.45 	0.00 	0.43 	0.00 
4789 	0.67 	0.31 	0.99 	0.00 	0.95 	0.00 
2179 	0.30 	0.14 	0.45 	0.00 	0.43 	0.00 
1816 	0.26 	0.12 	0.39 	0.00 	0.37 	0.00 
714 	0.10 	0.05 	0.15 	0.00 	0.14 	0.00 
2082 	0.33 	0.15 	0.48 	0.00 	0.46 	0.00 
1732 	0.24 	0.11 	0.36 	0.00 	0.34 	0.00 
4340 	0.61 	0.28 	0.90 	0.00 	0.87 	0.00 
1277 	0.18 	0.09 	0.27 	0.00 	0.26 	0.00 
2607 	0.37 	0.18 	0.55 	0.00 	0.53 	0.00 
1767 	0.26 	0.13 	0.39 	0.00 	0.38 	0.00 
3567 	0.53 	0.25 	0.79 	0.00 	0.75 	0.00 
1492 	0.28 	0.13 	0.41 	0.00 	0.35 	0.00 
8735 	0.97 	0.46 	1.43 	0.00 	1.39 	0.00 
1906 	0.38 	0.18 	0.55 	0.00 	0.45 	0.00 
2448 	0.46 	0.22 	0.68 	0.00 	0.57 	0.00 
6056 	0.97 	0.45 	1.43 	0.00 	1.38 	0.00 
5768 	1.05 	0.50 	1.56 	0.00 	1.31 	0.00 
2044 	0.31 	0.14 	0.46 	0.00 	0.44 	0.00 
1915 	0.36 	0.17 	0.53 	0.00 	0.45 	0.00 
1437 	0.27 	0.13 	0.40 	0.00 	0.34 	0.00 
1767 	0.33 	0.15 	0.49 	0.00 	0.41 	0.00 
9244 	0.80 	0.37 	1.17 	0.00 	1.14 	0.00 
4062 	0.77 	0.36 	1.15 	0.00 	0.98 	0.00 
3642 	0.71 	0.34 	1.06 	0.00 	0.88 	0.00 
1099 	0.21 	0.10 	0.31 	0.00 	0.26 	0.00 
1748 	0.34 	0.16 	0.50 	0.00 	0.42 	0.00 
2201 	0.42 	0.20 	0.62 	0.00 	0.52 	0.00 
15008 	1.70 	0.82 	2.51 	0.00 	2.43 	0.00 
78633 	6.52 	3.08 	9.66 	0.00 	9.33 	0.00 
774 	0.15 	0.07 	0.22 	0.00 	0.19 	0.00 
2181 	0.41 	0.19 	0.61 	0.00 	0.50 	0.00 
2652 	0.43 	0.20 	0.63 	0.00 	0.60 	0.00 
9864 	1.30 	0.61 	1.93 	0.00 	1.84 	0.00 
2599 	0.50 	0.23 	0.74 	0.00 	0.62 	0.00 
1071 	0.20 	0.10 	0.30 	0.00 	0.25 	0.00 
1876 	0.35 	0.17 	0.52 	0.00 	0.43 	0.00 
1680 	0.31 	0.15 	0.46 	0.00 	0.39 	0.00 
1886 	0.37 	0.18 	0.55 	0.00 	0.46 	0.00 
3977 	0.76 	0.36 	1.12 	0.00 	0.93 	0.00 
2310 	0.33 	0.16 	0.49 	0.00 	0.47 	0.00 
1425 	0.28 	0.13 	0.41 	0.00 	0.35 	0.00 
884 	0.13 	0.06 	0.20 	0.00 	0.19 	0.00 
707 	0.13 	0.06 	0.19 	0.00 	0.16 	0.00 
5378 	1.04 	0.49 	1.53 	0.00 	1.27 	0.00 
154 	0.03 	0.01 	0.04 	0.00 	0.04 	0.00 
10764 	1.08 	0.51 	1.60 	0.00 	1.54 	0.00 
1863 	0.35 	0.17 	0.52 	0.00 	0.44 	0.00 
1761 	0.34 	0.16 	0.50 	0.00 	0.42 	0.00 
1711 	0.27 	0.13 	0.40 	0.00 	0.38 	0.00 
1102 	0.20 	0.09 	0.30 	0.00 	0.25 	0.00 
4125 	0.77 	0.36 	1.14 	0.00 	0.95 	0.00 
2758 	0.51 	0.24 	0.76 	0.00 	0.64 	0.00 
10595 	1.04 	0.50 	1.55 	0.00 	1.49 	0.00 
78668 	7.29 	3.34 	10.69 	0.00 	10.24 	0.00 
6479 	0.61 	0.29 	0.90 	0.00 	0.87 	0.00 
3401 	0.65 	0.30 	0.96 	0.00 	0.80 	0.00 
5186 	0.96 	0.45 	1.42 	0.00 	1.19 	0.00 
2388 	0.46 	0.22 	0.68 	0.00 	0.57 	0.00 
3694 	0.52 	0.24 	0.78 	0.00 	0.74 	0.00 
3092 	0.57 	0.27 	0.83 	0.00 	0.70 	0.00 
5524 	1.02 	0.48 	1.51 	0.00 	1.26 	0.00 
5633 	1.07 	0.50 	1.57 	0.00 	1.32 	0.00 
7817 	1.50 	0.70 	2.21 	0.00 	1.84 	0.00 
10189 	1.80 	0.85 	2.66 	0.00 	2.26 	0.00 
78854 	7.81 	3.51 	11.33 	0.00 	10.84 	0.00 
8147 	1.11 	0.52 	1.64 	0.00 	1.58 	0.00 
1474 	0.29 	0.13 	0.42 	0.00 	0.35 	0.00 
151 	0.03 	0.01 	0.04 	0.00 	0.04 	0.00 
5298 	0.98 	0.46 	1.45 	0.00 	1.23 	0.00 
10775 	0.25 	0.12 	0.36 	0.00 	0.36 	0.00 
2280 	0.45 	0.21 	0.67 	0.00 	0.56 	0.00 
4107 	0.36 	0.17 	0.54 	0.00 	0.52 	0.00 
4422 	0.47 	0.22 	0.70 	0.00 	0.67 	0.00 
6315 	0.99 	0.46 	1.45 	0.00 	1.40 	0.00 
991 	0.19 	0.09 	0.28 	0.00 	0.23 	0.00 
1132 	0.16 	0.08 	0.24 	0.00 	0.23 	0.00 
1652 	0.33 	0.15 	0.48 	0.00 	0.40 	0.00 
7357 	1.08 	0.51 	1.60 	0.00 	1.54 	0.00 
3987 	0.44 	0.21 	0.66 	0.00 	0.64 	0.00 
17 	0.00 	0.00 	0.00 	0.00 	0.00 	0.00 
7012 	1.36 	0.64 	2.00 	0.00 	1.65 	0.00 
3147 	0.47 	0.22 	0.70 	0.00 	0.67 	0.00 
10940 	0.94 	0.44 	1.40 	0.00 	1.34 	0.00 
1445 	0.27 	0.13 	0.40 	0.00 	0.33 	0.00 
1123 	0.21 	0.10 	0.32 	0.00 	0.26 	0.00 
547 	0.07 	0.03 	0.10 	0.00 	0.10 	0.00 
4836 	0.95 	0.44 	1.40 	0.00 	1.16 	0.00 
915 	0.19 	0.09 	0.28 	0.00 	0.23 	0.00 
2315 	0.33 	0.16 	0.49 	0.00 	0.48 	0.00 
10964 	0.71 	0.34 	1.05 	0.00 	1.01 	0.00 
1921 	0.30 	0.14 	0.45 	0.00 	0.43 	0.00 
2266 	0.42 	0.20 	0.62 	0.00 	0.52 	0.00 
78884 	10.05 	4.57 	14.70 	0.00 	14.20 	0.00 
1207 	0.23 	0.11 	0.35 	0.00 	0.29 	0.00 
193 	0.04 	0.02 	0.05 	0.00 	0.04 	0.00 
252 	0.05 	0.02 	0.07 	0.00 	0.06 	0.00 
16 	0.00 	0.00 	0.00 	0.00 	0.00 	0.00 
3467 	0.68 	0.32 	1.00 	0.00 	0.83 	0.00 
3282 	0.64 	0.29 	0.94 	0.00 	0.78 	0.00 
16233 	0.75 	0.36 	1.11 	0.00 	1.09 	0.00 
1218 	0.24 	0.11 	0.35 	0.00 	0.29 	0.00 
5046 	0.98 	0.47 	1.46 	0.00 	1.21 	0.00 
7158 	0.87 	0.42 	1.30 	0.00 	1.25 	0.00 
2728 	0.53 	0.25 	0.78 	0.00 	0.65 	0.00 
10496 	0.86 	0.41 	1.27 	0.00 	1.22 	0.00 
5842 	1.15 	0.54 	1.71 	0.00 	1.38 	0.00 
2005 	0.37 	0.18 	0.55 	0.00 	0.46 	0.00 
2245 	0.31 	0.14 	0.45 	0.00 	0.44 	0.00 
1853 	0.28 	0.13 	0.41 	0.00 	0.39 	0.00 
2568 	0.46 	0.22 	0.68 	0.00 	0.57 	0.00 
1037 	0.20 	0.09 	0.30 	0.00 	0.25 	0.00 
2135 	0.40 	0.19 	0.59 	0.00 	0.50 	0.00 
1465 	0.28 	0.13 	0.41 	0.00 	0.35 	0.00 
79159 	11.17 	5.03 	16.25 	0.00 	15.56 	0.00 
3570 	0.69 	0.33 	1.01 	0.00 	0.86 	0.00 
2854 	0.44 	0.21 	0.65 	0.00 	0.62 	0.00 
1482 	0.30 	0.14 	0.44 	0.00 	0.36 	0.00 
10439 	1.05 	0.50 	1.55 	0.00 	1.51 	0.00 
1619 	0.32 	0.15 	0.47 	0.00 	0.40 	0.00 
276 	0.05 	0.02 	0.08 	0.00 	0.06 	0.00 
6843 	1.29 	0.60 	1.89 	0.00 	1.58 	0.00 
1097 	0.21 	0.10 	0.31 	0.00 	0.26 	0.00 
368 	0.07 	0.03 	0.10 	0.00 	0.09 	0.00 
3452 	0.68 	0.32 	1.00 	0.00 	0.83 	0.00 
14709 	2.17 	1.05 	3.23 	0.00 	2.71 	0.00 
1901 	0.27 	0.13 	0.40 	0.00 	0.38 	0.00 
1446 	0.27 	0.13 	0.41 	0.00 	0.34 	0.00 
3111 	0.56 	0.26 	0.83 	0.00 	0.70 	0.00 
1049 	0.20 	0.09 	0.30 	0.00 	0.25 	0.00 
3176 	0.60 	0.29 	0.89 	0.00 	0.75 	0.00 
12591 	1.89 	0.89 	2.80 	0.00 	2.36 	0.00 
79179 	9.42 	4.34 	13.81 	0.00 	10.84 	0.00 
11058 	1.71 	0.80 	2.53 	0.00 	2.43 	0.00 
79199 	2.00 	0.94 	2.95 	0.00 	2.88 	0.00 
5046 	0.95 	0.44 	1.39 	0.00 	1.19 	0.00 
2754 	0.53 	0.25 	0.78 	0.00 	0.65 	0.00 
2435 	0.48 	0.23 	0.71 	0.00 	0.59 	0.00 
5213 	0.97 	0.45 	1.43 	0.00 	1.19 	0.00 
8627 	1.68 	0.78 	2.47 	0.00 	2.04 	0.00 
2618 	0.49 	0.23 	0.72 	0.00 	0.62 	0.00 
1896 	0.33 	0.16 	0.49 	0.00 	0.42 	0.00 
2591 	0.50 	0.24 	0.74 	0.00 	0.57 	0.00 
1789 	0.34 	0.16 	0.51 	0.00 	0.42 	0.00 
79341 	2.41 	1.05 	3.48 	0.00 	3.35 	0.00 
5656 	1.07 	0.50 	1.57 	0.00 	1.34 	0.00 
2616 	0.38 	0.18 	0.56 	0.00 	0.54 	0.00 
3398 	0.66 	0.31 	0.98 	0.00 	0.81 	0.00 
4151 	0.64 	0.30 	0.95 	0.00 	0.91 	0.00 
10683 	1.13 	0.53 	1.67 	0.00 	1.62 	0.00 
3427 	0.66 	0.31 	0.98 	0.00 	0.81 	0.00 
79382 	7.61 	3.32 	10.95 	0.00 	10.64 	0.00 
4849 	0.72 	0.34 	1.07 	0.00 	0.89 	0.00 
1435 	0.26 	0.12 	0.39 	0.00 	0.33 	0.00 
532 	0.10 	0.05 	0.15 	0.00 	0.12 	0.00 
734 	0.14 	0.06 	0.20 	0.00 	0.17 	0.00 
1470 	0.28 	0.13 	0.41 	0.00 	0.35 	0.00 
11493 	0.36 	0.17 	0.53 	0.00 	0.52 	0.00 
13447 	0.68 	0.32 	1.01 	0.00 	0.98 	0.00 
4319 	0.81 	0.38 	1.19 	0.00 	0.99 	0.00 
980 	0.18 	0.09 	0.27 	0.00 	0.23 	0.00 
3733 	0.71 	0.33 	1.04 	0.00 	0.89 	0.00 
838 	0.16 	0.07 	0.23 	0.00 	0.20 	0.00 
3368 	0.37 	0.17 	0.54 	0.00 	0.53 	0.00 
14285 	2.00 	0.93 	2.95 	0.00 	2.86 	0.00 
5255 	0.96 	0.45 	1.41 	0.00 	1.14 	0.00 
4503 	0.66 	0.31 	0.97 	0.00 	0.94 	0.00 
2269 	0.43 	0.20 	0.64 	0.00 	0.52 	0.00 
1570 	0.23 	0.11 	0.34 	0.00 	0.33 	0.00 
9438 	0.42 	0.20 	0.62 	0.00 	0.60 	0.00 
1508 	0.27 	0.13 	0.41 	0.00 	0.34 	0.00 
624 	0.12 	0.05 	0.17 	0.00 	0.14 	0.00 
737 	0.14 	0.06 	0.20 	0.00 	0.17 	0.00 
3514 	0.64 	0.30 	0.95 	0.00 	0.77 	0.00 
2067 	0.38 	0.18 	0.56 	0.00 	0.48 	0.00 
2288 	0.42 	0.20 	0.63 	0.00 	0.51 	0.00 
4655 	0.65 	0.31 	0.96 	0.00 	0.91 	0.00 
1702 	0.32 	0.15 	0.47 	0.00 	0.40 	0.00 
1728 	0.32 	0.15 	0.48 	0.00 	0.40 	0.00 
1611 	0.24 	0.11 	0.36 	0.00 	0.34 	0.00 
79420 	9.83 	4.54 	14.44 	0.00 	13.89 	0.00 
13627 	0.35 	0.17 	0.51 	0.00 	0.50 	0.00 
1717 	0.32 	0.15 	0.47 	0.00 	0.39 	0.00 
79436 	1.08 	0.47 	1.55 	0.00 	1.49 	0.00 
2694 	0.47 	0.22 	0.69 	0.00 	0.58 	0.00 
422 	0.08 	0.04 	0.12 	0.00 	0.10 	0.00 
4012 	0.60 	0.28 	0.89 	0.00 	0.85 	0.00 
810 	0.15 	0.07 	0.22 	0.00 	0.19 	0.00 
8429 	1.63 	0.77 	2.42 	0.00 	1.97 	0.00 
12738 	0.98 	0.46 	1.45 	0.00 	1.40 	0.00 
1986 	0.37 	0.17 	0.54 	0.00 	0.46 	0.00 
1862 	0.27 	0.13 	0.41 	0.00 	0.39 	0.00 
1806 	0.34 	0.16 	0.50 	0.00 	0.41 	0.00 
6122 	1.16 	0.55 	1.73 	0.00 	1.42 	0.00 
1983 	0.37 	0.17 	0.55 	0.00 	0.45 	0.00 
280 	0.05 	0.03 	0.08 	0.00 	0.07 	0.00 
1056 	0.20 	0.09 	0.30 	0.00 	0.25 	0.00 
1977 	0.28 	0.13 	0.41 	0.00 	0.40 	0.00 
2781 	0.51 	0.24 	0.75 	0.00 	0.64 	0.00 
6703 	0.54 	0.26 	0.80 	0.00 	0.77 	0.00 
3504 	0.62 	0.30 	0.92 	0.00 	0.78 	0.00 
2951 	0.53 	0.25 	0.77 	0.00 	0.66 	0.00 
3819 	0.69 	0.33 	1.03 	0.00 	0.85 	0.00 
3448 	0.49 	0.23 	0.72 	0.00 	0.70 	0.00 
1858 	0.26 	0.12 	0.39 	0.00 	0.37 	0.00 
8033 	1.13 	0.54 	1.67 	0.00 	1.62 	0.00 
1757 	0.33 	0.16 	0.49 	0.00 	0.40 	0.00 
8087 	1.14 	0.53 	1.69 	0.00 	1.61 	0.00 
2040 	0.31 	0.15 	0.46 	0.00 	0.44 	0.00 
6022 	0.76 	0.36 	1.13 	0.00 	1.09 	0.00 
12545 	1.81 	0.85 	2.69 	0.00 	2.61 	0.00 
4610 	0.53 	0.25 	0.79 	0.00 	0.76 	0.00 
4645 	0.48 	0.22 	0.71 	0.00 	0.68 	0.00 
2057 	0.30 	0.14 	0.45 	0.00 	0.43 	0.00 
3544 	0.53 	0.25 	0.78 	0.00 	0.75 	0.00 
3375 	0.51 	0.24 	0.76 	0.00 	0.72 	0.00 
6630 	0.87 	0.41 	1.28 	0.00 	1.23 	0.00 
79459 	10.89 	5.00 	16.05 	0.00 	12.61 	0.00 
5923 	0.90 	0.42 	1.32 	0.00 	1.28 	0.00 
1341 	0.21 	0.10 	0.30 	0.00 	0.29 	0.00 
5179 	0.62 	0.29 	0.92 	0.00 	0.88 	0.00 
3194 	0.46 	0.21 	0.67 	0.00 	0.65 	0.00 
1421 	0.22 	0.11 	0.33 	0.00 	0.32 	0.00 
2079 	0.32 	0.15 	0.48 	0.00 	0.46 	0.00 
1246 	0.22 	0.10 	0.33 	0.00 	0.28 	0.00 
8211 	1.17 	0.55 	1.73 	0.00 	1.65 	0.00 
2557 	0.37 	0.18 	0.55 	0.00 	0.53 	0.00 
3564 	0.55 	0.25 	0.81 	0.00 	0.78 	0.00 
5124 	0.70 	0.33 	1.04 	0.00 	1.00 	0.00 
13003 	1.90 	0.89 	2.80 	0.00 	2.69 	0.00 
2487 	0.48 	0.23 	0.71 	0.00 	0.59 	0.00 
12482 	1.35 	0.64 	1.99 	0.00 	1.93 	0.00 
2069 	0.41 	0.19 	0.60 	0.00 	0.50 	0.00 
3802 	0.71 	0.33 	1.04 	0.00 	0.88 	0.00 
6022 	1.13 	0.53 	1.67 	0.00 	1.40 	0.00 
19554 	2.04 	0.96 	3.02 	0.00 	2.90 	0.00 
2218 	0.43 	0.20 	0.64 	0.00 	0.53 	0.00 
1697 	0.33 	0.16 	0.49 	0.00 	0.41 	0.00 
1773 	0.34 	0.16 	0.49 	0.00 	0.41 	0.00 
1282 	0.24 	0.12 	0.36 	0.00 	0.30 	0.00 
3435 	0.63 	0.30 	0.93 	0.00 	0.78 	0.00 
3227 	0.60 	0.28 	0.88 	0.00 	0.75 	0.00 
1309 	0.24 	0.11 	0.36 	0.00 	0.30 	0.00 
1570 	0.29 	0.14 	0.43 	0.00 	0.37 	0.00 
4855 	0.90 	0.42 	1.33 	0.00 	1.11 	0.00 
9295 	1.39 	0.66 	2.05 	0.00 	1.98 	0.00 
3716 	0.52 	0.24 	0.77 	0.00 	0.73 	0.00 
5878 	0.90 	0.42 	1.32 	0.00 	1.27 	0.00 
7128 	1.07 	0.50 	1.58 	0.00 	1.51 	0.00 
2201 	0.30 	0.14 	0.45 	0.00 	0.43 	0.00 
956 	0.18 	0.09 	0.27 	0.00 	0.22 	0.00 
2214 	0.41 	0.19 	0.60 	0.00 	0.51 	0.00 
1339 	0.21 	0.10 	0.30 	0.00 	0.29 	0.00 
3924 	0.75 	0.35 	1.11 	0.00 	0.93 	0.00 
5275 	0.73 	0.35 	1.08 	0.00 	1.05 	0.00 
5457 	1.00 	0.47 	1.48 	0.00 	1.23 	0.00 
1915 	0.36 	0.17 	0.52 	0.00 	0.44 	0.00 
3097 	0.57 	0.27 	0.85 	0.00 	0.70 	0.00 
3827 	0.71 	0.33 	1.05 	0.00 	0.87 	0.00 
2593 	0.47 	0.22 	0.69 	0.00 	0.57 	0.00 
1328 	0.26 	0.12 	0.39 	0.00 	0.32 	0.00 
1797 	0.32 	0.15 	0.48 	0.00 	0.39 	0.00 
1572 	0.29 	0.13 	0.42 	0.00 	0.35 	0.00 
4872 	0.92 	0.43 	1.36 	0.00 	1.14 	0.00 
79518 	11.27 	5.05 	16.21 	0.00 	15.80 	0.00 
1761 	0.25 	0.11 	0.37 	0.00 	0.35 	0.00 
3162 	0.61 	0.29 	0.91 	0.00 	0.76 	0.00 
79595 	9.80 	4.45 	14.29 	0.00 	13.72 	0.00 
1698 	0.31 	0.15 	0.46 	0.00 	0.39 	0.00 
12136 	1.20 	0.57 	1.76 	0.00 	1.71 	0.00 
1499 	0.17 	0.08 	0.26 	0.00 	0.25 	0.00 
3399 	0.63 	0.30 	0.93 	0.00 	0.76 	0.00 
4101 	0.69 	0.32 	1.03 	0.00 	0.85 	0.00 
4235 	0.81 	0.38 	1.19 	0.00 	0.99 	0.00 
2389 	0.43 	0.20 	0.64 	0.00 	0.54 	0.00 
3121 	0.48 	0.23 	0.71 	0.00 	0.56 	0.00 
2942 	0.53 	0.25 	0.78 	0.00 	0.64 	0.00 
1728 	0.31 	0.15 	0.46 	0.00 	0.39 	0.00 
1811 	0.34 	0.16 	0.51 	0.00 	0.42 	0.00 
12720 	1.09 	0.51 	1.62 	0.00 	1.56 	0.00 
3704 	0.69 	0.32 	1.02 	0.00 	0.84 	0.00 
3014 	0.59 	0.28 	0.88 	0.00 	0.71 	0.00 
2217 	0.41 	0.19 	0.60 	0.00 	0.47 	0.00 
5211 	0.98 	0.47 	1.46 	0.00 	1.16 	0.00 
2320 	0.44 	0.21 	0.65 	0.00 	0.54 	0.00 
4365 	0.55 	0.26 	0.81 	0.00 	0.78 	0.00 
6206 	0.93 	0.44 	1.38 	0.00 	1.32 	0.00 
2707 	0.49 	0.23 	0.72 	0.00 	0.61 	0.00 
2239 	0.42 	0.20 	0.63 	0.00 	0.51 	0.00 
79629 	9.20 	4.14 	13.40 	0.00 	12.87 	0.00 
1877 	0.26 	0.12 	0.38 	0.00 	0.31 	0.00 
1185 	0.22 	0.10 	0.32 	0.00 	0.26 	0.00 
4516 	0.85 	0.40 	1.25 	0.00 	1.02 	0.00 
2958 	0.37 	0.17 	0.55 	0.00 	0.53 	0.00 
3003 	0.54 	0.25 	0.79 	0.00 	0.67 	0.00 
1896 	0.37 	0.17 	0.55 	0.00 	0.43 	0.00 
3139 	0.49 	0.23 	0.72 	0.00 	0.69 	0.00 
2319 	0.30 	0.14 	0.45 	0.00 	0.43 	0.00 
3231 	0.56 	0.26 	0.83 	0.00 	0.70 	0.00 
2734 	0.50 	0.24 	0.74 	0.00 	0.57 	0.00 
3284 	0.55 	0.26 	0.81 	0.00 	0.69 	0.00 
1294 	0.25 	0.12 	0.37 	0.00 	0.30 	0.00 
4266 	0.78 	0.37 	1.17 	0.00 	0.95 	0.00 
2135 	0.40 	0.19 	0.59 	0.00 	0.47 	0.00 
11413 	2.12 	1.00 	3.14 	0.00 	2.66 	0.00 
4279 	0.78 	0.37 	1.16 	0.00 	0.97 	0.00 
2358 	0.42 	0.20 	0.62 	0.00 	0.52 	0.00 
4596 	0.85 	0.40 	1.25 	0.00 	1.06 	0.00 
4381 	0.78 	0.36 	1.15 	0.00 	0.98 	0.00 
4176 	0.73 	0.35 	1.09 	0.00 	0.92 	0.00 
1955 	0.36 	0.17 	0.53 	0.00 	0.45 	0.00 
1471 	0.26 	0.12 	0.38 	0.00 	0.32 	0.00 
4403 	0.78 	0.36 	1.15 	0.00 	0.97 	0.00 
3580 	0.63 	0.30 	0.94 	0.00 	0.79 	0.00 
764 	0.14 	0.07 	0.21 	0.00 	0.17 	0.00 
3912 	0.41 	0.19 	0.60 	0.00 	0.58 	0.00 
3492 	0.51 	0.24 	0.75 	0.00 	0.72 	0.00 
2887 	0.39 	0.18 	0.57 	0.00 	0.55 	0.00 
2808 	0.53 	0.25 	0.78 	0.00 	0.65 	0.00 
1601 	0.30 	0.14 	0.44 	0.00 	0.38 	0.00 
1772 	0.25 	0.12 	0.38 	0.00 	0.36 	0.00 
1970 	0.37 	0.17 	0.55 	0.00 	0.46 	0.00 
1802 	0.35 	0.16 	0.51 	0.00 	0.43 	0.00 
4545 	0.59 	0.27 	0.88 	0.00 	0.84 	0.00 
4564 	0.53 	0.25 	0.78 	0.00 	0.75 	0.00 
716 	0.10 	0.05 	0.15 	0.00 	0.13 	0.00 
5616 	0.56 	0.26 	0.83 	0.00 	0.80 	0.00 
3579 	0.51 	0.24 	0.75 	0.00 	0.72 	0.00 
79746 	9.14 	4.19 	13.38 	0.00 	10.48 	0.00 
2113 	0.39 	0.18 	0.58 	0.00 	0.49 	0.00 
1247 	0.17 	0.08 	0.26 	0.00 	0.25 	0.00 
4946 	0.95 	0.44 	1.39 	0.00 	1.17 	0.00 
1420 	0.26 	0.12 	0.39 	0.00 	0.34 	0.00 
1499 	0.21 	0.10 	0.31 	0.00 	0.30 	0.00 
569 	0.08 	0.04 	0.11 	0.00 	0.11 	0.00 
680 	0.13 	0.06 	0.18 	0.00 	0.16 	0.00 
1407 	0.22 	0.10 	0.32 	0.00 	0.31 	0.00 
3910 	0.55 	0.26 	0.80 	0.00 	0.78 	0.00 
15586 	2.43 	1.14 	3.59 	0.00 	3.43 	0.00 
5289 	0.75 	0.35 	1.11 	0.00 	1.07 	0.00 
6072 	0.78 	0.37 	1.16 	0.00 	1.10 	0.00 
2464 	0.47 	0.22 	0.69 	0.00 	0.58 	0.00 
6787 	1.08 	0.50 	1.59 	0.00 	1.53 	0.00 
1348 	0.19 	0.09 	0.29 	0.00 	0.27 	0.00 
2555 	0.38 	0.18 	0.56 	0.00 	0.53 	0.00 
3678 	0.72 	0.34 	1.06 	0.00 	0.88 	0.00 
1381 	0.25 	0.12 	0.38 	0.00 	0.32 	0.00 
6817 	0.91 	0.42 	1.34 	0.00 	1.29 	0.00 
2741 	0.39 	0.18 	0.58 	0.00 	0.55 	0.00 
1225 	0.23 	0.11 	0.35 	0.00 	0.29 	0.00 
7909 	1.11 	0.52 	1.64 	0.00 	1.56 	0.00 
79785 	7.23 	3.18 	10.42 	0.00 	10.10 	0.00 
18865 	2.05 	0.95 	3.02 	0.00 	2.92 	0.00 
15779 	2.31 	1.07 	3.40 	0.00 	3.28 	0.00 
14776 	1.73 	0.80 	2.57 	0.00 	2.44 	0.00 
79786 	9.84 	4.55 	14.53 	0.00 	13.90 	0.00 
802 	0.15 	0.07 	0.22 	0.00 	0.19 	0.00 
11755 	1.34 	0.64 	1.99 	0.00 	1.93 	0.00 
5151 	0.97 	0.46 	1.44 	0.00 	1.20 	0.00 
1512 	0.23 	0.11 	0.34 	0.00 	0.32 	0.00 
18608 	1.81 	0.86 	2.68 	0.00 	2.60 	0.00 
1905 	0.35 	0.17 	0.52 	0.00 	0.44 	0.00 
3586 	0.67 	0.31 	0.99 	0.00 	0.83 	0.00 
14467 	1.71 	0.80 	2.52 	0.00 	2.43 	0.00 
3443 	0.66 	0.31 	0.97 	0.00 	0.82 	0.00 
16979 	1.39 	0.65 	2.05 	0.00 	1.99 	0.00 
1027 	0.20 	0.10 	0.30 	0.00 	0.25 	0.00 
3201 	0.50 	0.23 	0.73 	0.00 	0.70 	0.00 
3984 	0.73 	0.35 	1.08 	0.00 	0.91 	0.00 
9735 	1.16 	0.55 	1.72 	0.00 	1.65 	0.00 
6085 	1.19 	0.56 	1.77 	0.00 	1.38 	0.00 
1922 	0.36 	0.17 	0.53 	0.00 	0.44 	0.00 
859 	0.16 	0.08 	0.24 	0.00 	0.20 	0.00 
2217 	0.41 	0.19 	0.61 	0.00 	0.51 	0.00 
661 	0.12 	0.06 	0.18 	0.00 	0.15 	0.00 
2702 	0.52 	0.24 	0.77 	0.00 	0.64 	0.00 
3923 	0.59 	0.28 	0.87 	0.00 	0.84 	0.00 
706 	0.13 	0.06 	0.20 	0.00 	0.16 	0.00 
8733 	0.86 	0.41 	1.27 	0.00 	1.23 	0.00 
79917 	7.00 	3.29 	10.36 	0.00 	9.99 	0.00 
522 	0.10 	0.05 	0.15 	0.00 	0.12 	0.00 
8472 	1.53 	0.72 	2.28 	0.00 	1.88 	0.00 
5401 	0.99 	0.47 	1.46 	0.00 	1.21 	0.00 
1678 	0.32 	0.15 	0.47 	0.00 	0.39 	0.00 
734 	0.14 	0.07 	0.21 	0.00 	0.18 	0.00 
1156 	0.17 	0.08 	0.25 	0.00 	0.24 	0.00 
6788 	0.98 	0.46 	1.44 	0.00 	1.39 	0.00 
1984 	0.39 	0.18 	0.58 	0.00 	0.47 	0.00 
1932 	0.36 	0.17 	0.53 	0.00 	0.44 	0.00 
2146 	0.42 	0.20 	0.62 	0.00 	0.53 	0.00 
3916 	0.58 	0.27 	0.86 	0.00 	0.82 	0.00 
80015 	7.19 	3.33 	10.61 	0.00 	10.26 	0.00 
80034 	9.23 	4.16 	13.53 	0.00 	13.01 	0.00 
1132 	0.22 	0.11 	0.33 	0.00 	0.27 	0.00 
1547 	0.30 	0.14 	0.45 	0.00 	0.37 	0.00 
1391 	0.26 	0.12 	0.38 	0.00 	0.31 	0.00 
1480 	0.28 	0.13 	0.42 	0.00 	0.35 	0.00 
2805 	0.57 	0.27 	0.84 	0.00 	0.68 	0.00 
11204 	1.35 	0.63 	1.99 	0.00 	1.88 	0.00 
288 	0.06 	0.03 	0.08 	0.00 	0.07 	0.00 
4258 	0.64 	0.30 	0.93 	0.00 	0.90 	0.00 
907 	0.18 	0.08 	0.26 	0.00 	0.22 	0.00 
4273 	0.83 	0.39 	1.23 	0.00 	1.01 	0.00 
5410 	0.79 	0.37 	1.17 	0.00 	1.12 	0.00 
2651 	0.51 	0.24 	0.75 	0.00 	0.62 	0.00 
1000 	0.20 	0.09 	0.29 	0.00 	0.24 	0.00 
4242 	0.49 	0.24 	0.74 	0.00 	0.72 	0.00 
1113 	0.23 	0.11 	0.34 	0.00 	0.27 	0.00 
8314 	1.30 	0.60 	1.92 	0.00 	1.83 	0.00 
1743 	0.34 	0.16 	0.51 	0.00 	0.42 	0.00 
18018 	2.14 	1.00 	3.15 	0.00 	3.04 	0.00 
1046 	0.16 	0.08 	0.24 	0.00 	0.23 	0.00 
80111 	5.69 	2.56 	8.29 	0.00 	8.03 	0.00 
3004 	0.56 	0.26 	0.83 	0.00 	0.69 	0.00 
13963 	1.61 	0.77 	2.39 	0.00 	2.28 	0.00 
1616 	0.30 	0.14 	0.44 	0.00 	0.36 	0.00 
2953 	0.54 	0.25 	0.80 	0.00 	0.67 	0.00 
904 	0.18 	0.09 	0.27 	0.00 	0.22 	0.00 
1066 	0.17 	0.08 	0.25 	0.00 	0.24 	0.00 
2160 	0.42 	0.20 	0.62 	0.00 	0.51 	0.00 
1626 	0.31 	0.14 	0.45 	0.00 	0.38 	0.00 
13254 	1.67 	0.80 	2.48 	0.00 	2.40 	0.00 
2264 	0.42 	0.20 	0.62 	0.00 	0.52 	0.00 
1145 	0.22 	0.10 	0.32 	0.00 	0.26 	0.00 
6160 	0.96 	0.45 	1.41 	0.00 	1.36 	0.00 
2814 	0.43 	0.20 	0.64 	0.00 	0.61 	0.00 
5293 	1.02 	0.48 	1.52 	0.00 	1.23 	0.00 
3438 	0.64 	0.30 	0.95 	0.00 	0.79 	0.00 
6112 	1.20 	0.56 	1.77 	0.00 	1.50 	0.00 
1630 	0.31 	0.15 	0.46 	0.00 	0.39 	0.00 
3681 	0.49 	0.23 	0.72 	0.00 	0.70 	0.00 
1393 	0.28 	0.13 	0.41 	0.00 	0.33 	0.00 
713 	0.14 	0.07 	0.21 	0.00 	0.18 	0.00 
2751 	0.53 	0.25 	0.79 	0.00 	0.65 	0.00 
1442 	0.28 	0.13 	0.42 	0.00 	0.35 	0.00 
2563 	0.50 	0.23 	0.74 	0.00 	0.62 	0.00 
12660 	1.75 	0.83 	2.60 	0.00 	2.20 	0.00 
5972 	1.16 	0.55 	1.71 	0.00 	1.45 	0.00 
1895 	0.37 	0.17 	0.55 	0.00 	0.45 	0.00 
2160 	0.42 	0.20 	0.63 	0.00 	0.53 	0.00 
416 	0.08 	0.04 	0.12 	0.00 	0.10 	0.00 
536 	0.11 	0.05 	0.16 	0.00 	0.13 	0.00 
4476 	0.89 	0.41 	1.30 	0.00 	1.10 	0.00 
1045 	0.20 	0.09 	0.30 	0.00 	0.25 	0.00 
1495 	0.30 	0.14 	0.45 	0.00 	0.37 	0.00 
4254 	0.82 	0.39 	1.21 	0.00 	1.03 	0.00 
3593 	0.67 	0.31 	0.99 	0.00 	0.83 	0.00 
1732 	0.34 	0.16 	0.51 	0.00 	0.42 	0.00 
2485 	0.48 	0.23 	0.72 	0.00 	0.60 	0.00 
10157 	1.14 	0.54 	1.67 	0.00 	1.64 	0.00 
2334 	0.44 	0.21 	0.65 	0.00 	0.54 	0.00 
3459 	0.65 	0.31 	0.96 	0.00 	0.81 	0.00 
80149 	8.47 	3.96 	12.43 	0.00 	12.09 	0.00 
1801 	0.36 	0.17 	0.53 	0.00 	0.44 	0.00 
1377 	0.21 	0.10 	0.31 	0.00 	0.30 	0.00 
3049 	0.48 	0.23 	0.72 	0.00 	0.68 	0.00 
80195 	8.83 	3.89 	12.73 	0.00 	12.23 	0.00 
2199 	0.32 	0.15 	0.47 	0.00 	0.45 	0.00 
1947 	0.30 	0.14 	0.44 	0.00 	0.43 	0.00 
19662 	2.33 	1.08 	3.45 	0.00 	3.32 	0.00 
1988 	0.36 	0.17 	0.53 	0.00 	0.45 	0.00 
2011 	0.36 	0.17 	0.53 	0.00 	0.46 	0.00 
2638 	0.49 	0.23 	0.72 	0.00 	0.61 	0.00 
1107 	0.21 	0.10 	0.31 	0.00 	0.25 	0.00 
2521 	0.46 	0.22 	0.69 	0.00 	0.57 	0.00 
1684 	0.31 	0.15 	0.46 	0.00 	0.38 	0.00 
1492 	0.23 	0.11 	0.33 	0.00 	0.32 	0.00 
2961 	0.55 	0.26 	0.82 	0.00 	0.69 	0.00 
3100 	0.59 	0.28 	0.87 	0.00 	0.72 	0.00 
4839 	0.88 	0.42 	1.30 	0.00 	1.10 	0.00 
4189 	0.76 	0.36 	1.13 	0.00 	0.94 	0.00 
4180 	0.66 	0.31 	0.97 	0.00 	0.93 	0.00 
7658 	1.41 	0.66 	2.08 	0.00 	1.74 	0.00 
1559 	0.28 	0.13 	0.42 	0.00 	0.35 	0.00 
2203 	0.40 	0.19 	0.60 	0.00 	0.50 	0.00 
1608 	0.30 	0.14 	0.44 	0.00 	0.37 	0.00 
1195 	0.21 	0.10 	0.31 	0.00 	0.27 	0.00 
1475 	0.27 	0.13 	0.40 	0.00 	0.34 	0.00 
1214 	0.21 	0.10 	0.31 	0.00 	0.26 	0.00 
7520 	1.06 	0.50 	1.57 	0.00 	1.50 	0.00 
2709 	0.41 	0.19 	0.60 	0.00 	0.58 	0.00 
3508 	0.52 	0.24 	0.76 	0.00 	0.74 	0.00 
1835 	0.27 	0.13 	0.39 	0.00 	0.38 	0.00 
11622 	1.32 	0.62 	1.95 	0.00 	1.88 	0.00 
4979 	0.68 	0.32 	1.01 	0.00 	0.97 	0.00 
1735 	0.31 	0.14 	0.45 	0.00 	0.38 	0.00 
2895 	0.42 	0.20 	0.62 	0.00 	0.59 	0.00 
2356 	0.34 	0.16 	0.50 	0.00 	0.48 	0.00 
5495 	0.78 	0.37 	1.15 	0.00 	1.10 	0.00 
1765 	0.28 	0.13 	0.41 	0.00 	0.39 	0.00 
2279 	0.43 	0.21 	0.64 	0.00 	0.54 	0.00 
921 	0.13 	0.06 	0.20 	0.00 	0.19 	0.00 
5799 	0.83 	0.39 	1.23 	0.00 	1.18 	0.00 
2425 	0.36 	0.17 	0.53 	0.00 	0.51 	0.00 
6101 	0.86 	0.40 	1.27 	0.00 	1.21 	0.00 
3263 	0.37 	0.17 	0.55 	0.00 	0.53 	0.00 
2689 	0.39 	0.18 	0.58 	0.00 	0.56 	0.00 
5735 	0.82 	0.39 	1.21 	0.00 	1.17 	0.00 
1977 	0.29 	0.13 	0.42 	0.00 	0.40 	0.00 
4567 	0.64 	0.30 	0.94 	0.00 	0.90 	0.00 
8425 	1.20 	0.57 	1.77 	0.00 	1.71 	0.00 
2635 	0.42 	0.19 	0.61 	0.00 	0.59 	0.00 
1721 	0.26 	0.12 	0.38 	0.00 	0.37 	0.00 
5700 	0.83 	0.39 	1.22 	0.00 	1.17 	0.00 
2406 	0.34 	0.16 	0.50 	0.00 	0.49 	0.00 
5305 	0.73 	0.35 	1.09 	0.00 	1.05 	0.00 
4214 	0.66 	0.31 	0.98 	0.00 	0.94 	0.00 
4894 	0.69 	0.33 	1.02 	0.00 	0.98 	0.00 
1488 	0.23 	0.11 	0.34 	0.00 	0.32 	0.00 
2875 	0.40 	0.19 	0.60 	0.00 	0.57 	0.00 
1453 	0.22 	0.10 	0.32 	0.00 	0.31 	0.00 
2902 	0.55 	0.26 	0.81 	0.00 	0.69 	0.00 
6589 	1.24 	0.58 	1.84 	0.00 	1.55 	0.00 
1869 	0.36 	0.17 	0.54 	0.00 	0.45 	0.00 
1507 	0.29 	0.13 	0.42 	0.00 	0.35 	0.00 
2095 	0.43 	0.21 	0.64 	0.00 	0.51 	0.00 
12145 	2.28 	1.08 	3.39 	0.00 	2.84 	0.00 
801 	0.15 	0.07 	0.23 	0.00 	0.19 	0.00 
940 	0.18 	0.08 	0.27 	0.00 	0.22 	0.00 
3570 	0.66 	0.31 	0.98 	0.00 	0.81 	0.00 
9187 	1.74 	0.82 	2.58 	0.00 	2.17 	0.00 
2316 	0.45 	0.21 	0.66 	0.00 	0.56 	0.00 
4111 	0.78 	0.37 	1.14 	0.00 	0.97 	0.00 
14126 	3.01 	1.42 	4.47 	0.00 	3.46 	0.00 
80256 	9.58 	4.43 	14.09 	0.00 	13.56 	0.00 
80339 	8.90 	4.04 	13.02 	0.00 	12.53 	0.00 
14925 	2.32 	1.10 	3.41 	0.00 	2.71 	0.00 
80377 	1.83 	0.81 	2.64 	0.00 	2.55 	0.00 
80468 	7.72 	3.59 	11.36 	0.00 	11.09 	0.00 
80547 	8.86 	4.06 	13.01 	0.00 	12.48 	0.00 
80661 	7.89 	3.59 	11.44 	0.00 	11.10 	0.00 
80691 	9.78 	4.55 	14.43 	0.00 	13.79 	0.00 
13744 	2.18 	1.02 	3.23 	0.00 	2.57 	0.00 
11303 	2.32 	1.11 	3.46 	0.00 	2.70 	0.00 
80710 	5.48 	2.37 	7.88 	0.00 	7.63 	0.00 
81016 	9.09 	4.13 	13.28 	0.00 	12.79 	0.00 
81190 	9.73 	4.43 	14.28 	0.00 	13.84 	0.00 
81249 	10.78 	4.96 	15.81 	0.00 	15.28 	0.00 
81257 	5.86 	2.55 	8.47 	0.00 	8.16 	0.00 
81260 	5.10 	2.40 	7.49 	0.00 	7.37 	0.00 
81424 	11.23 	5.11 	16.32 	0.00 	15.67 	0.00 
81470 	8.10 	3.55 	11.71 	0.00 	11.29 	0.00 
81474 	11.98 	5.73 	17.92 	0.00 	15.30 	0.00 
81625 	7.54 	3.43 	11.00 	0.00 	10.60 	0.00 
81701 	13.93 	6.44 	20.51 	0.00 	19.73 	0.00 
81718 	9.72 	4.54 	14.31 	0.00 	13.82 	0.00 
81729 	5.92 	2.68 	8.63 	0.00 	8.40 	0.00 
81855 	8.71 	3.83 	12.56 	0.00 	12.13 	0.00 
81904 	10.52 	4.80 	15.43 	0.00 	14.84 	0.00 
18576 	3.26 	1.54 	4.81 	0.00 	3.81 	0.00 
81931 	4.21 	1.84 	6.07 	0.00 	5.88 	0.00 
81973 	6.56 	3.02 	9.64 	0.00 	9.35 	0.00 
82077 	1.23 	0.53 	1.77 	0.00 	1.69 	0.00 
82141 	8.05 	3.71 	11.86 	0.00 	11.41 	0.00 
82380 	3.86 	1.67 	5.55 	0.00 	5.39 	0.00 
82501 	10.36 	4.74 	15.18 	0.00 	14.52 	0.00 
82505 	10.71 	4.96 	15.74 	0.00 	15.10 	0.00 
82559 	15.37 	7.18 	22.70 	0.00 	16.40 	0.00 
82797 	11.67 	5.52 	17.30 	0.00 	13.84 	0.00 
19232 	2.95 	1.41 	4.38 	0.00 	3.54 	0.00 
82838 	7.46 	3.31 	10.75 	0.00 	10.42 	0.00 
82877 	7.82 	3.63 	11.51 	0.00 	11.17 	0.00 
82917 	9.81 	4.41 	14.27 	0.00 	13.69 	0.00 
82963 	11.81 	5.52 	17.45 	0.00 	14.55 	0.00 
12669 	2.51 	1.18 	3.68 	0.00 	2.96 	0.00 
83007 	12.17 	5.62 	17.90 	0.00 	13.81 	0.00 
83086 	6.31 	2.79 	9.12 	0.00 	8.84 	0.00 
83124 	8.01 	3.69 	11.75 	0.00 	11.53 	0.00 
83192 	8.22 	3.78 	12.02 	0.00 	11.66 	0.00 
83255 	4.83 	2.11 	6.94 	0.00 	6.77 	0.00 
83280 	11.27 	5.28 	16.62 	0.00 	15.96 	0.00 
83435 	2.47 	1.14 	3.64 	0.00 	3.51 	0.00 
83541 	2.08 	0.94 	3.05 	0.00 	2.93 	0.00 
83692 	7.19 	3.38 	10.58 	0.00 	10.34 	0.00 
83716 	6.46 	2.78 	9.27 	0.00 	8.92 	0.00 
10458 	2.10 	0.98 	3.12 	0.00 	2.38 	0.00 
13298 	2.67 	1.26 	3.93 	0.00 	3.11 	0.00 
84097 	7.85 	3.59 	11.50 	0.00 	11.09 	0.00 
16279 	3.34 	1.58 	4.95 	0.00 	3.85 	0.00 
84135 	10.19 	4.59 	14.87 	0.00 	14.37 	0.00 
84249 	7.75 	3.55 	11.33 	0.00 	10.94 	0.00 
9008 	1.87 	0.88 	2.79 	0.00 	2.16 	0.00 
84293 	8.94 	4.07 	13.11 	0.00 	12.54 	0.00 
84326 	6.72 	3.06 	9.83 	0.00 	9.51 	0.00 
84351 	9.17 	4.07 	13.31 	0.00 	12.82 	0.00 
84516 	10.32 	4.73 	15.13 	0.00 	14.59 	0.00 
84541 	11.10 	5.07 	16.18 	0.00 	15.54 	0.00 
84569 	4.29 	1.88 	6.16 	0.00 	5.95 	0.00 
15233 	2.93 	1.38 	4.35 	0.00 	3.47 	0.00 
84584 	6.68 	3.03 	9.74 	0.00 	9.42 	0.00 
84592 	2.00 	0.89 	2.90 	0.00 	2.81 	0.00 
84706 	8.49 	3.85 	12.41 	0.00 	11.92 	0.00 
84751 	2.17 	0.96 	3.14 	0.00 	3.03 	0.00 
84875 	9.26 	4.27 	13.60 	0.00 	13.07 	0.00 
84877 	9.83 	4.47 	14.40 	0.00 	13.84 	0.00 
84971 	8.33 	3.70 	12.04 	0.00 	11.62 	0.00 
84987 	10.60 	4.69 	15.34 	0.00 	14.93 	0.00 
85031 	10.05 	4.62 	14.73 	0.00 	11.64 	0.00 
85169 	12.47 	5.66 	18.15 	0.00 	17.40 	0.00 
85216 	6.15 	2.70 	8.91 	0.00 	8.54 	0.00 
85242 	11.82 	5.23 	17.17 	0.00 	16.50 	0.00 
85290 	10.19 	4.61 	14.88 	0.00 	14.18 	0.00 
10663 	2.16 	1.01 	3.19 	0.00 	2.52 	0.00 
85345 	6.57 	3.03 	9.65 	0.00 	9.31 	0.00 
15864 	1.67 	0.77 	2.47 	0.00 	2.37 	0.00 
6294 	1.34 	0.63 	1.97 	0.00 	1.55 	0.00 
85346 	8.50 	3.83 	12.43 	0.00 	11.82 	0.00 
14619 	2.34 	1.13 	3.48 	0.00 	2.83 	0.00 
85359 	8.38 	3.84 	12.25 	0.00 	11.90 	0.00 
13565 	2.77 	1.32 	4.10 	0.00 	3.27 	0.00 
85363 	1.37 	0.64 	2.01 	0.00 	1.92 	0.00 
85365 	7.89 	3.57 	11.55 	0.00 	11.13 	0.00 
85498 	8.78 	4.03 	12.89 	0.00 	12.41 	0.00 
85520 	8.89 	4.02 	12.93 	0.00 	12.48 	0.00 
14537 	2.37 	1.11 	3.51 	0.00 	2.80 	0.00 
85673 	1.48 	0.65 	2.14 	0.00 	2.08 	0.00 
85734 	9.91 	4.55 	14.58 	0.00 	14.10 	0.00 
86041 	10.83 	5.11 	16.00 	0.00 	12.75 	0.00 
18810 	2.55 	1.19 	3.74 	0.00 	3.63 	0.00 
86178 	7.11 	3.19 	10.36 	0.00 	10.02 	0.00 
86323 	11.01 	4.99 	16.08 	0.00 	15.46 	0.00 
86514 	10.02 	4.72 	14.89 	0.00 	14.33 	0.00 
11699 	2.29 	1.08 	3.38 	0.00 	2.65 	0.00 
12200 	2.49 	1.18 	3.69 	0.00 	2.89 	0.00 
11963 	2.36 	1.12 	3.49 	0.00 	2.80 	0.00 
86623 	7.39 	3.23 	10.62 	0.00 	10.32 	0.00 
12839 	2.01 	0.94 	2.98 	0.00 	2.35 	0.00 
86681 	11.10 	5.16 	16.32 	0.00 	15.83 	0.00 
86683 	12.43 	5.77 	18.31 	0.00 	15.03 	0.00 
18930 	3.93 	1.83 	5.79 	0.00 	4.66 	0.00 
15375 	3.21 	1.53 	4.75 	0.00 	3.75 	0.00 
86788 	8.63 	3.82 	12.44 	0.00 	12.07 	0.00 
86844 	2.93 	1.28 	4.25 	0.00 	4.10 	0.00 
14479 	2.93 	1.39 	4.34 	0.00 	3.42 	0.00 
86845 	12.73 	5.77 	18.57 	0.00 	17.93 	0.00 
86936 	7.72 	3.63 	11.37 	0.00 	10.99 	0.00 
86997 	9.47 	4.23 	13.78 	0.00 	13.22 	0.00 
87022 	11.91 	5.30 	17.29 	0.00 	16.78 	0.00 
87269 	8.15 	3.74 	11.94 	0.00 	11.52 	0.00 
87407 	7.00 	3.16 	10.25 	0.00 	9.92 	0.00 
87491 	12.26 	5.55 	17.92 	0.00 	17.15 	0.00 
87576 	11.45 	5.64 	17.11 	0.00 	10.27 	0.00 
14180 	2.92 	1.39 	4.30 	0.00 	3.46 	0.00 
87656 	12.18 	5.52 	17.70 	0.00 	17.11 	0.00 
87788 	8.97 	4.08 	13.07 	0.00 	12.61 	0.00 
87885 	7.30 	3.23 	10.57 	0.00 	10.23 	0.00 
17942 	3.09 	1.47 	4.59 	0.00 	3.61 	0.00 
87975 	9.09 	4.16 	13.37 	0.00 	12.86 	0.00 
12470 	2.41 	1.13 	3.57 	0.00 	2.81 	0.00 
15969 	3.26 	1.55 	4.85 	0.00 	3.84 	0.00 
88055 	8.63 	3.93 	12.58 	0.00 	12.03 	0.00 
88166 	3.96 	1.81 	5.82 	0.00 	5.66 	0.00 
88207 	10.83 	4.86 	15.78 	0.00 	15.12 	0.00 
13846 	2.89 	1.37 	4.28 	0.00 	3.30 	0.00 
88243 	11.47 	5.23 	16.71 	0.00 	16.22 	0.00 
88322 	12.44 	5.83 	18.40 	0.00 	13.68 	0.00 
88420 	9.15 	4.30 	13.47 	0.00 	13.05 	0.00 
88537 	7.32 	3.29 	10.64 	0.00 	10.28 	0.00 
88581 	11.11 	5.02 	16.17 	0.00 	15.50 	0.00 
88599 	7.28 	3.20 	10.54 	0.00 	10.10 	0.00 
16812 	2.92 	1.37 	4.32 	0.00 	3.42 	0.00 
88737 	7.78 	3.54 	11.46 	0.00 	11.07 	0.00 
88741 	1.73 	0.75 	2.48 	0.00 	2.41 	0.00 
88808 	11.61 	5.40 	17.12 	0.00 	13.44 	0.00 
88822 	5.12 	2.22 	7.36 	0.00 	7.16 	0.00 
88885 	11.69 	5.33 	17.06 	0.00 	16.31 	0.00 
89092 	9.65 	4.42 	14.16 	0.00 	13.70 	0.00 
89125 	5.18 	2.26 	7.46 	0.00 	7.26 	0.00 
89266 	12.03 	5.37 	17.54 	0.00 	16.82 	0.00 
89555 	8.81 	3.87 	12.75 	0.00 	12.25 	0.00 
89626 	3.61 	1.58 	5.20 	0.00 	5.03 	0.00 
89744 	8.15 	3.72 	11.97 	0.00 	11.67 	0.00 
89792 	1.92 	0.88 	2.81 	0.00 	2.70 	0.00 
89841 	6.11 	2.82 	9.03 	0.00 	8.74 	0.00 
90013 	6.12 	2.68 	8.83 	0.00 	8.42 	0.00 
90097 	16.43 	7.54 	24.06 	0.00 	18.11 	0.00 
90110 	8.35 	3.79 	12.18 	0.00 	11.81 	0.00 
90154 	9.23 	4.06 	13.37 	0.00 	12.84 	0.00 
90230 	6.88 	3.13 	10.10 	0.00 	9.77 	0.00 
16645 	3.32 	1.58 	4.96 	0.00 	3.88 	0.00 
90336 	11.27 	5.21 	16.60 	0.00 	16.01 	0.00 
19494 	4.07 	1.93 	6.07 	0.00 	4.71 	0.00 
90403 	6.82 	3.00 	9.85 	0.00 	9.55 	0.00 
90515 	7.04 	3.18 	10.28 	0.00 	9.91 	0.00 
90531 	6.32 	2.91 	9.25 	0.00 	8.95 	0.00 
90646 	4.43 	1.93 	6.38 	0.00 	6.21 	0.00 
90758 	7.02 	3.24 	10.36 	0.00 	9.97 	0.00 
90873 	11.23 	5.00 	16.25 	0.00 	15.57 	0.00 
90917 	13.05 	6.02 	19.18 	0.00 	18.30 	0.00 
16186 	2.63 	1.23 	3.90 	0.00 	3.02 	0.00 
90951 	12.33 	5.70 	18.10 	0.00 	17.34 	0.00 
91007 	7.96 	3.43 	11.41 	0.00 	10.95 	0.00 
91011 	9.68 	4.46 	14.19 	0.00 	11.24 	0.00 
91019 	9.29 	4.14 	13.50 	0.00 	13.04 	0.00 
91128 	6.79 	3.18 	10.09 	0.00 	8.07 	0.00 
91336 	12.25 	5.74 	18.08 	0.00 	17.22 	0.00 
91363 	4.86 	2.21 	7.11 	0.00 	6.87 	0.00 
91533 	8.95 	4.20 	13.22 	0.00 	12.81 	0.00 
91653 	11.22 	5.09 	16.40 	0.00 	15.58 	0.00 
91656 	11.98 	5.42 	17.44 	0.00 	16.75 	0.00 
91962 	7.87 	3.60 	11.47 	0.00 	11.19 	0.00 
91969 	11.18 	5.04 	16.28 	0.00 	15.76 	0.00 
91981 	7.71 	3.46 	11.21 	0.00 	10.84 	0.00 
92396 	2.22 	0.98 	3.20 	0.00 	3.08 	0.00 
92943 	5.93 	2.61 	8.55 	0.00 	8.32 	0.00 
93066 	14.25 	6.34 	20.67 	0.00 	19.92 	0.00 
93161 	9.49 	4.34 	13.93 	0.00 	13.49 	0.00 
93171 	1.31 	0.58 	1.90 	0.00 	1.81 	0.00 
93244 	9.50 	4.38 	13.89 	0.00 	13.48 	0.00 
93247 	12.62 	5.68 	18.48 	0.00 	17.51 	0.00 
93314 	11.12 	5.11 	16.23 	0.00 	15.64 	0.00 
93367 	9.52 	4.43 	13.91 	0.00 	13.45 	0.00 
93397 	11.96 	5.43 	17.44 	0.00 	16.95 	0.00 
93398 	12.29 	5.56 	17.90 	0.00 	17.23 	0.00 
93447 	7.92 	3.44 	11.39 	0.00 	11.06 	0.00 
93450 	13.91 	6.39 	20.48 	0.00 	19.45 	0.00 
93525 	7.08 	3.28 	10.40 	0.00 	10.11 	0.00 
93803 	11.46 	5.16 	16.68 	0.00 	16.10 	0.00 
93859 	9.36 	4.25 	13.69 	0.00 	13.15 	0.00 
94001 	2.46 	1.13 	3.61 	0.00 	3.49 	0.00 
94012 	9.06 	4.23 	13.33 	0.00 	13.00 	0.00 
94046 	9.52 	4.22 	13.80 	0.00 	13.29 	0.00 
94116 	8.80 	3.86 	12.71 	0.00 	12.31 	0.00 
94201 	12.07 	5.42 	17.60 	0.00 	17.00 	0.00 
94285 	10.50 	4.83 	15.28 	0.00 	14.78 	0.00 
94421 	9.25 	4.24 	13.54 	0.00 	13.14 	0.00 
94496 	6.85 	3.00 	9.84 	0.00 	9.43 	0.00 
94522 	13.46 	6.00 	19.64 	0.00 	18.77 	0.00 
94657 	2.38 	1.05 	3.43 	0.00 	3.31 	0.00 
94671 	7.94 	3.64 	11.69 	0.00 	11.33 	0.00 
94829 	8.85 	3.93 	12.84 	0.00 	12.37 	0.00 
94952 	9.78 	4.52 	14.40 	0.00 	13.85 	0.00 
95025 	9.43 	4.15 	13.64 	0.00 	13.16 	0.00 
95029 	9.56 	4.25 	13.83 	0.00 	13.51 	0.00 
95461 	13.62 	6.31 	19.98 	0.00 	15.92 	0.00 
95491 	7.85 	3.58 	11.53 	0.00 	11.05 	0.00 
95751 	3.19 	1.37 	4.57 	0.00 	4.43 	0.00 
95760 	8.35 	3.68 	12.03 	0.00 	11.62 	0.00 
95925 	8.63 	3.92 	12.59 	0.00 	12.14 	0.00 
95978 	10.20 	4.74 	15.08 	0.00 	11.78 	0.00 
95984 	7.51 	3.46 	11.01 	0.00 	10.72 	0.00 
96073 	5.65 	2.49 	8.17 	0.00 	7.84 	0.00 
96200 	10.77 	4.99 	15.80 	0.00 	15.33 	0.00 
96316 	10.13 	4.70 	14.91 	0.00 	14.41 	0.00 
96378 	8.26 	3.75 	12.03 	0.00 	11.62 	0.00 
96396 	11.70 	5.22 	17.04 	0.00 	16.40 	0.00 
96527 	1.65 	0.72 	2.38 	0.00 	2.31 	0.00 
96555 	3.96 	1.73 	5.71 	0.00 	5.50 	0.00 
96586 	10.15 	4.66 	14.88 	0.00 	14.28 	0.00 
96656 	8.93 	3.94 	12.94 	0.00 	12.58 	0.00 
96674 	7.84 	3.47 	11.34 	0.00 	10.92 	0.00 
96698 	10.75 	5.07 	15.93 	0.00 	12.21 	0.00 
96699 	11.24 	5.16 	16.41 	0.00 	15.90 	0.00 
96717 	5.76 	2.52 	8.36 	0.00 	7.99 	0.00 
96900 	9.00 	4.11 	13.13 	0.00 	12.65 	0.00 
96960 	9.54 	4.17 	13.73 	0.00 	13.28 	0.00 
97728 	1.47 	0.64 	2.13 	0.00 	2.02 	0.00 
97814 	8.38 	3.65 	12.04 	0.00 	11.57 	0.00 
97829 	1.63 	0.71 	2.35 	0.00 	2.28 	0.00 
98005 	6.41 	3.02 	9.53 	0.00 	9.30 	0.00 
98092 	13.74 	6.47 	20.26 	0.00 	19.38 	0.00 
98259 	8.53 	3.74 	12.27 	0.00 	12.03 	0.00 
98460 	9.21 	4.27 	13.53 	0.00 	13.13 	0.00 
98477 	8.98 	3.98 	12.99 	0.00 	12.59 	0.00 
98521 	10.59 	4.69 	15.26 	0.00 	14.59 	0.00 
98662 	12.62 	5.66 	18.34 	0.00 	18.04 	0.00 
98705 	9.23 	4.28 	13.56 	0.00 	13.13 	0.00 
98728 	7.06 	3.07 	10.10 	0.00 	9.88 	0.00 
98756 	13.23 	6.14 	19.48 	0.00 	14.85 	0.00 
98769 	2.87 	1.32 	4.21 	0.00 	4.07 	0.00 
98852 	12.64 	5.75 	18.43 	0.00 	17.61 	0.00 
98857 	7.32 	3.24 	10.57 	0.00 	10.22 	0.00 
99099 	8.20 	3.74 	12.02 	0.00 	11.57 	0.00 
99114 	7.48 	3.28 	10.75 	0.00 	10.50 	0.00 
99197 	10.03 	4.45 	14.56 	0.00 	13.99 	0.00 
99361 	4.36 	1.92 	6.29 	0.00 	6.13 	0.00 
99574 	2.35 	1.07 	3.43 	0.00 	3.33 	0.00 
99602 	9.75 	4.42 	14.15 	0.00 	13.69 	0.00 
99728 	9.69 	4.39 	14.08 	0.00 	13.51 	0.00 
99968 	9.24 	4.23 	13.48 	0.00 	13.05 	0.00 
100025 	9.49 	4.17 	13.68 	0.00 	13.30 	0.00 
100057 	4.10 	1.93 	6.08 	0.00 	5.87 	0.00 
100092 	11.29 	4.99 	16.27 	0.00 	15.69 	0.00 
100093 	9.56 	4.47 	14.11 	0.00 	13.74 	0.00 
100158 	3.58 	1.54 	5.13 	0.00 	4.97 	0.00 
100197 	11.98 	5.46 	17.45 	0.00 	16.93 	0.00 
100360 	4.99 	2.17 	7.16 	0.00 	6.94 	0.00 
100393 	10.93 	5.09 	16.09 	0.00 	15.52 	0.00 
100430 	10.74 	4.71 	15.41 	0.00 	14.97 	0.00 
100833 	5.98 	2.63 	8.65 	0.00 	8.36 	0.00 
101045 	10.18 	4.51 	14.65 	0.00 	14.25 	0.00 
101095 	3.71 	1.71 	5.42 	0.00 	5.26 	0.00 
101231 	13.47 	6.17 	19.69 	0.00 	15.56 	0.00 
101316 	13.01 	6.07 	19.09 	0.00 	18.47 	0.00 
101438 	1.55 	0.73 	2.28 	0.00 	2.17 	0.00 
101460 	10.16 	4.51 	14.71 	0.00 	14.23 	0.00 
101570 	11.54 	5.37 	16.99 	0.00 	16.39 	0.00 
101577 	3.08 	1.42 	4.50 	0.00 	4.33 	0.00 
101681 	11.26 	5.08 	16.36 	0.00 	15.78 	0.00 
102056 	9.70 	4.53 	14.25 	0.00 	11.27 	0.00 
102076 	10.21 	4.74 	15.03 	0.00 	14.47 	0.00 
102455 	12.22 	5.49 	17.79 	0.00 	17.06 	0.00 
102536 	14.09 	6.40 	20.46 	0.00 	19.72 	0.00 
102781 	10.27 	4.66 	15.01 	0.00 	14.41 	0.00 
102899 	12.92 	5.85 	18.82 	0.00 	18.14 	0.00 
102914 	8.59 	3.78 	12.45 	0.00 	11.96 	0.00 
103232 	7.83 	3.60 	11.51 	0.00 	11.06 	0.00 
103853 	7.52 	3.33 	10.91 	0.00 	10.52 	0.00 
103854 	5.61 	2.61 	8.25 	0.00 	7.92 	0.00 
103989 	2.40 	1.05 	3.46 	0.00 	3.37 	0.00 
103998 	4.13 	1.78 	5.93 	0.00 	5.70 	0.00 
104026 	3.57 	1.58 	5.16 	0.00 	5.02 	0.00 
104028 	4.95 	2.19 	7.18 	0.00 	6.93 	0.00 
104222 	9.06 	4.01 	13.13 	0.00 	12.79 	0.00 
104391 	10.99 	4.85 	15.95 	0.00 	15.32 	0.00 
104524 	9.42 	4.30 	13.80 	0.00 	13.30 	0.00 
104858 	2.64 	1.13 	3.77 	0.00 	3.68 	0.00 
105047 	10.22 	4.54 	14.78 	0.00 	14.28 	0.00 
105166 	8.89 	3.91 	12.78 	0.00 	12.46 	0.00 
105224 	3.82 	1.70 	5.56 	0.00 	5.39 	0.00 
105419 	2.74 	1.19 	3.97 	0.00 	3.83 	0.00 
105540 	8.98 	4.09 	13.15 	0.00 	12.72 	0.00 
105746 	10.01 	4.59 	14.63 	0.00 	14.13 	0.00 
105930 	10.33 	4.76 	15.20 	0.00 	14.81 	0.00 
106194 	10.85 	4.73 	15.60 	0.00 	15.13 	0.00 
106198 	13.73 	6.16 	19.94 	0.00 	19.18 	0.00 
106277 	10.58 	4.63 	15.26 	0.00 	14.75 	0.00 
106997 	10.04 	4.61 	14.71 	0.00 	14.22 	0.00 
7127 	0.63 	0.30 	0.93 	0.00 	0.70 	0.00 
107017 	9.94 	4.39 	14.32 	0.00 	13.78 	0.00 
107035 	9.09 	4.27 	13.39 	0.00 	13.07 	0.00 
107179 	14.24 	6.50 	20.82 	0.00 	19.98 	0.00 
16591 	3.43 	1.61 	5.05 	0.00 	3.44 	0.00 
107181 	6.51 	2.99 	9.57 	0.00 	9.26 	0.00 
107204 	1.65 	0.76 	2.42 	0.00 	2.34 	0.00 
107261 	12.90 	5.81 	18.79 	0.00 	18.04 	0.00 
107370 	13.99 	6.60 	20.63 	0.00 	16.45 	0.00 
1888 	0.29 	0.14 	0.43 	0.00 	0.33 	0.00 
107549 	3.56 	1.57 	5.13 	0.00 	4.96 	0.00 
107554 	2.76 	1.26 	4.04 	0.00 	3.91 	0.00 
107786 	13.16 	6.12 	19.39 	0.00 	18.82 	0.00 
107809 	13.54 	6.41 	20.14 	0.00 	16.18 	0.00 
107869 	10.22 	4.65 	14.92 	0.00 	14.38 	0.00 
107981 	11.18 	4.91 	16.07 	0.00 	15.44 	0.00 
108067 	10.29 	4.75 	15.10 	0.00 	14.60 	0.00 
108211 	3.73 	1.73 	5.53 	0.00 	5.35 	0.00 
2391 	0.44 	0.21 	0.65 	0.00 	0.48 	0.00 
14217 	1.63 	0.77 	2.39 	0.00 	1.85 	0.00 
108317 	11.39 	5.29 	16.85 	0.00 	16.15 	0.00 
18066 	3.53 	1.65 	5.23 	0.00 	3.82 	0.00 
108373 	16.24 	7.53 	23.71 	0.00 	18.18 	0.00 
108455 	11.97 	5.52 	17.61 	0.00 	16.91 	0.00 
108475 	11.55 	5.10 	16.66 	0.00 	16.15 	0.00 
108491 	13.09 	6.07 	19.27 	0.00 	18.65 	0.00 
17156 	3.18 	1.49 	4.72 	0.00 	3.56 	0.00 
108555 	13.92 	6.28 	20.23 	0.00 	19.41 	0.00 
108631 	11.07 	5.00 	16.06 	0.00 	15.63 	0.00 
108696 	13.37 	5.99 	19.48 	0.00 	18.65 	0.00 
108741 	6.86 	3.16 	10.10 	0.00 	9.77 	0.00 
108838 	6.93 	3.03 	9.95 	0.00 	9.54 	0.00 
108849 	8.61 	4.06 	12.75 	0.00 	12.33 	0.00 
108968 	10.11 	4.53 	14.73 	0.00 	14.19 	0.00 
109077 	13.62 	6.29 	20.02 	0.00 	19.22 	0.00 
109197 	12.58 	5.65 	18.27 	0.00 	17.48 	0.00 
109219 	10.01 	4.44 	14.43 	0.00 	14.05 	0.00 
109231 	10.93 	5.03 	16.06 	0.00 	15.44 	0.00 
109326 	12.19 	5.64 	17.92 	0.00 	17.52 	0.00 
109375 	9.74 	4.32 	14.10 	0.00 	13.69 	0.00 
109715 	9.70 	4.44 	14.20 	0.00 	13.76 	0.00 
109825 	11.55 	5.10 	16.73 	0.00 	16.02 	0.00 
109859 	3.22 	1.41 	4.64 	0.00 	4.51 	0.00 
15600 	2.54 	1.17 	3.71 	0.00 	2.92 	0.00 
17207 	3.11 	1.46 	4.59 	0.00 	3.53 	0.00 
109895 	10.54 	4.84 	15.43 	0.00 	15.00 	0.00 
109904 	14.52 	6.59 	21.32 	0.00 	20.45 	0.00 
2384 	0.27 	0.12 	0.39 	0.00 	0.38 	0.00 
734 	0.09 	0.04 	0.13 	0.00 	0.12 	0.00 
1610 	0.19 	0.08 	0.27 	0.00 	0.26 	0.00 
2621 	0.31 	0.14 	0.45 	0.00 	0.43 	0.00 
1512 	0.18 	0.08 	0.26 	0.00 	0.25 	0.00 
3489 	0.42 	0.18 	0.60 	0.00 	0.58 	0.00 
1658 	0.20 	0.09 	0.29 	0.00 	0.27 	0.00 
4395 	0.53 	0.23 	0.77 	0.00 	0.74 	0.00 
2806 	0.32 	0.14 	0.46 	0.00 	0.45 	0.00 
2178 	0.27 	0.12 	0.39 	0.00 	0.37 	0.00 
1813 	0.20 	0.09 	0.28 	0.00 	0.27 	0.00 
1782 	0.17 	0.07 	0.24 	0.00 	0.23 	0.00 
1637 	0.20 	0.09 	0.29 	0.00 	0.28 	0.00 
6888 	0.30 	0.13 	0.44 	0.00 	0.42 	0.00 
1380 	0.16 	0.07 	0.24 	0.00 	0.23 	0.00 
2659 	0.25 	0.11 	0.36 	0.00 	0.35 	0.00 
8703 	0.39 	0.17 	0.57 	0.00 	0.55 	0.00 
1898 	0.22 	0.10 	0.31 	0.00 	0.30 	0.00 
910 	0.11 	0.05 	0.16 	0.00 	0.15 	0.00 
1764 	0.21 	0.09 	0.29 	0.00 	0.28 	0.00 
2648 	0.30 	0.13 	0.43 	0.00 	0.42 	0.00 
999 	0.12 	0.05 	0.17 	0.00 	0.16 	0.00 
1459 	0.17 	0.08 	0.25 	0.00 	0.24 	0.00 
1115 	0.13 	0.06 	0.19 	0.00 	0.19 	0.00 
1628 	0.20 	0.09 	0.30 	0.00 	0.28 	0.00 
4703 	0.56 	0.25 	0.82 	0.00 	0.79 	0.00 
3115 	0.36 	0.16 	0.51 	0.00 	0.50 	0.00 
986 	0.12 	0.05 	0.17 	0.00 	0.17 	0.00 
1867 	0.21 	0.09 	0.31 	0.00 	0.30 	0.00 
1212 	0.14 	0.06 	0.20 	0.00 	0.19 	0.00 
1346 	0.16 	0.07 	0.23 	0.00 	0.22 	0.00 
1955 	0.24 	0.10 	0.35 	0.00 	0.33 	0.00 
1881 	0.21 	0.09 	0.31 	0.00 	0.30 	0.00 
1299 	0.16 	0.07 	0.23 	0.00 	0.22 	0.00 
1346 	0.17 	0.07 	0.24 	0.00 	0.23 	0.00 
348 	0.04 	0.02 	0.06 	0.00 	0.06 	0.00 
1358 	0.16 	0.07 	0.24 	0.00 	0.23 	0.00 
1653 	0.20 	0.09 	0.28 	0.00 	0.27 	0.00 
2134 	0.26 	0.11 	0.38 	0.00 	0.36 	0.00 
1194 	0.15 	0.06 	0.21 	0.00 	0.20 	0.00 
1857 	0.23 	0.10 	0.33 	0.00 	0.31 	0.00 
435 	0.05 	0.02 	0.08 	0.00 	0.07 	0.00 
5494 	0.31 	0.14 	0.46 	0.00 	0.43 	0.00 
3351 	0.34 	0.15 	0.50 	0.00 	0.48 	0.00 
1265 	0.15 	0.06 	0.21 	0.00 	0.21 	0.00 
1240 	0.14 	0.06 	0.21 	0.00 	0.20 	0.00 
2000 	0.23 	0.10 	0.33 	0.00 	0.32 	0.00 
5899 	0.35 	0.15 	0.51 	0.00 	0.49 	0.00 
1119 	0.14 	0.06 	0.20 	0.00 	0.19 	0.00 
2531 	0.29 	0.13 	0.42 	0.00 	0.41 	0.00 
1605 	0.19 	0.08 	0.27 	0.00 	0.26 	0.00 
4466 	0.55 	0.24 	0.79 	0.00 	0.76 	0.00 
1917 	0.23 	0.10 	0.33 	0.00 	0.32 	0.00 
2258 	0.27 	0.12 	0.38 	0.00 	0.37 	0.00 
5229 	0.27 	0.12 	0.39 	0.00 	0.38 	0.00 
7712 	0.65 	0.29 	0.94 	0.00 	0.90 	0.00 
2377 	0.28 	0.12 	0.40 	0.00 	0.38 	0.00 
4916 	0.26 	0.11 	0.38 	0.00 	0.36 	0.00 
2931 	0.34 	0.15 	0.49 	0.00 	0.48 	0.00 
2487 	0.31 	0.13 	0.44 	0.00 	0.42 	0.00 
1435 	0.11 	0.05 	0.17 	0.00 	0.16 	0.00 
1187 	0.09 	0.04 	0.13 	0.00 	0.13 	0.00 
2289 	0.28 	0.12 	0.39 	0.00 	0.39 	0.00 
2323 	0.28 	0.12 	0.41 	0.00 	0.39 	0.00 
5431 	0.30 	0.13 	0.44 	0.00 	0.42 	0.00 
4041 	0.23 	0.10 	0.33 	0.00 	0.32 	0.00 
2025 	0.22 	0.09 	0.31 	0.00 	0.30 	0.00 
1935 	0.17 	0.08 	0.25 	0.00 	0.24 	0.00 
999 	0.12 	0.05 	0.17 	0.00 	0.17 	0.00 
8803 	0.68 	0.30 	0.98 	0.00 	0.95 	0.00 
757 	0.09 	0.04 	0.13 	0.00 	0.13 	0.00 
4866 	0.54 	0.23 	0.77 	0.00 	0.75 	0.00 
2364 	0.28 	0.12 	0.40 	0.00 	0.39 	0.00 
4078 	0.35 	0.16 	0.51 	0.00 	0.49 	0.00 
2372 	0.30 	0.13 	0.43 	0.00 	0.41 	0.00 
3802 	0.45 	0.19 	0.64 	0.00 	0.63 	0.00 
5572 	0.61 	0.27 	0.88 	0.00 	0.85 	0.00 
2959 	0.37 	0.16 	0.53 	0.00 	0.51 	0.00 
3310 	0.35 	0.15 	0.50 	0.00 	0.48 	0.00 
8610 	0.71 	0.31 	1.02 	0.00 	0.99 	0.00 
11062 	0.55 	0.24 	0.79 	0.00 	0.77 	0.00 
2763 	0.28 	0.12 	0.41 	0.00 	0.39 	0.00 
6458 	0.55 	0.24 	0.79 	0.00 	0.76 	0.00 
6050 	0.45 	0.20 	0.65 	0.00 	0.63 	0.00 
16714 	0.97 	0.43 	1.39 	0.00 	1.35 	0.00 
10569 	0.46 	0.20 	0.66 	0.00 	0.64 	0.00 
109914 	10.45 	4.74 	15.19 	0.00 	14.74 	0.00 
110127 	11.79 	5.15 	16.96 	0.00 	16.26 	0.00 
110198 	3.12 	1.43 	4.59 	0.00 	4.44 	0.00 
4960 	0.52 	0.23 	0.75 	0.00 	0.72 	0.00 
8916 	0.47 	0.21 	0.68 	0.00 	0.66 	0.00 
2579 	0.31 	0.14 	0.45 	0.00 	0.43 	0.00 
6680 	0.56 	0.25 	0.81 	0.00 	0.78 	0.00 
19448 	0.87 	0.37 	1.25 	0.00 	1.19 	0.00 
7259 	0.23 	0.10 	0.33 	0.00 	0.31 	0.00 
8433 	0.28 	0.12 	0.41 	0.00 	0.39 	0.00 
2823 	0.34 	0.15 	0.49 	0.00 	0.47 	0.00 
3960 	0.40 	0.18 	0.58 	0.00 	0.56 	0.00 
17358 	0.77 	0.34 	1.11 	0.00 	1.08 	0.00 
110291 	8.23 	3.76 	11.96 	0.00 	11.65 	0.00 
5731 	0.53 	0.23 	0.77 	0.00 	0.74 	0.00 
3930 	0.32 	0.14 	0.47 	0.00 	0.45 	0.00 
4379 	0.35 	0.15 	0.51 	0.00 	0.49 	0.00 
5341 	0.42 	0.18 	0.60 	0.00 	0.58 	0.00 
9550 	0.24 	0.11 	0.36 	0.00 	0.34 	0.00 
3287 	0.40 	0.18 	0.58 	0.00 	0.56 	0.00 
1485 	0.18 	0.08 	0.25 	0.00 	0.25 	0.00 
1620 	0.19 	0.08 	0.27 	0.00 	0.26 	0.00 
2435 	0.30 	0.13 	0.43 	0.00 	0.42 	0.00 
2198 	0.26 	0.11 	0.38 	0.00 	0.36 	0.00 
1273 	0.15 	0.07 	0.21 	0.00 	0.21 	0.00 
1406 	0.17 	0.07 	0.24 	0.00 	0.24 	0.00 
2408 	0.29 	0.13 	0.42 	0.00 	0.41 	0.00 
3140 	0.29 	0.13 	0.42 	0.00 	0.41 	0.00 
4320 	0.35 	0.15 	0.51 	0.00 	0.49 	0.00 
9384 	0.69 	0.30 	0.99 	0.00 	0.95 	0.00 
110292 	13.61 	6.07 	19.76 	0.00 	19.07 	0.00 
110314 	9.90 	4.52 	14.47 	0.00 	14.21 	0.00 
110488 	13.71 	6.30 	20.23 	0.00 	19.28 	0.00 
110504 	8.45 	3.98 	12.45 	0.00 	12.07 	0.00 
110561 	6.29 	3.01 	9.43 	0.00 	9.14 	0.00 
110580 	10.85 	4.91 	15.86 	0.00 	15.28 	0.00 
110647 	9.32 	4.29 	13.64 	0.00 	13.17 	0.00 
110967 	9.33 	4.28 	13.65 	0.00 	13.12 	0.00 
111021 	11.88 	5.24 	17.25 	0.00 	16.67 	0.00 
111076 	9.88 	4.38 	14.30 	0.00 	13.88 	0.00 
111126 	8.36 	3.67 	12.08 	0.00 	11.63 	0.00 
111268 	5.61 	2.43 	8.05 	0.00 	7.84 	0.00 
111360 	11.33 	5.14 	16.53 	0.00 	15.88 	0.00 
111529 	13.27 	6.13 	19.48 	0.00 	18.64 	0.00 
111559 	12.13 	5.49 	17.70 	0.00 	17.11 	0.00 
19492 	3.99 	1.85 	5.83 	0.00 	4.46 	0.00 
111559 	4.24 	1.96 	6.21 	0.00 	6.02 	0.00 
111819 	9.82 	4.35 	14.21 	0.00 	13.72 	0.00 
111825 	9.12 	4.04 	13.27 	0.00 	12.77 	0.00 
111872 	13.85 	6.20 	20.21 	0.00 	19.43 	0.00 
111950 	9.28 	4.03 	13.36 	0.00 	12.87 	0.00 
111960 	3.02 	1.37 	4.43 	0.00 	4.25 	0.00 
111976 	17.67 	8.14 	25.97 	0.00 	20.30 	0.00 
112048 	14.01 	6.51 	20.71 	0.00 	19.87 	0.00 
112065 	14.43 	6.66 	21.06 	0.00 	20.22 	0.00 
112131 	7.14 	3.25 	10.42 	0.00 	9.95 	0.00 
112462 	10.90 	5.14 	16.11 	0.00 	12.81 	0.00 
112471 	10.13 	4.62 	14.73 	0.00 	14.37 	0.00 
8728 	0.15 	0.07 	0.21 	0.00 	0.20 	0.00 
2087 	0.04 	0.02 	0.05 	0.00 	0.05 	0.00 
3967 	0.06 	0.03 	0.10 	0.00 	0.09 	0.00 
14207 	0.24 	0.11 	0.36 	0.00 	0.34 	0.00 
14071 	0.37 	0.17 	0.55 	0.00 	0.54 	0.00 
6496 	0.11 	0.05 	0.16 	0.00 	0.16 	0.00 
3498 	0.06 	0.03 	0.09 	0.00 	0.08 	0.00 
6819 	0.11 	0.05 	0.17 	0.00 	0.16 	0.00 
3359 	0.06 	0.03 	0.08 	0.00 	0.08 	0.00 
11802 	0.21 	0.10 	0.31 	0.00 	0.29 	0.00 
8508 	0.14 	0.07 	0.21 	0.00 	0.20 	0.00 
11363 	0.19 	0.09 	0.28 	0.00 	0.27 	0.00 
2674 	0.25 	0.12 	0.37 	0.00 	0.37 	0.00 
1038 	0.16 	0.07 	0.23 	0.00 	0.22 	0.00 
399 	0.06 	0.03 	0.09 	0.00 	0.09 	0.00 
590 	0.09 	0.04 	0.14 	0.00 	0.13 	0.00 
1890 	0.21 	0.10 	0.31 	0.00 	0.30 	0.00 
1864 	0.22 	0.10 	0.32 	0.00 	0.31 	0.00 
7304 	0.33 	0.15 	0.49 	0.00 	0.47 	0.00 
1026 	0.08 	0.04 	0.12 	0.00 	0.11 	0.00 
1048 	0.13 	0.06 	0.19 	0.00 	0.19 	0.00 
3811 	0.33 	0.15 	0.48 	0.00 	0.46 	0.00 
1891 	0.18 	0.08 	0.26 	0.00 	0.25 	0.00 
3926 	0.46 	0.21 	0.68 	0.00 	0.66 	0.00 
3220 	0.20 	0.09 	0.29 	0.00 	0.28 	0.00 
1866 	0.29 	0.13 	0.42 	0.00 	0.41 	0.00 
14774 	1.05 	0.49 	1.54 	0.00 	1.49 	0.00 
3720 	0.25 	0.12 	0.37 	0.00 	0.36 	0.00 
10646 	0.78 	0.36 	1.14 	0.00 	1.12 	0.00 
14212 	0.83 	0.38 	1.21 	0.00 	1.17 	0.00 
3941 	0.31 	0.14 	0.45 	0.00 	0.44 	0.00 
333 	0.01 	0.00 	0.01 	0.00 	0.01 	0.00 
3796 	0.09 	0.04 	0.14 	0.00 	0.13 	0.00 
6005 	0.20 	0.09 	0.29 	0.00 	0.28 	0.00 
3036 	0.17 	0.08 	0.25 	0.00 	0.24 	0.00 
7523 	0.30 	0.14 	0.44 	0.00 	0.43 	0.00 
112624 	15.12 	6.75 	21.99 	0.00 	21.26 	0.00 
2660 	0.15 	0.07 	0.22 	0.00 	0.21 	0.00 
9927 	0.17 	0.08 	0.25 	0.00 	0.24 	0.00 
14714 	0.32 	0.15 	0.47 	0.00 	0.45 	0.00 
2870 	0.08 	0.04 	0.11 	0.00 	0.11 	0.00 
4051 	0.60 	0.28 	0.89 	0.00 	0.86 	0.00 
3689 	0.07 	0.03 	0.10 	0.00 	0.09 	0.00 
112670 	10.99 	5.03 	15.98 	0.00 	15.45 	0.00 
3553 	0.38 	0.18 	0.56 	0.00 	0.53 	0.00 
112753 	1.28 	0.56 	1.85 	0.00 	1.76 	0.00 
17805 	0.72 	0.34 	1.07 	0.00 	1.03 	0.00 
15547 	1.20 	0.56 	1.77 	0.00 	1.72 	0.00 
8582 	0.15 	0.07 	0.22 	0.00 	0.21 	0.00 
124 	0.01 	0.01 	0.02 	0.00 	0.02 	0.00 
599 	0.03 	0.01 	0.04 	0.00 	0.04 	0.00 
12785 	0.87 	0.41 	1.28 	0.00 	1.23 	0.00 
2343 	0.04 	0.02 	0.06 	0.00 	0.06 	0.00 
3465 	0.06 	0.03 	0.09 	0.00 	0.08 	0.00 
4552 	0.51 	0.24 	0.75 	0.00 	0.72 	0.00 
8115 	0.13 	0.06 	0.20 	0.00 	0.19 	0.00 
6297 	0.11 	0.05 	0.16 	0.00 	0.15 	0.00 
16114 	0.34 	0.16 	0.50 	0.00 	0.47 	0.00 
2024 	0.03 	0.02 	0.05 	0.00 	0.05 	0.00 
5271 	0.09 	0.04 	0.13 	0.00 	0.13 	0.00 
13757 	0.24 	0.11 	0.36 	0.00 	0.34 	0.00 
18375 	0.32 	0.15 	0.47 	0.00 	0.44 	0.00 
16128 	0.27 	0.13 	0.40 	0.00 	0.38 	0.00 
2556 	0.04 	0.02 	0.07 	0.00 	0.06 	0.00 
3352 	0.06 	0.03 	0.08 	0.00 	0.08 	0.00 
4996 	0.09 	0.04 	0.13 	0.00 	0.12 	0.00 
15130 	0.36 	0.16 	0.53 	0.00 	0.51 	0.00 
113078 	19.28 	9.04 	28.34 	0.00 	21.73 	0.00 
113152 	10.48 	4.93 	15.49 	0.00 	14.96 	0.00 
113159 	10.87 	5.06 	16.02 	0.00 	15.66 	0.00 
113188 	9.27 	4.20 	13.50 	0.00 	13.10 	0.00 
113305 	8.09 	3.54 	11.66 	0.00 	11.34 	0.00 
113400 	11.99 	5.76 	17.85 	0.00 	17.23 	0.00 
113404 	14.27 	6.60 	20.90 	0.00 	20.04 	0.00 
113720 	2.28 	1.00 	3.30 	0.00 	3.16 	0.00 
113821 	11.13 	5.16 	16.33 	0.00 	15.72 	0.00 
113908 	10.69 	4.85 	15.68 	0.00 	15.09 	0.00 
113977 	14.13 	6.35 	20.60 	0.00 	19.73 	0.00 
114006 	9.45 	4.16 	13.69 	0.00 	13.17 	0.00 
114024 	10.55 	4.78 	15.39 	0.00 	14.91 	0.00 
114060 	12.62 	5.74 	18.47 	0.00 	17.86 	0.00 
114084 	13.16 	5.89 	19.08 	0.00 	18.54 	0.00 
114150 	6.70 	3.05 	9.79 	0.00 	9.51 	0.00 
114185 	12.27 	5.67 	18.09 	0.00 	17.60 	0.00 
114282 	13.64 	6.18 	19.87 	0.00 	19.36 	0.00 
114326 	10.61 	4.91 	15.51 	0.00 	14.95 	0.00 
114365 	8.45 	3.89 	12.41 	0.00 	11.94 	0.00 
114632 	8.38 	3.78 	12.23 	0.00 	11.79 	0.00 
114730 	10.88 	4.82 	15.70 	0.00 	15.31 	0.00 
115087 	5.21 	2.29 	7.53 	0.00 	7.34 	0.00 
17820 	1.48 	0.64 	2.13 	0.00 	2.05 	0.00 
18499 	1.42 	0.61 	2.04 	0.00 	1.97 	0.00 
115115 	10.27 	4.77 	15.07 	0.00 	14.72 	0.00 
115153 	15.02 	7.40 	22.56 	0.00 	13.18 	0.00 
6297 	0.63 	0.28 	0.91 	0.00 	0.88 	0.00 
18966 	1.29 	0.57 	1.86 	0.00 	1.79 	0.00 
115181 	14.11 	6.28 	20.49 	0.00 	19.82 	0.00 
115484 	12.39 	5.85 	18.40 	0.00 	17.68 	0.00 
115508 	11.52 	5.27 	16.90 	0.00 	16.47 	0.00 
115855 	12.52 	5.66 	18.21 	0.00 	17.81 	0.00 
116009 	2.14 	1.00 	3.17 	0.00 	3.05 	0.00 
116346 	7.78 	3.39 	11.15 	0.00 	10.72 	0.00 
116486 	11.70 	5.20 	16.91 	0.00 	16.37 	0.00 
116536 	14.61 	6.74 	21.41 	0.00 	20.60 	0.00 
116589 	11.98 	5.32 	17.31 	0.00 	16.88 	0.00 
116725 	11.62 	5.30 	17.01 	0.00 	16.47 	0.00 
116960 	11.87 	5.34 	17.28 	0.00 	16.64 	0.00 
117080 	6.92 	3.13 	10.12 	0.00 	9.73 	0.00 
117130 	13.26 	6.26 	19.50 	0.00 	15.28 	0.00 
8097 	0.66 	0.29 	0.96 	0.00 	0.92 	0.00 
9189 	0.47 	0.20 	0.68 	0.00 	0.66 	0.00 
17739 	0.74 	0.33 	1.07 	0.00 	1.04 	0.00 
9655 	0.48 	0.21 	0.69 	0.00 	0.67 	0.00 
117481 	10.85 	4.93 	15.76 	0.00 	15.29 	0.00 
117521 	5.76 	2.68 	8.52 	0.00 	8.26 	0.00 
10521 	0.58 	0.26 	0.84 	0.00 	0.81 	0.00 
117792 	2.99 	1.30 	4.30 	0.00 	4.19 	0.00 
10100 	0.81 	0.35 	1.16 	0.00 	1.12 	0.00 
18011 	1.31 	0.57 	1.89 	0.00 	1.84 	0.00 
6789 	0.59 	0.26 	0.85 	0.00 	0.82 	0.00 
9205 	0.76 	0.33 	1.09 	0.00 	1.06 	0.00 
117832 	11.25 	4.97 	16.22 	0.00 	15.81 	0.00 
14149 	0.83 	0.36 	1.20 	0.00 	1.16 	0.00 
118007 	7.66 	3.50 	11.21 	0.00 	10.91 	0.00 
10404 	0.66 	0.29 	0.95 	0.00 	0.92 	0.00 
5407 	0.55 	0.24 	0.80 	0.00 	0.77 	0.00 
118132 	4.46 	2.04 	6.53 	0.00 	6.29 	0.00 
118186 	13.68 	6.13 	19.92 	0.00 	19.24 	0.00 
118232 	6.83 	2.97 	9.82 	0.00 	9.50 	0.00 
118298 	12.61 	5.59 	18.34 	0.00 	17.64 	0.00 
118339 	6.60 	3.06 	9.71 	0.00 	9.43 	0.00 
118366 	8.93 	4.11 	13.07 	0.00 	12.73 	0.00 
118432 	10.20 	4.73 	15.00 	0.00 	14.43 	0.00 
118455 	2.97 	1.30 	4.27 	0.00 	4.19 	0.00 
13197 	0.74 	0.33 	1.07 	0.00 	1.04 	0.00 
118466 	11.07 	5.05 	16.28 	0.00 	15.69 	0.00 
118545 	11.72 	5.14 	16.92 	0.00 	16.48 	0.00 
17287 	1.11 	0.49 	1.60 	0.00 	1.55 	0.00 
15423 	1.29 	0.56 	1.86 	0.00 	1.79 	0.00 
118748 	10.79 	4.83 	15.80 	0.00 	15.23 	0.00 
118759 	13.50 	6.28 	19.86 	0.00 	19.00 	0.00 
118905 	11.26 	4.97 	16.28 	0.00 	15.62 	0.00 
118905 	10.76 	4.73 	15.62 	0.00 	15.07 	0.00 
118937 	6.20 	2.84 	9.07 	0.00 	8.77 	0.00 
118985 	5.02 	2.16 	7.19 	0.00 	6.96 	0.00 
119157 	13.55 	5.99 	19.65 	0.00 	18.83 	0.00 
119159 	9.29 	4.09 	13.42 	0.00 	13.04 	0.00 
119699 	16.35 	7.39 	23.72 	0.00 	22.96 	0.00 
119754 	8.97 	4.09 	13.15 	0.00 	12.75 	0.00 
12805 	0.88 	0.39 	1.27 	0.00 	1.23 	0.00 
119763 	7.77 	3.56 	11.38 	0.00 	11.11 	0.00 
7657 	0.74 	0.33 	1.08 	0.00 	1.04 	0.00 
119853 	16.28 	7.45 	23.72 	0.00 	22.87 	0.00 
120017 	11.22 	5.23 	16.56 	0.00 	16.00 	0.00 
120052 	1.72 	0.75 	2.48 	0.00 	2.37 	0.00 
586 	0.05 	0.02 	0.07 	0.00 	0.07 	0.00 
10521 	0.31 	0.14 	0.45 	0.00 	0.43 	0.00 
16517 	0.22 	0.10 	0.32 	0.00 	0.31 	0.00 
120081 	15.71 	7.06 	22.87 	0.00 	22.13 	0.00 
12555 	0.89 	0.39 	1.28 	0.00 	1.24 	0.00 
19353 	1.56 	0.68 	2.24 	0.00 	2.16 	0.00 
120226 	11.67 	5.21 	16.84 	0.00 	16.35 	0.00 
17921 	0.83 	0.36 	1.20 	0.00 	1.16 	0.00 
14984 	0.82 	0.36 	1.19 	0.00 	1.15 	0.00 
16273 	0.93 	0.40 	1.34 	0.00 	1.29 	0.00 
120240 	11.44 	5.23 	16.73 	0.00 	16.16 	0.00 
13108 	1.00 	0.44 	1.46 	0.00 	1.40 	0.00 
120421 	10.75 	4.79 	15.60 	0.00 	15.04 	0.00 
12005 	0.16 	0.07 	0.23 	0.00 	0.22 	0.00 
120634 	16.10 	7.63 	24.00 	0.00 	22.74 	0.00 
8679 	0.89 	0.39 	1.28 	0.00 	1.25 	0.00 
120658 	4.31 	1.88 	6.23 	0.00 	6.06 	0.00 
14945 	1.35 	0.60 	1.96 	0.00 	1.90 	0.00 
11651 	0.96 	0.41 	1.38 	0.00 	1.33 	0.00 
120776 	2.18 	1.01 	3.19 	0.00 	3.07 	0.00 
120786 	2.03 	0.88 	2.91 	0.00 	2.79 	0.00 
9887 	0.99 	0.44 	1.43 	0.00 	1.40 	0.00 
17637 	0.79 	0.35 	1.14 	0.00 	1.10 	0.00 
120851 	11.07 	5.10 	16.18 	0.00 	15.74 	0.00 
120938 	2.76 	1.20 	3.98 	0.00 	3.85 	0.00 
121092 	9.39 	4.13 	13.56 	0.00 	13.01 	0.00 
121417 	10.80 	4.93 	15.77 	0.00 	15.37 	0.00 
8135 	0.78 	0.34 	1.13 	0.00 	1.10 	0.00 
121439 	12.48 	5.50 	18.07 	0.00 	17.39 	0.00 
11208 	1.10 	0.48 	1.59 	0.00 	1.54 	0.00 
121486 	12.25 	5.65 	18.00 	0.00 	17.31 	0.00 
121609 	11.84 	5.23 	17.05 	0.00 	16.60 	0.00 
121621 	13.55 	6.13 	19.86 	0.00 	19.26 	0.00 
121877 	5.28 	2.55 	7.88 	0.00 	7.75 	0.00 
17911 	0.46 	0.20 	0.67 	0.00 	0.64 	0.00 
122034 	10.48 	4.67 	15.12 	0.00 	14.66 	0.00 
8066 	0.70 	0.30 	1.00 	0.00 	0.97 	0.00 
10035 	0.86 	0.37 	1.24 	0.00 	1.19 	0.00 
122060 	17.77 	8.25 	26.14 	0.00 	24.95 	0.00 
11169 	0.25 	0.11 	0.37 	0.00 	0.36 	0.00 
122082 	11.79 	5.34 	17.27 	0.00 	16.45 	0.00 
18730 	1.16 	0.50 	1.67 	0.00 	1.62 	0.00 
18695 	0.26 	0.11 	0.37 	0.00 	0.35 	0.00 
7989 	0.38 	0.17 	0.54 	0.00 	0.53 	0.00 
122132 	14.20 	6.49 	20.78 	0.00 	20.02 	0.00 
122366 	2.62 	1.21 	3.85 	0.00 	3.73 	0.00 
14010 	0.54 	0.23 	0.78 	0.00 	0.75 	0.00 
9768 	0.40 	0.18 	0.58 	0.00 	0.55 	0.00 
19562 	0.43 	0.19 	0.62 	0.00 	0.59 	0.00 
8686 	0.63 	0.28 	0.92 	0.00 	0.89 	0.00 
122503 	1.94 	0.85 	2.79 	0.00 	2.71 	0.00 
16373 	0.96 	0.42 	1.37 	0.00 	1.33 	0.00 
122556 	3.91 	1.77 	5.72 	0.00 	5.53 	0.00 
10746 	1.12 	0.49 	1.61 	0.00 	1.57 	0.00 
122621 	9.91 	4.35 	14.34 	0.00 	13.87 	0.00 
7173 	0.52 	0.23 	0.75 	0.00 	0.72 	0.00 
17926 	0.85 	0.37 	1.22 	0.00 	1.18 	0.00 
122630 	15.50 	6.97 	22.59 	0.00 	21.80 	0.00 
122685 	11.57 	5.07 	16.70 	0.00 	16.27 	0.00 
14702 	0.83 	0.37 	1.20 	0.00 	1.17 	0.00 
122735 	3.03 	1.33 	4.38 	0.00 	4.23 	0.00 
122930 	3.71 	1.62 	5.35 	0.00 	5.18 	0.00 
19470 	1.54 	0.67 	2.21 	0.00 	2.12 	0.00 
123261 	12.01 	5.26 	17.35 	0.00 	16.76 	0.00 
123330 	4.98 	2.19 	7.20 	0.00 	6.93 	0.00 
9093 	0.12 	0.05 	0.18 	0.00 	0.17 	0.00 
13374 	0.51 	0.23 	0.74 	0.00 	0.71 	0.00 
123462 	10.23 	4.83 	15.12 	0.00 	11.88 	0.00 
123851 	8.90 	4.12 	13.07 	0.00 	12.74 	0.00 
124000 	3.65 	1.60 	5.29 	0.00 	5.15 	0.00 
12328 	0.40 	0.17 	0.58 	0.00 	0.56 	0.00 
124175 	8.06 	3.75 	11.82 	0.00 	9.21 	0.00 
124362 	12.79 	5.87 	18.76 	0.00 	18.05 	0.00 
9179 	0.65 	0.29 	0.94 	0.00 	0.91 	0.00 
10878 	0.86 	0.37 	1.23 	0.00 	1.19 	0.00 
8103 	0.14 	0.06 	0.20 	0.00 	0.20 	0.00 
124394 	3.46 	1.52 	5.02 	0.00 	4.86 	0.00 
10026 	1.01 	0.44 	1.46 	0.00 	1.41 	0.00 
124555 	12.29 	5.50 	17.84 	0.00 	17.17 	0.00 
18028 	0.76 	0.33 	1.10 	0.00 	1.06 	0.00 
124630 	11.87 	5.44 	17.43 	0.00 	16.77 	0.00 
124672 	11.06 	4.86 	16.03 	0.00 	15.39 	0.00 
6037 	0.20 	0.09 	0.29 	0.00 	0.28 	0.00 
124715 	10.55 	4.85 	15.50 	0.00 	15.14 	0.00 
14113 	0.19 	0.08 	0.28 	0.00 	0.26 	0.00 
14449 	1.36 	0.59 	1.96 	0.00 	1.90 	0.00 
13677 	1.42 	0.62 	2.04 	0.00 	1.99 	0.00 
14977 	0.83 	0.37 	1.21 	0.00 	1.16 	0.00 
124741 	11.47 	5.17 	16.74 	0.00 	16.20 	0.00 
10374 	0.93 	0.40 	1.34 	0.00 	1.30 	0.00 
8220 	0.44 	0.19 	0.63 	0.00 	0.62 	0.00 
124751 	9.35 	4.32 	13.70 	0.00 	13.32 	0.00 
125036 	3.96 	1.70 	5.69 	0.00 	5.48 	0.00 
125184 	16.23 	7.40 	23.89 	0.00 	23.04 	0.00 
125279 	14.55 	6.59 	21.20 	0.00 	20.51 	0.00 
125435 	11.11 	5.16 	16.39 	0.00 	15.70 	0.00 
125566 	9.74 	4.29 	14.04 	0.00 	13.60 	0.00 
125642 	12.94 	6.06 	19.09 	0.00 	15.24 	0.00 
125792 	1.68 	0.73 	2.42 	0.00 	2.32 	0.00 
16220 	0.75 	0.33 	1.09 	0.00 	1.04 	0.00 
126269 	17.36 	7.77 	25.27 	0.00 	24.40 	0.00 
11939 	1.16 	0.52 	1.69 	0.00 	1.63 	0.00 
12930 	1.08 	0.47 	1.55 	0.00 	1.49 	0.00 
126366 	3.48 	1.60 	5.14 	0.00 	4.97 	0.00 
11022 	0.73 	0.32 	1.06 	0.00 	1.03 	0.00 
14409 	0.93 	0.41 	1.34 	0.00 	1.29 	0.00 
11018 	1.10 	0.48 	1.59 	0.00 	1.53 	0.00 
13782 	1.35 	0.60 	1.95 	0.00 	1.89 	0.00 
15199 	1.25 	0.55 	1.80 	0.00 	1.74 	0.00 
3543 	0.41 	0.18 	0.59 	0.00 	0.56 	0.00 
126676 	13.77 	6.20 	19.97 	0.00 	19.38 	0.00 
126752 	14.99 	6.83 	21.94 	0.00 	20.99 	0.00 
926 	0.10 	0.05 	0.15 	0.00 	0.14 	0.00 
127356 	12.42 	5.64 	18.13 	0.00 	17.61 	0.00 
127417 	18.08 	8.38 	26.62 	0.00 	20.88 	0.00 
127458 	4.65 	2.14 	6.83 	0.00 	6.61 	0.00 
4761 	0.54 	0.24 	0.78 	0.00 	0.75 	0.00 
127501 	3.05 	1.35 	4.42 	0.00 	4.24 	0.00 
1148 	0.13 	0.06 	0.19 	0.00 	0.19 	0.00 
127749 	11.24 	4.99 	16.30 	0.00 	15.69 	0.00 
19936 	1.66 	0.74 	2.40 	0.00 	2.32 	0.00 
12068 	1.23 	0.54 	1.77 	0.00 	1.68 	0.00 
17097 	1.58 	0.69 	2.27 	0.00 	2.19 	0.00 
8499 	0.39 	0.17 	0.57 	0.00 	0.55 	0.00 
127926 	2.22 	1.07 	3.30 	0.00 	3.16 	0.00 
127994 	10.13 	4.42 	14.59 	0.00 	14.07 	0.00 
9219 	0.89 	0.39 	1.29 	0.00 	1.24 	0.00 
127997 	14.27 	6.44 	20.85 	0.00 	20.12 	0.00 
10361 	1.01 	0.44 	1.45 	0.00 	1.40 	0.00 
19730 	1.33 	0.58 	1.93 	0.00 	1.86 	0.00 
128650 	9.27 	4.06 	13.34 	0.00 	12.85 	0.00 
128701 	10.28 	4.75 	15.18 	0.00 	14.65 	0.00 
17033 	0.90 	0.40 	1.31 	0.00 	1.25 	0.00 
5910 	0.31 	0.13 	0.44 	0.00 	0.43 	0.00 
10105 	0.52 	0.22 	0.74 	0.00 	0.72 	0.00 
128794 	8.63 	3.81 	12.52 	0.00 	12.03 	0.00 
18663 	1.19 	0.52 	1.72 	0.00 	1.67 	0.00 
128807 	10.99 	4.87 	15.93 	0.00 	15.50 	0.00 
128817 	14.01 	6.17 	20.31 	0.00 	19.48 	0.00 
18394 	1.42 	0.62 	2.05 	0.00 	1.97 	0.00 
6141 	0.50 	0.22 	0.72 	0.00 	0.70 	0.00 
128883 	10.21 	4.51 	14.72 	0.00 	14.24 	0.00 
128903 	13.90 	6.27 	20.25 	0.00 	19.74 	0.00 
128961 	9.93 	4.36 	14.35 	0.00 	13.85 	0.00 
129132 	10.58 	4.67 	15.25 	0.00 	14.82 	0.00 
129275 	13.20 	5.80 	19.12 	0.00 	18.36 	0.00 
12699 	1.18 	0.52 	1.71 	0.00 	1.65 	0.00 
8633 	0.47 	0.20 	0.68 	0.00 	0.65 	0.00 
17833 	1.03 	0.45 	1.49 	0.00 	1.44 	0.00 
129427 	10.48 	4.64 	15.16 	0.00 	14.65 	0.00 
11926 	0.56 	0.25 	0.81 	0.00 	0.78 	0.00 
129444 	15.13 	7.08 	22.30 	0.00 	21.50 	0.00 
19688 	1.45 	0.63 	2.09 	0.00 	2.01 	0.00 
8262 	0.81 	0.36 	1.17 	0.00 	1.13 	0.00 
18754 	1.20 	0.53 	1.74 	0.00 	1.67 	0.00 
4810 	0.44 	0.19 	0.64 	0.00 	0.62 	0.00 
129475 	7.71 	3.54 	11.37 	0.00 	10.98 	0.00 
19207 	1.29 	0.56 	1.86 	0.00 	1.80 	0.00 
11285 	1.01 	0.44 	1.46 	0.00 	1.40 	0.00 
129515 	16.69 	7.55 	24.27 	0.00 	23.46 	0.00 
129904 	10.81 	4.94 	15.84 	0.00 	15.28 	0.00 
129936 	19.81 	9.13 	29.00 	0.00 	28.03 	0.00 
129940 	14.57 	6.41 	21.17 	0.00 	20.30 	0.00 
5787 	0.30 	0.13 	0.43 	0.00 	0.42 	0.00 
10661 	0.76 	0.34 	1.10 	0.00 	1.06 	0.00 
12181 	1.09 	0.48 	1.58 	0.00 	1.53 	0.00 
130015 	11.63 	5.41 	17.16 	0.00 	16.68 	0.00 
130687 	15.08 	6.90 	21.97 	0.00 	21.39 	0.00 
130785 	14.46 	6.65 	21.18 	0.00 	20.40 	0.00 
130797 	2.35 	1.04 	3.39 	0.00 	3.27 	0.00 
130908 	12.49 	5.48 	18.04 	0.00 	17.43 	0.00 
130918 	8.22 	3.90 	12.22 	0.00 	11.80 	0.00 
131221 	8.35 	3.72 	12.15 	0.00 	11.71 	0.00 
131790 	2.02 	0.89 	2.91 	0.00 	2.81 	0.00 
131798 	5.07 	2.32 	7.42 	0.00 	7.13 	0.00 
11017 	0.85 	0.37 	1.22 	0.00 	1.18 	0.00 
1790 	0.05 	0.02 	0.08 	0.00 	0.07 	0.00 
8411 	0.85 	0.37 	1.23 	0.00 	1.18 	0.00 
9369 	0.43 	0.19 	0.61 	0.00 	0.59 	0.00 
5350 	0.50 	0.22 	0.72 	0.00 	0.69 	0.00 
131860 	13.12 	5.82 	18.99 	0.00 	18.55 	0.00 
8603 	0.82 	0.36 	1.18 	0.00 	1.13 	0.00 
131870 	13.57 	6.25 	19.81 	0.00 	19.18 	0.00 
8255 	0.77 	0.33 	1.11 	0.00 	1.08 	0.00 
131962 	17.98 	8.09 	26.16 	0.00 	25.08 	0.00 
132059 	10.34 	4.57 	15.00 	0.00 	14.54 	0.00 
4811 	0.25 	0.11 	0.36 	0.00 	0.34 	0.00 
11939 	0.86 	0.38 	1.24 	0.00 	1.21 	0.00 
19115 	1.58 	0.69 	2.28 	0.00 	2.19 	0.00 
16249 	0.63 	0.27 	0.91 	0.00 	0.88 	0.00 
132261 	16.73 	7.40 	24.31 	0.00 	23.22 	0.00 
132264 	13.70 	6.00 	19.71 	0.00 	19.41 	0.00 
18135 	1.41 	0.62 	2.04 	0.00 	1.98 	0.00 
132364 	9.84 	4.63 	14.54 	0.00 	11.75 	0.00 
13079 	1.02 	0.45 	1.47 	0.00 	1.43 	0.00 
132541 	9.88 	4.33 	14.23 	0.00 	13.78 	0.00 
132595 	12.53 	5.78 	18.45 	0.00 	17.82 	0.00 
132715 	12.87 	5.73 	18.62 	0.00 	18.06 	0.00 
10380 	0.75 	0.33 	1.08 	0.00 	1.04 	0.00 
132776 	10.24 	4.51 	14.82 	0.00 	14.47 	0.00 
12647 	0.62 	0.27 	0.89 	0.00 	0.86 	0.00 
133034 	13.91 	6.43 	20.54 	0.00 	19.81 	0.00 
19958 	1.25 	0.55 	1.80 	0.00 	1.75 	0.00 
10323 	1.01 	0.44 	1.45 	0.00 	1.39 	0.00 
11019 	1.11 	0.49 	1.61 	0.00 	1.56 	0.00 
12445 	1.22 	0.54 	1.77 	0.00 	1.71 	0.00 
13404 	0.83 	0.36 	1.20 	0.00 	1.15 	0.00 
5948 	0.67 	0.30 	0.97 	0.00 	0.93 	0.00 
15577 	1.29 	0.56 	1.86 	0.00 	1.80 	0.00 
14906 	1.47 	0.64 	2.11 	0.00 	2.04 	0.00 
133059 	10.77 	4.77 	15.61 	0.00 	15.02 	0.00 
10428 	0.65 	0.28 	0.93 	0.00 	0.90 	0.00 
7617 	0.78 	0.34 	1.13 	0.00 	1.09 	0.00 
133184 	11.16 	4.92 	16.10 	0.00 	15.67 	0.00 
12887 	1.28 	0.56 	1.85 	0.00 	1.79 	0.00 
14918 	0.69 	0.31 	1.00 	0.00 	0.96 	0.00 
14215 	1.17 	0.51 	1.69 	0.00 	1.63 	0.00 
19303 	1.71 	0.75 	2.45 	0.00 	2.38 	0.00 
6844 	0.75 	0.33 	1.09 	0.00 	1.05 	0.00 
10496 	1.20 	0.53 	1.73 	0.00 	1.67 	0.00 
133345 	16.30 	7.44 	23.88 	0.00 	23.27 	0.00 
16618 	1.58 	0.70 	2.29 	0.00 	2.22 	0.00 
133346 	13.16 	5.89 	19.11 	0.00 	18.63 	0.00 
12159 	1.30 	0.57 	1.87 	0.00 	1.83 	0.00 
17825 	0.97 	0.42 	1.40 	0.00 	1.35 	0.00 
1858 	0.08 	0.04 	0.12 	0.00 	0.12 	0.00 
10855 	0.86 	0.38 	1.23 	0.00 	1.19 	0.00 
14662 	1.41 	0.62 	2.05 	0.00 	1.96 	0.00 
9740 	0.79 	0.34 	1.14 	0.00 	1.09 	0.00 
8715 	0.68 	0.30 	0.99 	0.00 	0.95 	0.00 
133641 	11.23 	5.12 	16.48 	0.00 	15.99 	0.00 
19805 	1.19 	0.52 	1.71 	0.00 	1.66 	0.00 
12486 	1.01 	0.45 	1.47 	0.00 	1.41 	0.00 
133808 	17.92 	8.07 	26.04 	0.00 	25.09 	0.00 
5944 	0.45 	0.20 	0.66 	0.00 	0.63 	0.00 
133835 	3.39 	1.49 	4.88 	0.00 	4.70 	0.00 
5350 	0.46 	0.20 	0.66 	0.00 	0.64 	0.00 
5857 	0.52 	0.23 	0.76 	0.00 	0.73 	0.00 
133973 	8.95 	3.94 	12.96 	0.00 	12.50 	0.00 
13316 	0.88 	0.39 	1.27 	0.00 	1.23 	0.00 
14550 	1.19 	0.52 	1.72 	0.00 	1.65 	0.00 
134264 	9.27 	4.37 	13.76 	0.00 	13.29 	0.00 
12381 	1.23 	0.54 	1.77 	0.00 	1.71 	0.00 
8095 	0.80 	0.35 	1.16 	0.00 	1.11 	0.00 
15232 	0.94 	0.42 	1.37 	0.00 	1.32 	0.00 
5594 	0.55 	0.24 	0.80 	0.00 	0.77 	0.00 
4501 	0.42 	0.18 	0.60 	0.00 	0.58 	0.00 
15957 	1.17 	0.51 	1.70 	0.00 	1.64 	0.00 
15889 	0.79 	0.34 	1.13 	0.00 	1.09 	0.00 
18599 	1.34 	0.59 	1.93 	0.00 	1.87 	0.00 
6306 	0.54 	0.23 	0.78 	0.00 	0.75 	0.00 
9707 	0.86 	0.37 	1.23 	0.00 	1.20 	0.00 
134370 	5.50 	2.40 	7.92 	0.00 	7.68 	0.00 
8313 	0.66 	0.29 	0.94 	0.00 	0.90 	0.00 
12813 	0.68 	0.30 	0.98 	0.00 	0.94 	0.00 
9254 	0.79 	0.35 	1.14 	0.00 	1.09 	0.00 
11225 	0.82 	0.36 	1.19 	0.00 	1.14 	0.00 
134452 	10.76 	4.80 	15.63 	0.00 	15.20 	0.00 
134465 	2.59 	1.14 	3.74 	0.00 	3.60 	0.00 
13756 	0.78 	0.34 	1.13 	0.00 	1.10 	0.00 
8802 	0.69 	0.30 	1.00 	0.00 	0.96 	0.00 
2035 	0.12 	0.05 	0.18 	0.00 	0.17 	0.00 
17374 	0.74 	0.33 	1.07 	0.00 	1.04 	0.00 
17161 	1.12 	0.49 	1.61 	0.00 	1.56 	0.00 
134470 	11.80 	5.19 	16.97 	0.00 	16.32 	0.00 
134497 	9.11 	4.01 	13.13 	0.00 	12.76 	0.00 
14819 	1.10 	0.48 	1.59 	0.00 	1.53 	0.00 
134512 	13.09 	5.86 	19.08 	0.00 	18.35 	0.00 
11794 	1.09 	0.47 	1.58 	0.00 	1.52 	0.00 
134534 	5.24 	2.29 	7.58 	0.00 	7.26 	0.00 
134727 	11.75 	5.32 	17.20 	0.00 	16.76 	0.00 
11373 	0.65 	0.29 	0.93 	0.00 	0.90 	0.00 
16654 	1.23 	0.54 	1.79 	0.00 	1.73 	0.00 
134933 	18.46 	8.23 	26.87 	0.00 	25.79 	0.00 
19683 	1.48 	0.65 	2.14 	0.00 	2.07 	0.00 
10320 	0.75 	0.33 	1.09 	0.00 	1.05 	0.00 
135020 	13.98 	6.15 	20.11 	0.00 	19.40 	0.00 
135057 	10.63 	4.65 	15.29 	0.00 	14.79 	0.00 
135080 	10.70 	4.92 	15.64 	0.00 	15.22 	0.00 
135194 	3.18 	1.46 	4.66 	0.00 	4.48 	0.00 
135229 	14.84 	6.77 	21.67 	0.00 	20.97 	0.00 
135385 	15.38 	6.95 	22.52 	0.00 	21.66 	0.00 
135578 	14.57 	6.68 	21.44 	0.00 	20.59 	0.00 
135590 	10.11 	4.45 	14.65 	0.00 	14.21 	0.00 
13244 	1.18 	0.52 	1.71 	0.00 	1.65 	0.00 
18758 	1.48 	0.65 	2.16 	0.00 	2.08 	0.00 
135595 	16.67 	7.72 	24.62 	0.00 	23.53 	0.00 
135680 	10.74 	4.71 	15.57 	0.00 	14.95 	0.00 
136434 	10.82 	5.04 	16.02 	0.00 	15.50 	0.00 
136437 	16.72 	8.09 	25.05 	0.00 	22.42 	0.00 
136443 	15.60 	7.21 	22.92 	0.00 	22.00 	0.00 
136466 	9.80 	4.46 	14.39 	0.00 	13.71 	0.00 
136502 	17.34 	7.89 	25.44 	0.00 	24.48 	0.00 
13198 	0.87 	0.38 	1.25 	0.00 	1.21 	0.00 
13854 	1.38 	0.61 	1.99 	0.00 	1.93 	0.00 
9737 	1.04 	0.45 	1.49 	0.00 	1.45 	0.00 
136631 	9.74 	4.41 	14.25 	0.00 	13.59 	0.00 
15501 	1.45 	0.63 	2.08 	0.00 	2.00 	0.00 
136715 	9.33 	4.08 	13.45 	0.00 	12.93 	0.00 
137018 	18.12 	8.18 	26.43 	0.00 	25.43 	0.00 
15732 	1.37 	0.60 	1.97 	0.00 	1.91 	0.00 
137098 	10.40 	4.63 	15.08 	0.00 	14.46 	0.00 
16021 	1.46 	0.64 	2.11 	0.00 	2.04 	0.00 
7080 	0.74 	0.33 	1.07 	0.00 	1.04 	0.00 
137108 	11.84 	5.26 	17.11 	0.00 	16.67 	0.00 
12004 	0.99 	0.43 	1.42 	0.00 	1.36 	0.00 
17048 	1.01 	0.44 	1.46 	0.00 	1.41 	0.00 
12726 	0.46 	0.20 	0.66 	0.00 	0.64 	0.00 
11192 	0.93 	0.41 	1.35 	0.00 	1.29 	0.00 
137128 	10.26 	4.51 	14.82 	0.00 	14.14 	0.00 
137181 	13.48 	6.22 	19.69 	0.00 	19.11 	0.00 
18713 	1.52 	0.66 	2.21 	0.00 	2.11 	0.00 
137282 	9.34 	4.11 	13.52 	0.00 	13.12 	0.00 
137309 	11.96 	5.30 	17.25 	0.00 	16.64 	0.00 
138231 	13.46 	5.98 	19.44 	0.00 	18.86 	0.00 
13433 	1.28 	0.56 	1.85 	0.00 	1.79 	0.00 
138313 	6.75 	3.10 	9.91 	0.00 	9.59 	0.00 
6997 	0.70 	0.31 	1.01 	0.00 	0.97 	0.00 
138335 	9.83 	4.33 	14.23 	0.00 	13.70 	0.00 
138382 	19.23 	8.73 	28.09 	0.00 	26.85 	0.00 
138603 	16.72 	7.70 	24.44 	0.00 	23.68 	0.00 
18694 	1.64 	0.72 	2.37 	0.00 	2.28 	0.00 
12079 	1.27 	0.56 	1.83 	0.00 	1.78 	0.00 
19749 	1.44 	0.63 	2.08 	0.00 	2.02 	0.00 
15916 	0.99 	0.44 	1.43 	0.00 	1.40 	0.00 
138604 	12.04 	5.55 	17.67 	0.00 	16.96 	0.00 
138615 	13.82 	6.34 	20.28 	0.00 	19.47 	0.00 
138875 	6.31 	2.99 	9.36 	0.00 	9.04 	0.00 
139298 	19.29 	8.73 	28.10 	0.00 	26.87 	0.00 
139320 	9.58 	4.23 	13.85 	0.00 	13.42 	0.00 
139451 	16.49 	7.42 	24.07 	0.00 	23.13 	0.00 
139585 	11.36 	5.17 	16.58 	0.00 	16.06 	0.00 
139597 	14.84 	6.76 	21.69 	0.00 	20.89 	0.00 
17814 	0.65 	0.29 	0.94 	0.00 	0.92 	0.00 
139661 	14.03 	6.21 	20.36 	0.00 	19.77 	0.00 
139884 	15.48 	6.90 	22.46 	0.00 	21.53 	0.00 
140776 	17.85 	8.31 	26.31 	0.00 	25.44 	0.00 
14806 	1.25 	0.55 	1.81 	0.00 	1.74 	0.00 
141123 	19.79 	9.19 	29.07 	0.00 	22.39 	0.00 
141354 	9.44 	4.14 	13.67 	0.00 	13.28 	0.00 
141356 	15.90 	7.25 	23.26 	0.00 	22.33 	0.00 
141612 	14.78 	6.55 	21.32 	0.00 	20.60 	0.00 
141612 	16.77 	7.96 	24.87 	0.00 	24.12 	0.00 
142014 	3.21 	1.41 	4.65 	0.00 	4.44 	0.00 
7419 	0.43 	0.19 	0.62 	0.00 	0.59 	0.00 
142637 	18.38 	8.81 	27.40 	0.00 	26.18 	0.00 
142938 	14.65 	6.73 	21.41 	0.00 	20.83 	0.00 
143217 	17.13 	7.51 	24.73 	0.00 	23.71 	0.00 
143900 	14.98 	6.78 	21.83 	0.00 	21.11 	0.00 
143928 	9.31 	4.54 	13.80 	0.00 	8.44 	0.00 
10957 	0.63 	0.28 	0.92 	0.00 	0.89 	0.00 
143958 	13.97 	6.41 	20.49 	0.00 	19.78 	0.00 
18639 	0.74 	0.32 	1.07 	0.00 	1.03 	0.00 
144039 	14.99 	6.65 	21.70 	0.00 	20.96 	0.00 
6688 	0.66 	0.28 	0.94 	0.00 	0.91 	0.00 
144046 	14.35 	6.49 	20.92 	0.00 	20.20 	0.00 
5724 	0.38 	0.17 	0.55 	0.00 	0.53 	0.00 
144180 	10.48 	4.79 	15.30 	0.00 	14.86 	0.00 
16883 	1.42 	0.62 	2.05 	0.00 	1.96 	0.00 
144263 	16.97 	7.73 	24.87 	0.00 	23.73 	0.00 
144372 	10.50 	4.95 	15.58 	0.00 	15.05 	0.00 
144455 	19.80 	8.89 	28.64 	0.00 	27.40 	0.00 
144519 	19.04 	8.85 	28.00 	0.00 	27.11 	0.00 
144581 	10.70 	4.76 	15.56 	0.00 	14.94 	0.00 
145053 	3.24 	1.49 	4.71 	0.00 	4.58 	0.00 
145395 	4.91 	2.14 	7.07 	0.00 	6.88 	0.00 
145421 	10.75 	4.89 	15.75 	0.00 	15.18 	0.00 
11105 	0.87 	0.38 	1.26 	0.00 	1.21 	0.00 
145717 	5.26 	2.28 	7.58 	0.00 	7.32 	0.00 
12513 	0.67 	0.29 	0.96 	0.00 	0.93 	0.00 
7838 	0.33 	0.14 	0.47 	0.00 	0.46 	0.00 
6657 	0.53 	0.23 	0.77 	0.00 	0.74 	0.00 
19408 	0.47 	0.20 	0.67 	0.00 	0.64 	0.00 
12898 	1.02 	0.45 	1.47 	0.00 	1.43 	0.00 
8131 	0.94 	0.41 	1.35 	0.00 	1.32 	0.00 
145847 	16.00 	7.65 	23.74 	0.00 	23.15 	0.00 
7225 	0.57 	0.25 	0.82 	0.00 	0.79 	0.00 
9639 	0.71 	0.31 	1.02 	0.00 	0.99 	0.00 
11761 	0.77 	0.34 	1.11 	0.00 	1.08 	0.00 
16563 	0.60 	0.26 	0.86 	0.00 	0.83 	0.00 
146372 	9.52 	4.35 	13.86 	0.00 	13.58 	0.00 
19911 	0.93 	0.41 	1.33 	0.00 	1.30 	0.00 
5769 	0.66 	0.29 	0.96 	0.00 	0.92 	0.00 
146583 	21.31 	10.18 	31.65 	0.00 	30.27 	0.00 
14217 	1.56 	0.69 	2.25 	0.00 	2.18 	0.00 
14379 	0.52 	0.23 	0.76 	0.00 	0.73 	0.00 
8675 	0.69 	0.30 	0.99 	0.00 	0.96 	0.00 
146815 	21.02 	9.65 	30.75 	0.00 	26.99 	0.00 
147259 	15.41 	7.08 	22.53 	0.00 	21.94 	0.00 
9100 	0.78 	0.34 	1.13 	0.00 	1.09 	0.00 
17049 	1.12 	0.49 	1.61 	0.00 	1.56 	0.00 
17533 	0.78 	0.34 	1.12 	0.00 	1.09 	0.00 
11767 	0.94 	0.41 	1.35 	0.00 	1.31 	0.00 
17022 	1.32 	0.58 	1.90 	0.00 	1.84 	0.00 
9002 	0.86 	0.38 	1.24 	0.00 	1.22 	0.00 
13445 	1.52 	0.66 	2.19 	0.00 	2.11 	0.00 
147860 	14.15 	6.60 	20.88 	0.00 	20.27 	0.00 
14646 	1.20 	0.53 	1.73 	0.00 	1.67 	0.00 
9077 	0.70 	0.30 	1.01 	0.00 	0.98 	0.00 
16047 	0.73 	0.32 	1.05 	0.00 	1.02 	0.00 
147885 	18.36 	8.43 	26.93 	0.00 	25.65 	0.00 
17326 	0.72 	0.32 	1.04 	0.00 	1.01 	0.00 
5886 	0.69 	0.30 	1.00 	0.00 	0.97 	0.00 
12341 	1.47 	0.65 	2.12 	0.00 	2.06 	0.00 
10953 	1.01 	0.44 	1.45 	0.00 	1.41 	0.00 
5335 	0.38 	0.17 	0.54 	0.00 	0.53 	0.00 
147968 	16.98 	7.67 	24.67 	0.00 	23.57 	0.00 
148166 	15.82 	7.01 	22.92 	0.00 	22.09 	0.00 
148515 	11.63 	5.10 	16.79 	0.00 	16.13 	0.00 
148703 	13.61 	6.06 	19.80 	0.00 	19.16 	0.00 
148952 	17.54 	7.86 	25.47 	0.00 	24.54 	0.00 
149035 	10.38 	4.55 	14.96 	0.00 	14.45 	0.00 
149140 	10.84 	4.74 	15.63 	0.00 	15.06 	0.00 
149234 	8.86 	4.03 	12.92 	0.00 	12.65 	0.00 
149620 	5.39 	2.36 	7.75 	0.00 	7.49 	0.00 
150024 	16.21 	7.35 	23.58 	0.00 	22.85 	0.00 
150040 	5.06 	2.35 	7.40 	0.00 	7.20 	0.00 
150075 	15.62 	6.94 	22.57 	0.00 	21.73 	0.00 
150116 	5.17 	2.24 	7.43 	0.00 	7.17 	0.00 
150146 	14.10 	6.25 	20.44 	0.00 	19.70 	0.00 
150177 	19.59 	9.03 	28.78 	0.00 	27.74 	0.00 
150481 	16.31 	7.40 	23.67 	0.00 	22.87 	0.00 
150569 	16.12 	7.11 	23.31 	0.00 	22.46 	0.00 
150990 	14.33 	6.27 	20.70 	0.00 	19.94 	0.00 
152218 	15.30 	7.28 	22.75 	0.00 	22.04 	0.00 
152234 	12.96 	6.05 	19.13 	0.00 	18.51 	0.00 
152359 	12.69 	5.58 	18.31 	0.00 	17.77 	0.00 
152596 	7.25 	3.18 	10.46 	0.00 	10.21 	0.00 
152602 	8.58 	3.73 	12.32 	0.00 	11.89 	0.00 
152875 	2.58 	1.19 	3.80 	0.00 	3.65 	0.00 
152963 	3.84 	1.70 	5.56 	0.00 	5.41 	0.00 
153712 	20.58 	9.69 	30.32 	0.00 	23.27 	0.00 
153740 	14.84 	6.78 	21.79 	0.00 	20.90 	0.00 
153880 	2.25 	0.98 	3.25 	0.00 	3.12 	0.00 
153976 	9.37 	4.15 	13.64 	0.00 	13.05 	0.00 
154057 	16.54 	7.45 	24.11 	0.00 	23.24 	0.00 
154162 	11.28 	5.06 	16.45 	0.00 	15.86 	0.00 
154263 	14.29 	6.79 	21.25 	0.00 	20.72 	0.00 
154316 	17.96 	8.41 	26.39 	0.00 	20.31 	0.00 
154392 	11.32 	5.14 	16.48 	0.00 	15.94 	0.00 
154491 	3.39 	1.49 	4.88 	0.00 	4.75 	0.00 
154788 	10.29 	4.50 	14.88 	0.00 	14.43 	0.00 
154876 	15.98 	7.01 	23.07 	0.00 	22.17 	0.00 
155121 	15.02 	6.55 	21.61 	0.00 	21.09 	0.00 
155256 	12.42 	5.66 	18.20 	0.00 	17.79 	0.00 
155313 	3.23 	1.42 	4.65 	0.00 	4.48 	0.00 
155378 	5.93 	2.75 	8.75 	0.00 	8.43 	0.00 
155480 	13.92 	6.24 	20.26 	0.00 	19.31 	0.00 
155536 	13.10 	5.92 	19.05 	0.00 	18.44 	0.00 
155563 	14.22 	6.69 	21.10 	0.00 	20.27 	0.00 
155677 	12.45 	5.43 	17.98 	0.00 	17.34 	0.00 
155790 	15.56 	7.01 	22.71 	0.00 	21.88 	0.00 
155886 	17.49 	7.95 	25.54 	0.00 	24.36 	0.00 
156227 	4.52 	2.00 	6.55 	0.00 	6.31 	0.00 
156447 	17.17 	7.73 	24.93 	0.00 	23.95 	0.00 
156481 	6.08 	2.90 	9.01 	0.00 	8.88 	0.00 
156748 	16.54 	7.67 	24.45 	0.00 	23.32 	0.00 
156821 	22.34 	10.21 	32.73 	0.00 	31.26 	0.00 
157382 	11.83 	5.45 	17.39 	0.00 	16.80 	0.00 
157461 	16.76 	7.58 	24.51 	0.00 	23.66 	0.00 
157525 	11.94 	5.22 	17.26 	0.00 	16.66 	0.00 
157689 	11.51 	5.25 	16.94 	0.00 	16.34 	0.00 
157743 	12.08 	5.53 	17.68 	0.00 	16.99 	0.00 
158247 	14.86 	6.74 	21.73 	0.00 	20.85 	0.00 
158346 	8.85 	3.96 	12.91 	0.00 	12.51 	0.00 
158553 	15.68 	7.08 	22.86 	0.00 	22.01 	0.00 
158979 	14.32 	6.30 	20.65 	0.00 	20.14 	0.00 
159100 	14.60 	6.62 	21.32 	0.00 	20.48 	0.00 
159400 	11.07 	5.04 	16.21 	0.00 	15.51 	0.00 
159480 	2.89 	1.27 	4.17 	0.00 	4.00 	0.00 
159593 	10.23 	4.65 	15.02 	0.00 	14.50 	0.00 
159650 	19.49 	8.70 	28.25 	0.00 	27.28 	0.00 
159748 	7.25 	3.18 	10.48 	0.00 	10.13 	0.00 
160067 	18.36 	8.78 	27.23 	0.00 	26.18 	0.00 
160248 	12.56 	5.52 	18.17 	0.00 	17.45 	0.00 
160544 	21.51 	9.76 	31.44 	0.00 	30.32 	0.00 
160612 	11.30 	4.99 	16.29 	0.00 	15.93 	0.00 
160668 	3.23 	1.39 	4.64 	0.00 	4.47 	0.00 
160982 	18.85 	8.54 	27.66 	0.00 	26.45 	0.00 
161452 	14.05 	6.74 	20.87 	0.00 	20.43 	0.00 
161498 	14.92 	6.73 	21.86 	0.00 	21.18 	0.00 
161562 	2.95 	1.29 	4.24 	0.00 	4.08 	0.00 
161567 	3.14 	1.39 	4.56 	0.00 	4.41 	0.00 
161893 	2.23 	0.99 	3.24 	0.00 	3.09 	0.00 
161896 	19.44 	8.81 	28.36 	0.00 	27.32 	0.00 
161944 	12.38 	5.40 	17.85 	0.00 	17.23 	0.00 
161990 	19.50 	8.86 	28.32 	0.00 	27.45 	0.00 
162126 	2.64 	1.16 	3.81 	0.00 	3.69 	0.00 
162483 	18.74 	8.51 	27.32 	0.00 	26.37 	0.00 
162561 	11.40 	5.08 	16.59 	0.00 	16.02 	0.00 
162603 	3.55 	1.56 	5.11 	0.00 	4.99 	0.00 
162894 	20.98 	9.42 	30.56 	0.00 	29.24 	0.00 
163223 	3.88 	1.70 	5.59 	0.00 	5.43 	0.00 
163400 	3.59 	1.59 	5.19 	0.00 	5.03 	0.00 
163591 	6.17 	2.68 	8.86 	0.00 	8.63 	0.00 
163672 	8.28 	3.82 	12.16 	0.00 	11.84 	0.00 
163892 	15.28 	6.72 	22.05 	0.00 	21.47 	0.00 
164026 	19.51 	8.64 	28.32 	0.00 	27.23 	0.00 
164328 	4.79 	2.21 	7.07 	0.00 	6.83 	0.00 
164387 	13.22 	5.82 	19.12 	0.00 	18.43 	0.00 
164426 	4.56 	2.01 	6.61 	0.00 	6.38 	0.00 
164433 	5.21 	2.28 	7.55 	0.00 	7.27 	0.00 
164565 	19.94 	8.98 	29.03 	0.00 	27.75 	0.00 
165049 	18.41 	8.77 	27.34 	0.00 	26.57 	0.00 
165619 	11.38 	5.19 	16.70 	0.00 	16.13 	0.00 
165675 	15.70 	6.88 	22.55 	0.00 	21.81 	0.00 
165696 	12.76 	5.57 	18.35 	0.00 	17.71 	0.00 
165879 	16.89 	7.60 	24.69 	0.00 	23.49 	0.00 
165968 	11.69 	5.30 	17.07 	0.00 	16.34 	0.00 
166338 	17.17 	7.82 	25.10 	0.00 	24.20 	0.00 
166876 	18.17 	8.41 	26.71 	0.00 	25.69 	0.00 
166946 	22.46 	10.72 	33.34 	0.00 	32.21 	0.00 
167106 	14.57 	6.75 	21.52 	0.00 	20.67 	0.00 
167320 	12.96 	6.06 	19.08 	0.00 	18.50 	0.00 
167708 	18.09 	8.39 	26.55 	0.00 	25.67 	0.00 
167847 	23.48 	11.16 	34.84 	0.00 	31.38 	0.00 
167910 	14.78 	6.83 	21.82 	0.00 	20.83 	0.00 
167996 	15.47 	6.88 	22.44 	0.00 	21.69 	0.00 
168844 	2.79 	1.33 	4.14 	0.00 	3.95 	0.00 
168889 	5.29 	2.44 	7.78 	0.00 	7.56 	0.00 
169081 	13.17 	6.14 	19.35 	0.00 	18.74 	0.00 
169109 	15.48 	7.22 	22.78 	0.00 	21.97 	0.00 
169144 	20.56 	9.24 	29.87 	0.00 	28.82 	0.00 
169553 	12.74 	5.54 	18.36 	0.00 	17.71 	0.00 
170306 	23.35 	10.42 	34.04 	0.00 	32.64 	0.00 
170772 	4.83 	2.24 	7.14 	0.00 	6.84 	0.00 
170782 	5.80 	2.78 	8.65 	0.00 	8.41 	0.00 
171032 	6.90 	3.19 	10.11 	0.00 	9.90 	0.00 
171310 	4.59 	2.11 	6.76 	0.00 	6.52 	0.00 
171456 	4.07 	1.88 	6.01 	0.00 	5.79 	0.00 
171606 	3.92 	1.81 	5.78 	0.00 	5.57 	0.00 
171873 	15.14 	6.88 	22.09 	0.00 	21.30 	0.00 
172147 	14.57 	6.47 	21.16 	0.00 	20.53 	0.00 
172273 	11.60 	5.37 	17.12 	0.00 	16.66 	0.00 
172433 	9.58 	4.19 	13.86 	0.00 	13.39 	0.00 
172720 	21.22 	9.49 	30.62 	0.00 	29.59 	0.00 
172782 	5.85 	2.68 	8.61 	0.00 	8.33 	0.00 
173016 	15.64 	7.28 	22.98 	0.00 	22.20 	0.00 
173623 	21.28 	9.60 	31.01 	0.00 	29.65 	0.00 
173806 	14.77 	6.47 	21.30 	0.00 	20.74 	0.00 
174010 	12.67 	5.59 	18.35 	0.00 	17.68 	0.00 
174060 	13.90 	6.19 	20.16 	0.00 	19.45 	0.00 
174173 	17.01 	7.65 	24.79 	0.00 	23.59 	0.00 
174181 	13.08 	5.69 	18.76 	0.00 	18.15 	0.00 
174261 	12.34 	5.40 	17.84 	0.00 	17.15 	0.00 
174665 	13.38 	6.16 	19.74 	0.00 	19.11 	0.00 
174713 	4.50 	2.08 	6.60 	0.00 	6.42 	0.00 
175265 	9.44 	4.44 	13.99 	0.00 	13.53 	0.00 
175662 	19.22 	8.39 	27.61 	0.00 	26.73 	0.00 
175876 	17.69 	8.22 	26.02 	0.00 	25.12 	0.00 
176215 	13.02 	5.72 	18.87 	0.00 	18.20 	0.00 
176442 	3.42 	1.50 	4.92 	0.00 	4.75 	0.00 
176750 	16.26 	7.40 	23.77 	0.00 	22.93 	0.00 
176912 	19.40 	9.45 	29.14 	0.00 	28.10 	0.00 
177053 	23.14 	10.40 	33.58 	0.00 	32.48 	0.00 
177452 	17.90 	8.10 	26.02 	0.00 	25.09 	0.00 
177457 	16.10 	7.14 	23.19 	0.00 	22.50 	0.00 
177572 	7.24 	3.20 	10.47 	0.00 	10.08 	0.00 
177794 	12.92 	5.95 	18.94 	0.00 	18.49 	0.00 
177868 	19.58 	9.36 	29.28 	0.00 	28.21 	0.00 
178155 	22.50 	10.15 	32.90 	0.00 	31.52 	0.00 
178156 	12.95 	5.66 	18.72 	0.00 	17.98 	0.00 
178176 	14.59 	6.39 	20.98 	0.00 	20.05 	0.00 
178364 	16.49 	7.75 	24.34 	0.00 	23.67 	0.00 
178421 	7.18 	3.28 	10.51 	0.00 	10.17 	0.00 
178914 	2.93 	1.30 	4.23 	0.00 	4.07 	0.00 
179019 	12.92 	5.68 	18.73 	0.00 	17.97 	0.00 
180049 	11.31 	5.01 	16.42 	0.00 	16.00 	0.00 
181262 	20.68 	9.30 	30.05 	0.00 	28.85 	0.00 
181658 	13.34 	6.39 	19.73 	0.00 	19.15 	0.00 
182923 	17.87 	8.03 	25.97 	0.00 	25.25 	0.00 
182973 	2.96 	1.35 	4.33 	0.00 	4.14 	0.00 
183122 	3.13 	1.44 	4.59 	0.00 	4.39 	0.00 
183370 	17.79 	8.11 	25.90 	0.00 	24.98 	0.00 
183437 	3.05 	1.39 	4.46 	0.00 	4.21 	0.00 
183668 	17.92 	8.27 	26.38 	0.00 	25.48 	0.00 
184065 	7.93 	3.50 	11.40 	0.00 	11.13 	0.00 
184086 	18.95 	8.34 	27.25 	0.00 	26.38 	0.00 
184294 	14.01 	6.13 	20.23 	0.00 	19.33 	0.00 
185375 	23.68 	10.66 	34.35 	0.00 	33.28 	0.00 
185459 	12.49 	5.48 	18.05 	0.00 	17.53 	0.00 
185997 	13.73 	6.00 	19.75 	0.00 	19.04 	0.00 
186252 	13.34 	6.20 	19.63 	0.00 	19.14 	0.00 
186470 	15.34 	7.26 	22.77 	0.00 	21.96 	0.00 
186666 	16.88 	7.86 	24.77 	0.00 	24.01 	0.00 
186830 	24.65 	11.21 	35.99 	0.00 	34.84 	0.00 
188145 	15.22 	6.59 	21.95 	0.00 	21.07 	0.00 
188301 	13.37 	5.81 	19.23 	0.00 	18.68 	0.00 
189112 	25.63 	12.61 	38.49 	0.00 	23.69 	0.00 
189312 	3.67 	1.63 	5.33 	0.00 	5.16 	0.00 
189427 	19.18 	8.85 	28.10 	0.00 	27.25 	0.00 
190199 	29.22 	13.96 	43.37 	0.00 	41.48 	0.00 
190221 	15.55 	6.87 	22.45 	0.00 	21.63 	0.00 
44 	0.01 	0.00 	0.01 	0.00 	0.01 	0.00 
190258 	5.01 	2.31 	7.34 	0.00 	7.10 	0.00 
190520 	14.93 	6.55 	21.53 	0.00 	20.99 	0.00 
190742 	16.98 	7.45 	24.40 	0.00 	23.83 	0.00 
191066 	24.72 	11.06 	35.83 	0.00 	34.51 	0.00 
191414 	4.28 	1.89 	6.19 	0.00 	6.03 	0.00 
191728 	19.98 	8.83 	28.71 	0.00 	27.99 	0.00 
191882 	19.40 	8.57 	28.04 	0.00 	27.23 	0.00 
192041 	21.74 	9.75 	31.52 	0.00 	30.51 	0.00 
192462 	19.25 	8.62 	28.00 	0.00 	26.93 	0.00 
192513 	22.89 	10.42 	33.50 	0.00 	31.99 	0.00 
192612 	19.98 	8.85 	29.07 	0.00 	28.15 	0.00 
192762 	13.06 	5.72 	18.85 	0.00 	18.21 	0.00 
192922 	17.68 	7.79 	25.50 	0.00 	24.66 	0.00 
193044 	12.75 	5.70 	18.55 	0.00 	17.99 	0.00 
193172 	19.19 	8.69 	27.93 	0.00 	26.88 	0.00 
193483 	22.73 	10.07 	33.00 	0.00 	31.67 	0.00 
193751 	4.53 	2.10 	6.69 	0.00 	6.43 	0.00 
193785 	4.71 	2.07 	6.78 	0.00 	6.59 	0.00 
194038 	19.64 	8.63 	28.30 	0.00 	27.64 	0.00 
195093 	24.12 	10.82 	34.96 	0.00 	33.76 	0.00 
195569 	14.53 	6.41 	21.04 	0.00 	20.22 	0.00 
195789 	6.95 	3.32 	10.43 	0.00 	10.08 	0.00 
195999 	18.99 	9.12 	28.42 	0.00 	27.57 	0.00 
196113 	5.65 	2.58 	8.29 	0.00 	7.97 	0.00 
196192 	4.57 	2.05 	6.64 	0.00 	6.44 	0.00 
196465 	17.33 	7.66 	25.09 	0.00 	24.36 	0.00 
196686 	14.94 	6.60 	21.62 	0.00 	20.94 	0.00 
196958 	15.35 	7.06 	22.59 	0.00 	21.73 	0.00 
197369 	10.21 	4.71 	15.06 	0.00 	14.47 	0.00 
197393 	19.88 	8.94 	28.84 	0.00 	27.78 	0.00 
198715 	5.05 	2.23 	7.35 	0.00 	7.08 	0.00 
198919 	17.11 	8.12 	25.38 	0.00 	19.69 	0.00 
199140 	10.25 	4.85 	15.16 	0.00 	14.74 	0.00 
199283 	23.14 	10.41 	33.60 	0.00 	32.26 	0.00 
199319 	4.84 	2.22 	7.09 	0.00 	6.84 	0.00 
199598 	4.85 	2.25 	7.10 	0.00 	6.95 	0.00 
199700 	20.54 	9.27 	29.99 	0.00 	28.81 	0.00 
200177 	14.92 	6.98 	22.07 	0.00 	17.46 	0.00 
200314 	21.71 	9.87 	31.74 	0.00 	30.74 	0.00 
200840 	22.48 	10.28 	32.81 	0.00 	32.05 	0.00 
200844 	16.46 	7.22 	23.83 	0.00 	22.92 	0.00 
200914 	15.76 	6.96 	22.78 	0.00 	21.90 	0.00 
201367 	17.96 	8.22 	26.25 	0.00 	25.59 	0.00 
201486 	23.18 	11.04 	34.42 	0.00 	33.46 	0.00 
201541 	18.61 	8.99 	27.87 	0.00 	27.06 	0.00 
201995 	12.80 	5.97 	18.79 	0.00 	18.07 	0.00 
202307 	23.30 	10.58 	34.01 	0.00 	32.65 	0.00 
202547 	14.40 	6.35 	20.84 	0.00 	20.21 	0.00 
202567 	19.02 	8.74 	27.90 	0.00 	27.16 	0.00 
202954 	11.68 	5.52 	17.31 	0.00 	16.82 	0.00 
203699 	21.18 	9.37 	30.48 	0.00 	29.95 	0.00 
204090 	23.54 	11.29 	35.14 	0.00 	34.09 	0.00 
204142 	11.11 	5.15 	16.30 	0.00 	15.87 	0.00 
204197 	3.49 	1.53 	5.03 	0.00 	4.86 	0.00 
204653 	24.99 	11.65 	36.93 	0.00 	35.37 	0.00 
204991 	12.83 	5.62 	18.51 	0.00 	17.89 	0.00 
205129 	14.87 	6.72 	21.78 	0.00 	20.91 	0.00 
205344 	24.11 	10.90 	35.22 	0.00 	33.37 	0.00 
205564 	12.08 	5.25 	17.42 	0.00 	16.70 	0.00 
205640 	26.91 	13.13 	40.27 	0.00 	26.06 	0.00 
205939 	18.18 	8.04 	26.40 	0.00 	25.30 	0.00 
206150 	13.93 	6.08 	20.08 	0.00 	19.47 	0.00 
206346 	22.67 	10.25 	33.02 	0.00 	31.95 	0.00 
207021 	21.92 	10.49 	32.58 	0.00 	31.38 	0.00 
207143 	19.59 	8.86 	28.49 	0.00 	27.20 	0.00 
207145 	20.79 	9.20 	30.15 	0.00 	28.65 	0.00 
207956 	14.09 	6.20 	20.40 	0.00 	19.56 	0.00 
208034 	12.56 	5.84 	18.52 	0.00 	17.94 	0.00 
208417 	16.12 	7.24 	23.57 	0.00 	22.31 	0.00 
208694 	18.06 	8.05 	26.21 	0.00 	25.37 	0.00 
208957 	7.14 	3.13 	10.33 	0.00 	9.91 	0.00 
209193 	17.00 	7.72 	24.84 	0.00 	23.96 	0.00 
209588 	6.29 	2.88 	9.20 	0.00 	8.89 	0.00 
209590 	4.40 	2.04 	6.46 	0.00 	6.17 	0.00 
210098 	14.00 	6.13 	20.25 	0.00 	19.46 	0.00 
210333 	4.98 	2.18 	7.19 	0.00 	6.96 	0.00 
211131 	15.08 	6.63 	21.86 	0.00 	21.09 	0.00 
211307 	22.03 	10.26 	32.46 	0.00 	31.61 	0.00 
211475 	10.82 	5.01 	15.92 	0.00 	15.42 	0.00 
211670 	22.03 	9.97 	32.27 	0.00 	30.91 	0.00 
211782 	11.32 	5.26 	16.70 	0.00 	16.09 	0.00 
212856 	10.77 	4.99 	15.86 	0.00 	15.29 	0.00 
213377 	4.58 	2.00 	6.61 	0.00 	6.38 	0.00 
213419 	16.56 	7.15 	23.75 	0.00 	22.89 	0.00 
213676 	18.53 	8.21 	26.85 	0.00 	25.68 	0.00 
213971 	12.16 	5.32 	17.56 	0.00 	16.92 	0.00 
214088 	4.10 	1.79 	5.91 	0.00 	5.75 	0.00 
214922 	14.08 	6.51 	20.69 	0.00 	19.94 	0.00 
214953 	25.67 	11.73 	37.59 	0.00 	36.24 	0.00 
216255 	3.29 	1.43 	4.75 	0.00 	4.58 	0.00 
217089 	13.95 	6.14 	20.18 	0.00 	19.55 	0.00 
217636 	22.37 	10.23 	32.88 	0.00 	31.53 	0.00 
217719 	5.78 	2.54 	8.38 	0.00 	8.08 	0.00 
218019 	18.53 	8.37 	26.99 	0.00 	26.22 	0.00 
218201 	26.12 	11.72 	38.21 	0.00 	36.59 	0.00 
218230 	7.66 	3.38 	11.05 	0.00 	10.75 	0.00 
218521 	14.95 	6.58 	21.61 	0.00 	20.73 	0.00 
218616 	16.13 	7.47 	23.84 	0.00 	22.89 	0.00 
218881 	25.97 	12.30 	38.64 	0.00 	37.25 	0.00 
219084 	19.30 	8.93 	28.38 	0.00 	27.54 	0.00 
219177 	7.75 	3.53 	11.35 	0.00 	10.97 	0.00 
219320 	26.03 	11.75 	37.84 	0.00 	36.36 	0.00 
219516 	12.33 	5.43 	17.82 	0.00 	17.20 	0.00 
221126 	19.47 	8.92 	28.68 	0.00 	27.63 	0.00 
221466 	16.18 	7.14 	23.29 	0.00 	22.41 	0.00 
221583 	14.58 	6.41 	21.04 	0.00 	20.27 	0.00 
221973 	17.83 	8.62 	26.63 	0.00 	25.98 	0.00 
222627 	23.43 	10.70 	34.31 	0.00 	33.04 	0.00 
222773 	14.50 	6.56 	21.11 	0.00 	20.63 	0.00 
223001 	24.62 	11.17 	36.13 	0.00 	34.83 	0.00 
225585 	8.61 	4.13 	12.90 	0.00 	12.47 	0.00 
226256 	16.30 	7.37 	23.79 	0.00 	22.90 	0.00 
226475 	17.38 	8.13 	25.47 	0.00 	24.89 	0.00 
227318 	8.17 	3.58 	11.76 	0.00 	11.41 	0.00 
227596 	16.94 	7.42 	24.61 	0.00 	23.50 	0.00 
227933 	8.36 	3.64 	12.09 	0.00 	11.56 	0.00 
227943 	3.40 	1.49 	4.91 	0.00 	4.68 	0.00 
228051 	14.87 	6.57 	21.59 	0.00 	20.84 	0.00 
228106 	4.68 	2.14 	6.87 	0.00 	6.62 	0.00 
228710 	18.61 	8.44 	27.22 	0.00 	26.33 	0.00 
229064 	18.16 	8.41 	26.77 	0.00 	25.67 	0.00 
231225 	7.85 	3.66 	11.52 	0.00 	11.21 	0.00 
232397 	10.57 	4.65 	15.24 	0.00 	14.87 	0.00 
233260 	30.11 	13.57 	44.12 	0.00 	42.30 	0.00 
233450 	21.19 	10.20 	31.53 	0.00 	30.44 	0.00 
233825 	12.20 	5.43 	17.73 	0.00 	16.98 	0.00 
235468 	7.57 	3.36 	10.97 	0.00 	10.68 	0.00 
235960 	20.61 	9.03 	29.71 	0.00 	28.76 	0.00 
236175 	5.49 	2.40 	7.92 	0.00 	7.58 	0.00 
236465 	19.02 	8.55 	27.74 	0.00 	26.82 	0.00 
236970 	29.10 	13.19 	42.40 	0.00 	40.77 	0.00 
237022 	16.69 	7.37 	24.19 	0.00 	23.30 	0.00 
237829 	4.01 	1.83 	5.87 	0.00 	5.61 	0.00 
238553 	19.97 	8.85 	28.92 	0.00 	28.05 	0.00 
238852 	17.34 	7.61 	25.10 	0.00 	24.32 	0.00 
241368 	19.13 	9.04 	28.32 	0.00 	21.65 	0.00 
241686 	13.97 	6.16 	20.20 	0.00 	19.33 	0.00 
243267 	23.18 	11.03 	34.37 	0.00 	27.72 	0.00 
243889 	14.75 	6.46 	21.36 	0.00 	20.42 	0.00 
244076 	6.06 	2.82 	8.95 	0.00 	8.57 	0.00 
244096 	18.87 	8.41 	27.33 	0.00 	26.51 	0.00 
244776 	18.44 	8.11 	26.58 	0.00 	25.55 	0.00 
245818 	18.16 	8.03 	26.19 	0.00 	25.49 	0.00 
246146 	16.04 	7.76 	23.98 	0.00 	23.15 	0.00 
246568 	3.58 	1.64 	5.26 	0.00 	5.05 	0.00 
246707 	19.41 	8.55 	28.11 	0.00 	27.07 	0.00 
247081 	16.57 	7.28 	23.91 	0.00 	23.07 	0.00 
247113 	5.22 	2.28 	7.52 	0.00 	7.23 	0.00 
247372 	5.42 	2.38 	7.82 	0.00 	7.55 	0.00 
247392 	26.69 	12.00 	38.94 	0.00 	37.39 	0.00 
248016 	6.05 	2.64 	8.72 	0.00 	8.45 	0.00 
248215 	13.15 	6.09 	19.41 	0.00 	18.72 	0.00 
248411 	15.60 	7.16 	22.81 	0.00 	21.96 	0.00 
248494 	22.64 	9.98 	32.74 	0.00 	31.61 	0.00 
248925 	21.47 	9.61 	31.33 	0.00 	30.23 	0.00 
249130 	7.04 	3.11 	10.22 	0.00 	9.79 	0.00 
250443 	27.24 	12.14 	39.41 	0.00 	37.81 	0.00 
251170 	14.94 	6.60 	21.62 	0.00 	20.95 	0.00 
252294 	21.16 	9.55 	30.82 	0.00 	29.58 	0.00 
252546 	22.25 	10.09 	32.59 	0.00 	31.12 	0.00 
253329 	17.85 	7.77 	25.62 	0.00 	24.87 	0.00 
253481 	14.06 	6.17 	20.27 	0.00 	19.51 	0.00 
253636 	30.41 	14.42 	44.98 	0.00 	43.96 	0.00 
254722 	25.27 	11.24 	36.58 	0.00 	35.21 	0.00 
255498 	25.86 	11.48 	37.37 	0.00 	36.13 	0.00 
255762 	5.45 	2.42 	7.90 	0.00 	7.64 	0.00 
255799 	30.33 	14.37 	45.03 	0.00 	43.23 	0.00 
256126 	20.04 	8.74 	29.09 	0.00 	28.04 	0.00 
256328 	14.72 	6.59 	21.44 	0.00 	20.50 	0.00 
257193 	19.82 	8.70 	28.56 	0.00 	27.55 	0.00 
258212 	14.90 	6.59 	21.62 	0.00 	20.98 	0.00 
258455 	28.69 	13.74 	43.10 	0.00 	41.75 	0.00 
258479 	15.53 	7.26 	22.94 	0.00 	22.02 	0.00 
259066 	19.21 	8.40 	27.67 	0.00 	26.67 	0.00 
259370 	15.15 	6.63 	21.89 	0.00 	21.08 	0.00 
259488 	18.71 	8.20 	27.05 	0.00 	26.06 	0.00 
259550 	17.00 	7.51 	24.57 	0.00 	23.79 	0.00 
259865 	14.08 	6.52 	20.76 	0.00 	20.19 	0.00 
260131 	22.09 	10.70 	33.06 	0.00 	32.24 	0.00 
260916 	11.11 	4.93 	16.14 	0.00 	15.53 	0.00 
262404 	23.05 	10.60 	33.89 	0.00 	32.43 	0.00 
262489 	23.18 	10.21 	33.51 	0.00 	32.44 	0.00 
262538 	11.44 	5.31 	16.88 	0.00 	16.23 	0.00 
262838 	3.94 	1.80 	5.76 	0.00 	5.51 	0.00 
263856 	18.40 	8.26 	26.92 	0.00 	25.98 	0.00 
264018 	12.70 	5.91 	18.77 	0.00 	17.92 	0.00 
264283 	10.19 	4.80 	15.05 	0.00 	14.78 	0.00 
265708 	19.47 	8.64 	28.12 	0.00 	27.10 	0.00 
266264 	23.65 	10.91 	34.85 	0.00 	33.60 	0.00 
267473 	31.50 	14.35 	46.23 	0.00 	44.25 	0.00 
267686 	16.86 	7.31 	24.17 	0.00 	23.53 	0.00 
269087 	26.41 	11.78 	38.57 	0.00 	36.64 	0.00 
270636 	34.72 	16.48 	51.43 	0.00 	49.42 	0.00 
272284 	19.43 	8.48 	27.97 	0.00 	26.98 	0.00 
18541 	2.34 	1.07 	3.43 	0.00 	3.28 	0.00 
9980 	0.86 	0.39 	1.26 	0.00 	1.22 	0.00 
272363 	6.81 	3.00 	9.83 	0.00 	9.50 	0.00 
272515 	22.64 	10.29 	33.02 	0.00 	31.87 	0.00 
273785 	16.22 	7.10 	23.38 	0.00 	22.69 	0.00 
274149 	18.76 	8.50 	27.33 	0.00 	26.49 	0.00 
19233 	0.68 	0.32 	1.01 	0.00 	0.98 	0.00 
11072 	1.35 	0.62 	1.97 	0.00 	1.91 	0.00 
274608 	21.98 	10.06 	32.08 	0.00 	31.21 	0.00 
274636 	5.13 	2.33 	7.51 	0.00 	7.23 	0.00 
275399 	31.99 	14.97 	47.05 	0.00 	45.10 	0.00 
275478 	17.74 	7.77 	25.62 	0.00 	24.80 	0.00 
19915 	2.51 	1.14 	3.66 	0.00 	3.53 	0.00 
275934 	27.55 	12.49 	40.16 	0.00 	38.75 	0.00 
15102 	1.63 	0.75 	2.39 	0.00 	2.30 	0.00 
276693 	6.86 	3.02 	9.87 	0.00 	9.56 	0.00 
277197 	3.69 	1.61 	5.33 	0.00 	5.08 	0.00 
277484 	21.02 	9.27 	30.46 	0.00 	29.39 	0.00 
4577 	0.66 	0.30 	0.96 	0.00 	0.93 	0.00 
8060 	1.15 	0.52 	1.68 	0.00 	1.61 	0.00 
10363 	1.51 	0.68 	2.20 	0.00 	2.10 	0.00 
277990 	24.82 	11.01 	35.90 	0.00 	34.78 	0.00 
8344 	1.18 	0.54 	1.72 	0.00 	1.65 	0.00 
6988 	0.98 	0.44 	1.42 	0.00 	1.37 	0.00 
6026 	0.86 	0.39 	1.26 	0.00 	1.20 	0.00 
6410 	0.88 	0.41 	1.29 	0.00 	1.25 	0.00 
5229 	0.76 	0.35 	1.11 	0.00 	1.07 	0.00 
4186 	0.60 	0.27 	0.87 	0.00 	0.83 	0.00 
11718 	1.64 	0.74 	2.39 	0.00 	2.31 	0.00 
278466 	26.45 	12.76 	39.46 	0.00 	38.37 	0.00 
2827 	0.40 	0.18 	0.58 	0.00 	0.56 	0.00 
4281 	0.60 	0.27 	0.88 	0.00 	0.85 	0.00 
279015 	6.59 	2.86 	9.49 	0.00 	9.16 	0.00 
279372 	15.71 	6.89 	22.78 	0.00 	21.86 	0.00 
14172 	0.99 	0.45 	1.44 	0.00 	1.40 	0.00 
11351 	1.44 	0.65 	2.08 	0.00 	2.04 	0.00 
3535 	0.50 	0.23 	0.73 	0.00 	0.70 	0.00 
279924 	26.10 	11.80 	37.96 	0.00 	37.06 	0.00 
280591 	7.08 	3.11 	10.25 	0.00 	9.90 	0.00 
280906 	23.03 	10.44 	33.77 	0.00 	32.67 	0.00 
6518 	0.93 	0.42 	1.35 	0.00 	1.29 	0.00 
12113 	1.58 	0.72 	2.31 	0.00 	2.24 	0.00 
15038 	1.60 	0.74 	2.35 	0.00 	2.28 	0.00 
12304 	1.19 	0.54 	1.74 	0.00 	1.69 	0.00 
281937 	17.37 	7.67 	25.18 	0.00 	24.39 	0.00 
2845 	0.40 	0.18 	0.58 	0.00 	0.56 	0.00 
5471 	0.78 	0.36 	1.14 	0.00 	1.11 	0.00 
282283 	11.65 	5.42 	17.15 	0.00 	16.61 	0.00 
282813 	16.23 	7.53 	23.82 	0.00 	23.15 	0.00 
282956 	31.10 	14.07 	45.28 	0.00 	43.57 	0.00 
283876 	11.55 	5.37 	17.07 	0.00 	16.25 	0.00 
284005 	24.45 	11.09 	35.69 	0.00 	34.55 	0.00 
284382 	17.96 	8.22 	26.36 	0.00 	25.35 	0.00 
11016 	1.35 	0.62 	1.99 	0.00 	1.91 	0.00 
285295 	4.83 	2.11 	6.96 	0.00 	6.69 	0.00 
287825 	20.28 	9.52 	30.04 	0.00 	29.31 	0.00 
288730 	16.74 	7.40 	24.30 	0.00 	23.26 	0.00 
15142 	1.55 	0.71 	2.27 	0.00 	2.21 	0.00 
289456 	24.57 	11.07 	36.02 	0.00 	34.46 	0.00 
14925 	1.96 	0.90 	2.88 	0.00 	2.76 	0.00 
289571 	16.71 	7.35 	24.24 	0.00 	23.28 	0.00 
289608 	31.72 	14.31 	46.09 	0.00 	44.17 	0.00 
289884 	16.87 	7.39 	24.33 	0.00 	23.61 	0.00 
290002 	23.93 	11.12 	35.29 	0.00 	34.04 	0.00 
10458 	1.12 	0.51 	1.63 	0.00 	1.59 	0.00 
6831 	0.89 	0.41 	1.30 	0.00 	1.26 	0.00 
5123 	0.68 	0.31 	0.99 	0.00 	0.96 	0.00 
290234 	17.50 	7.70 	25.28 	0.00 	24.48 	0.00 
290320 	6.66 	3.06 	9.71 	0.00 	9.31 	0.00 
291198 	21.78 	9.94 	31.74 	0.00 	30.91 	0.00 
8402 	0.76 	0.35 	1.11 	0.00 	1.08 	0.00 
2647 	0.37 	0.17 	0.53 	0.00 	0.51 	0.00 
4644 	0.56 	0.25 	0.82 	0.00 	0.79 	0.00 
11903 	1.18 	0.53 	1.70 	0.00 	1.66 	0.00 
291526 	20.83 	9.42 	30.38 	0.00 	29.61 	0.00 
3074 	0.44 	0.20 	0.64 	0.00 	0.62 	0.00 
2994 	0.43 	0.20 	0.63 	0.00 	0.61 	0.00 
2947 	0.42 	0.19 	0.61 	0.00 	0.59 	0.00 
6349 	0.92 	0.42 	1.34 	0.00 	1.29 	0.00 
14512 	1.72 	0.79 	2.51 	0.00 	2.42 	0.00 
291721 	19.29 	8.75 	28.22 	0.00 	27.31 	0.00 
4339 	0.63 	0.29 	0.92 	0.00 	0.88 	0.00 
2761 	0.40 	0.18 	0.59 	0.00 	0.56 	0.00 
3913 	0.57 	0.26 	0.84 	0.00 	0.81 	0.00 
7557 	0.50 	0.23 	0.73 	0.00 	0.70 	0.00 
2916 	0.42 	0.19 	0.62 	0.00 	0.59 	0.00 
3148 	0.45 	0.20 	0.66 	0.00 	0.63 	0.00 
291783 	23.64 	10.61 	34.47 	0.00 	33.31 	0.00 
2951 	0.43 	0.20 	0.64 	0.00 	0.61 	0.00 
3497 	0.50 	0.22 	0.72 	0.00 	0.70 	0.00 
292216 	33.01 	15.82 	49.21 	0.00 	47.84 	0.00 
292265 	17.09 	7.82 	24.93 	0.00 	24.11 	0.00 
292483 	25.22 	11.20 	36.62 	0.00 	35.16 	0.00 
293113 	16.14 	7.14 	23.42 	0.00 	22.57 	0.00 
294762 	36.79 	16.32 	53.43 	0.00 	51.62 	0.00 
296361 	21.25 	9.50 	30.94 	0.00 	29.68 	0.00 
296883 	24.34 	11.05 	35.45 	0.00 	34.42 	0.00 
298038 	8.40 	3.88 	12.30 	0.00 	11.90 	0.00 
298442 	14.67 	6.42 	21.13 	0.00 	20.54 	0.00 
298567 	26.50 	11.67 	38.22 	0.00 	36.96 	0.00 
18467 	2.30 	1.03 	3.34 	0.00 	3.20 	0.00 
298787 	19.94 	8.84 	28.79 	0.00 	27.80 	0.00 
298942 	4.66 	2.16 	6.83 	0.00 	6.60 	0.00 
299556 	29.51 	14.18 	44.15 	0.00 	42.37 	0.00 
299682 	15.94 	7.06 	23.09 	0.00 	22.45 	0.00 
300488 	22.00 	9.61 	31.67 	0.00 	30.63 	0.00 
302014 	35.74 	16.27 	52.23 	0.00 	49.93 	0.00 
302594 	18.70 	8.47 	27.35 	0.00 	26.25 	0.00 
303356 	36.72 	17.35 	54.63 	0.00 	52.51 	0.00 
19297 	0.78 	0.36 	1.14 	0.00 	1.11 	0.00 
7734 	1.06 	0.49 	1.56 	0.00 	1.50 	0.00 
5009 	0.67 	0.30 	0.97 	0.00 	0.94 	0.00 
6486 	0.95 	0.43 	1.39 	0.00 	1.33 	0.00 
303526 	34.34 	16.32 	50.97 	0.00 	49.20 	0.00 
19587 	2.21 	1.00 	3.22 	0.00 	3.11 	0.00 
303667 	27.79 	12.66 	40.75 	0.00 	38.90 	0.00 
304336 	4.63 	2.17 	6.81 	0.00 	6.42 	0.00 
3595 	0.50 	0.23 	0.73 	0.00 	0.70 	0.00 
304914 	12.87 	6.13 	18.95 	0.00 	12.15 	0.00 
12612 	1.49 	0.67 	2.17 	0.00 	2.11 	0.00 
305049 	24.73 	10.82 	35.66 	0.00 	34.59 	0.00 
6412 	0.63 	0.29 	0.91 	0.00 	0.89 	0.00 
305628 	38.55 	17.80 	56.58 	0.00 	54.56 	0.00 
7019 	0.90 	0.41 	1.33 	0.00 	1.28 	0.00 
307989 	21.80 	9.69 	31.69 	0.00 	30.75 	0.00 
309596 	16.11 	7.09 	23.31 	0.00 	22.50 	0.00 
8993 	1.30 	0.60 	1.92 	0.00 	1.84 	0.00 
3813 	0.53 	0.24 	0.77 	0.00 	0.74 	0.00 
18035 	2.37 	1.06 	3.44 	0.00 	3.26 	0.00 
12244 	1.77 	0.80 	2.58 	0.00 	2.47 	0.00 
310542 	13.51 	6.27 	19.90 	0.00 	19.44 	0.00 
312735 	25.18 	11.18 	36.35 	0.00 	35.21 	0.00 
313411 	20.14 	8.86 	29.10 	0.00 	28.14 	0.00 
13937 	0.82 	0.37 	1.20 	0.00 	1.15 	0.00 
18533 	1.38 	0.63 	2.01 	0.00 	1.95 	0.00 
317280 	29.55 	13.45 	43.05 	0.00 	41.74 	0.00 
318507 	36.59 	16.47 	53.41 	0.00 	51.05 	0.00 
14286 	1.66 	0.75 	2.41 	0.00 	2.33 	0.00 
318955 	29.60 	13.41 	43.33 	0.00 	41.63 	0.00 
322044 	37.72 	16.97 	55.16 	0.00 	53.16 	0.00 
322592 	27.37 	12.98 	40.88 	0.00 	39.18 	0.00 
323020 	26.91 	11.89 	38.92 	0.00 	37.59 	0.00 
323284 	5.03 	2.28 	7.33 	0.00 	6.94 	0.00 
8576 	1.12 	0.51 	1.63 	0.00 	1.57 	0.00 
15198 	1.84 	0.84 	2.69 	0.00 	2.60 	0.00 
8245 	1.14 	0.52 	1.65 	0.00 	1.61 	0.00 
17448 	2.03 	0.91 	2.96 	0.00 	2.82 	0.00 
8338 	1.08 	0.49 	1.58 	0.00 	1.52 	0.00 
10846 	1.42 	0.64 	2.05 	0.00 	1.99 	0.00 
323355 	17.49 	7.71 	25.26 	0.00 	24.47 	0.00 
12945 	1.41 	0.64 	2.06 	0.00 	1.99 	0.00 
323695 	20.94 	9.74 	31.01 	0.00 	29.96 	0.00 
10066 	1.40 	0.64 	2.04 	0.00 	1.97 	0.00 
5502 	0.76 	0.35 	1.11 	0.00 	1.07 	0.00 
6408 	0.74 	0.34 	1.08 	0.00 	1.04 	0.00 
14395 	2.02 	0.92 	2.96 	0.00 	2.86 	0.00 
11525 	1.73 	0.78 	2.53 	0.00 	2.25 	0.00 
323855 	18.06 	8.18 	26.29 	0.00 	25.61 	0.00 
4957 	0.71 	0.32 	1.04 	0.00 	0.99 	0.00 
324471 	22.64 	10.88 	33.65 	0.00 	32.55 	0.00 
3839 	0.47 	0.21 	0.69 	0.00 	0.66 	0.00 
6410 	0.87 	0.39 	1.26 	0.00 	1.22 	0.00 
8857 	1.28 	0.58 	1.87 	0.00 	1.77 	0.00 
5106 	0.70 	0.32 	1.02 	0.00 	0.99 	0.00 
14816 	1.20 	0.55 	1.75 	0.00 	1.70 	0.00 
5962 	0.82 	0.37 	1.20 	0.00 	1.15 	0.00 
325101 	18.67 	8.22 	26.91 	0.00 	26.13 	0.00 
325426 	24.27 	10.71 	35.33 	0.00 	33.74 	0.00 
5844 	0.79 	0.36 	1.15 	0.00 	1.11 	0.00 
17724 	1.82 	0.83 	2.67 	0.00 	2.58 	0.00 
325459 	5.31 	2.34 	7.69 	0.00 	7.42 	0.00 
3686 	0.49 	0.22 	0.71 	0.00 	0.69 	0.00 
2604 	0.39 	0.17 	0.56 	0.00 	0.49 	0.00 
2939 	0.40 	0.18 	0.58 	0.00 	0.56 	0.00 
4756 	0.65 	0.29 	0.95 	0.00 	0.91 	0.00 
5250 	0.71 	0.32 	1.03 	0.00 	1.00 	0.00 
10744 	0.68 	0.31 	1.00 	0.00 	0.97 	0.00 
3250 	0.51 	0.23 	0.74 	0.00 	0.64 	0.00 
385 	0.06 	0.03 	0.09 	0.00 	0.07 	0.00 
13582 	1.42 	0.66 	2.09 	0.00 	2.02 	0.00 
14218 	1.04 	0.47 	1.52 	0.00 	1.48 	0.00 
1544 	0.23 	0.11 	0.34 	0.00 	0.29 	0.00 
4066 	0.62 	0.29 	0.91 	0.00 	0.80 	0.00 
5427 	0.74 	0.34 	1.08 	0.00 	1.05 	0.00 
4616 	0.62 	0.28 	0.91 	0.00 	0.86 	0.00 
5430 	0.72 	0.33 	1.06 	0.00 	1.04 	0.00 
9250 	1.24 	0.56 	1.81 	0.00 	1.74 	0.00 
6971 	0.94 	0.44 	1.39 	0.00 	1.35 	0.00 
2559 	0.39 	0.18 	0.58 	0.00 	0.51 	0.00 
10066 	1.28 	0.59 	1.87 	0.00 	1.82 	0.00 
10624 	1.25 	0.56 	1.82 	0.00 	1.76 	0.00 
6888 	0.96 	0.44 	1.41 	0.00 	1.35 	0.00 
15608 	2.16 	0.98 	3.16 	0.00 	3.03 	0.00 
11104 	1.50 	0.68 	2.18 	0.00 	2.12 	0.00 
5008 	0.70 	0.32 	1.03 	0.00 	0.99 	0.00 
5657 	0.78 	0.35 	1.13 	0.00 	1.09 	0.00 
8793 	1.17 	0.53 	1.71 	0.00 	1.65 	0.00 
7243 	0.94 	0.43 	1.38 	0.00 	1.33 	0.00 
327143 	36.63 	17.30 	54.50 	0.00 	52.37 	0.00 
4747 	0.65 	0.30 	0.95 	0.00 	0.92 	0.00 
327242 	21.63 	10.06 	31.82 	0.00 	30.85 	0.00 
9254 	1.25 	0.57 	1.84 	0.00 	1.77 	0.00 
13519 	1.90 	0.87 	2.79 	0.00 	2.67 	0.00 
18051 	2.19 	1.01 	3.21 	0.00 	3.09 	0.00 
327365 	21.80 	10.43 	32.51 	0.00 	31.70 	0.00 
17770 	2.03 	0.91 	2.94 	0.00 	2.85 	0.00 
9057 	1.25 	0.57 	1.82 	0.00 	1.75 	0.00 
8525 	1.20 	0.54 	1.75 	0.00 	1.69 	0.00 
12698 	1.54 	0.70 	2.26 	0.00 	2.21 	0.00 
7979 	1.16 	0.53 	1.70 	0.00 	1.62 	0.00 
13248 	1.34 	0.61 	1.96 	0.00 	1.87 	0.00 
328126 	34.57 	16.66 	51.40 	0.00 	49.86 	0.00 
4634 	0.68 	0.31 	0.99 	0.00 	0.94 	0.00 
13733 	2.03 	0.92 	2.95 	0.00 	2.85 	0.00 
5258 	0.76 	0.34 	1.11 	0.00 	1.05 	0.00 
6510 	0.95 	0.43 	1.39 	0.00 	1.33 	0.00 
2200 	0.36 	0.16 	0.52 	0.00 	0.44 	0.00 
1623 	0.24 	0.11 	0.35 	0.00 	0.33 	0.00 
329133 	6.36 	2.79 	9.16 	0.00 	8.82 	0.00 
6443 	0.95 	0.43 	1.38 	0.00 	1.32 	0.00 
4349 	0.67 	0.30 	0.99 	0.00 	0.85 	0.00 
7249 	1.07 	0.49 	1.56 	0.00 	1.51 	0.00 
6186 	0.90 	0.40 	1.31 	0.00 	1.25 	0.00 
17483 	1.62 	0.75 	2.38 	0.00 	2.33 	0.00 
6386 	0.89 	0.41 	1.30 	0.00 	1.25 	0.00 
11494 	1.54 	0.70 	2.24 	0.00 	2.19 	0.00 
331659 	5.83 	2.56 	8.41 	0.00 	8.06 	0.00 
331686 	38.17 	18.42 	56.91 	0.00 	55.33 	0.00 
332745 	23.34 	10.28 	33.70 	0.00 	32.68 	0.00 
332825 	31.22 	14.12 	45.59 	0.00 	44.13 	0.00 
332944 	7.06 	3.27 	10.37 	0.00 	10.05 	0.00 
15073 	1.89 	0.86 	2.77 	0.00 	2.68 	0.00 
18383 	2.15 	0.98 	3.15 	0.00 	3.04 	0.00 
332981 	13.68 	5.96 	19.67 	0.00 	19.01 	0.00 
333617 	13.86 	6.38 	20.32 	0.00 	19.63 	0.00 
335407 	32.46 	14.68 	47.39 	0.00 	45.45 	0.00 
19867 	2.05 	0.94 	3.01 	0.00 	2.90 	0.00 
4310 	0.61 	0.28 	0.89 	0.00 	0.86 	0.00 
6025 	0.85 	0.39 	1.25 	0.00 	1.21 	0.00 
3974 	0.56 	0.26 	0.83 	0.00 	0.79 	0.00 
7643 	1.08 	0.50 	1.59 	0.00 	1.54 	0.00 
336739 	24.15 	11.49 	35.89 	0.00 	34.70 	0.00 
5338 	0.76 	0.34 	1.10 	0.00 	1.07 	0.00 
3249 	0.51 	0.23 	0.74 	0.00 	0.65 	0.00 
13548 	1.93 	0.88 	2.83 	0.00 	2.68 	0.00 
6482 	0.90 	0.41 	1.32 	0.00 	1.27 	0.00 
336753 	16.89 	7.74 	24.76 	0.00 	24.08 	0.00 
8038 	1.22 	0.55 	1.78 	0.00 	1.59 	0.00 
7257 	1.00 	0.46 	1.46 	0.00 	1.42 	0.00 
5964 	0.80 	0.36 	1.18 	0.00 	1.15 	0.00 
3204 	0.46 	0.21 	0.67 	0.00 	0.64 	0.00 
3161 	0.45 	0.21 	0.67 	0.00 	0.64 	0.00 
338463 	15.85 	7.05 	23.05 	0.00 	22.28 	0.00 
339461 	31.10 	14.10 	45.45 	0.00 	43.77 	0.00 
340427 	27.36 	11.99 	39.39 	0.00 	38.22 	0.00 
8245 	1.19 	0.54 	1.75 	0.00 	1.68 	0.00 
4894 	0.70 	0.32 	1.03 	0.00 	1.00 	0.00 
4857 	0.72 	0.32 	1.05 	0.00 	1.01 	0.00 
7137 	1.01 	0.46 	1.47 	0.00 	1.42 	0.00 
14031 	1.93 	0.88 	2.82 	0.00 	2.73 	0.00 
10695 	1.50 	0.68 	2.18 	0.00 	2.11 	0.00 
341899 	38.39 	18.24 	57.05 	0.00 	55.32 	0.00 
18678 	2.46 	1.12 	3.61 	0.00 	3.46 	0.00 
3899 	0.54 	0.25 	0.79 	0.00 	0.76 	0.00 
13517 	1.81 	0.83 	2.64 	0.00 	2.54 	0.00 
5307 	0.75 	0.34 	1.10 	0.00 	1.06 	0.00 
17102 	2.28 	1.02 	3.30 	0.00 	3.20 	0.00 
10883 	1.49 	0.68 	2.19 	0.00 	2.12 	0.00 
6800 	0.89 	0.41 	1.29 	0.00 	1.26 	0.00 
342389 	14.89 	6.51 	21.51 	0.00 	20.82 	0.00 
343102 	15.18 	6.66 	21.91 	0.00 	21.16 	0.00 
16128 	1.41 	0.65 	2.08 	0.00 	2.02 	0.00 
343113 	23.14 	10.62 	34.05 	0.00 	32.68 	0.00 
3731 	0.54 	0.24 	0.79 	0.00 	0.77 	0.00 
16616 	1.39 	0.63 	2.04 	0.00 	1.97 	0.00 
11265 	1.45 	0.66 	2.11 	0.00 	2.04 	0.00 
11968 	1.52 	0.69 	2.21 	0.00 	2.16 	0.00 
5109 	0.75 	0.34 	1.09 	0.00 	1.05 	0.00 
6312 	0.89 	0.41 	1.30 	0.00 	1.27 	0.00 
9675 	1.39 	0.62 	2.02 	0.00 	1.95 	0.00 
10817 	0.97 	0.45 	1.42 	0.00 	1.36 	0.00 
5212 	0.76 	0.35 	1.12 	0.00 	1.06 	0.00 
7701 	1.09 	0.49 	1.58 	0.00 	1.53 	0.00 
6612 	0.96 	0.43 	1.41 	0.00 	1.34 	0.00 
6527 	0.92 	0.41 	1.34 	0.00 	1.29 	0.00 
12641 	1.22 	0.56 	1.79 	0.00 	1.74 	0.00 
344337 	44.18 	20.84 	65.85 	0.00 	62.77 	0.00 
15526 	1.65 	0.75 	2.41 	0.00 	2.31 	0.00 
4311 	0.62 	0.28 	0.91 	0.00 	0.88 	0.00 
2277 	0.33 	0.15 	0.48 	0.00 	0.46 	0.00 
5654 	0.81 	0.36 	1.18 	0.00 	1.14 	0.00 
344520 	12.65 	5.48 	18.13 	0.00 	17.59 	0.00 
344633 	12.08 	5.63 	17.93 	0.00 	17.23 	0.00 
344712 	22.48 	10.06 	32.52 	0.00 	31.63 	0.00 
10650 	0.98 	0.45 	1.43 	0.00 	1.39 	0.00 
345850 	36.30 	17.36 	54.05 	0.00 	51.81 	0.00 
345899 	8.32 	3.83 	12.19 	0.00 	11.71 	0.00 
5147 	0.82 	0.38 	1.20 	0.00 	1.03 	0.00 
18848 	1.34 	0.62 	1.97 	0.00 	1.91 	0.00 
2669 	0.42 	0.19 	0.62 	0.00 	0.52 	0.00 
6025 	0.85 	0.39 	1.25 	0.00 	1.21 	0.00 
6741 	0.94 	0.43 	1.37 	0.00 	1.32 	0.00 
346422 	23.91 	11.10 	35.37 	0.00 	34.40 	0.00 
347993 	10.42 	4.58 	15.06 	0.00 	14.64 	0.00 
348062 	5.93 	2.58 	8.53 	0.00 	8.22 	0.00 
349141 	9.53 	4.27 	13.86 	0.00 	13.39 	0.00 
5728 	0.90 	0.41 	1.32 	0.00 	1.15 	0.00 
349498 	22.23 	9.77 	31.96 	0.00 	31.19 	0.00 
350752 	9.91 	4.41 	14.32 	0.00 	13.87 	0.00 
352419 	29.95 	13.79 	44.04 	0.00 	42.70 	0.00 
352955 	33.30 	15.41 	49.04 	0.00 	47.51 	0.00 
353055 	30.91 	14.94 	46.25 	0.00 	45.04 	0.00 
16440 	2.10 	0.99 	3.11 	0.00 	2.98 	0.00 
355823 	23.48 	10.66 	34.28 	0.00 	32.94 	0.00 
356886 	28.36 	12.50 	40.75 	0.00 	39.45 	0.00 
358925 	6.48 	2.85 	9.34 	0.00 	9.04 	0.00 
358990 	20.91 	9.22 	30.15 	0.00 	29.15 	0.00 
362736 	40.11 	19.45 	60.02 	0.00 	58.29 	0.00 
364216 	28.14 	12.72 	41.19 	0.00 	39.71 	0.00 
366630 	5.31 	2.31 	7.63 	0.00 	7.32 	0.00 
368342 	26.56 	12.03 	38.81 	0.00 	37.67 	0.00 
369235 	40.29 	19.53 	60.19 	0.00 	58.41 	0.00 
369869 	43.65 	19.56 	63.43 	0.00 	61.19 	0.00 
371343 	31.02 	13.93 	45.19 	0.00 	43.37 	0.00 
371601 	20.68 	9.81 	30.36 	0.00 	24.80 	0.00 
371778 	33.14 	16.06 	49.74 	0.00 	48.34 	0.00 
372816 	25.69 	11.68 	37.56 	0.00 	36.32 	0.00 
374068 	18.38 	8.08 	26.54 	0.00 	25.73 	0.00 
374268 	23.55 	10.42 	34.14 	0.00 	32.79 	0.00 
378575 	24.36 	11.46 	36.01 	0.00 	35.05 	0.00 
380231 	5.45 	2.41 	7.87 	0.00 	7.54 	0.00 
381077 	25.79 	11.75 	37.83 	0.00 	36.44 	0.00 
381387 	24.53 	11.16 	35.71 	0.00 	34.83 	0.00 
385784 	38.07 	18.51 	57.05 	0.00 	55.55 	0.00 
387387 	22.01 	10.44 	32.76 	0.00 	32.08 	0.00 
388233 	30.17 	13.54 	43.89 	0.00 	42.47 	0.00 
389453 	27.23 	12.63 	40.16 	0.00 	38.48 	0.00 
389553 	12.08 	5.63 	17.84 	0.00 	17.27 	0.00 
390292 	6.39 	2.89 	9.35 	0.00 	8.87 	0.00 
391797 	31.53 	15.07 	47.05 	0.00 	45.71 	0.00 
392166 	18.09 	8.00 	26.18 	0.00 	25.30 	0.00 
393850 	31.28 	14.20 	45.90 	0.00 	44.14 	0.00 
394398 	17.48 	8.21 	25.82 	0.00 	25.05 	0.00 
396557 	37.85 	18.12 	56.24 	0.00 	54.35 	0.00 
397517 	12.19 	5.85 	18.18 	0.00 	17.58 	0.00 
397803 	13.88 	6.30 	20.24 	0.00 	19.56 	0.00 
397946 	11.87 	5.48 	17.46 	0.00 	16.90 	0.00 
12611 	1.99 	0.92 	2.94 	0.00 	2.45 	0.00 
398839 	31.42 	14.39 	46.09 	0.00 	44.85 	0.00 
401217 	20.01 	9.33 	29.46 	0.00 	28.50 	0.00 
402341 	22.95 	10.40 	33.46 	0.00 	32.45 	0.00 
404224 	25.36 	11.72 	37.26 	0.00 	35.94 	0.00 
405029 	39.81 	19.19 	59.31 	0.00 	57.71 	0.00 
407717 	41.51 	19.82 	61.69 	0.00 	60.04 	0.00 
408490 	43.14 	20.70 	64.50 	0.00 	62.48 	0.00 
408703 	39.73 	19.06 	59.35 	0.00 	57.68 	0.00 
410042 	50.47 	24.04 	75.04 	0.00 	72.60 	0.00 
410956 	23.98 	11.00 	35.07 	0.00 	34.08 	0.00 
411467 	24.23 	10.66 	35.04 	0.00 	33.43 	0.00 
415589 	29.29 	12.81 	42.24 	0.00 	40.85 	0.00 
415937 	25.95 	11.94 	38.04 	0.00 	36.85 	0.00 
419167 	23.58 	10.36 	34.12 	0.00 	32.66 	0.00 
420704 	21.65 	9.53 	31.31 	0.00 	30.19 	0.00 
422663 	30.45 	13.16 	43.72 	0.00 	42.27 	0.00 
423528 	36.39 	16.53 	53.24 	0.00 	51.23 	0.00 
426535 	32.95 	15.69 	48.94 	0.00 	47.59 	0.00 
427249 	34.07 	15.50 	49.71 	0.00 	48.07 	0.00 
430860 	6.92 	3.14 	10.16 	0.00 	9.62 	0.00 
432387 	21.63 	9.72 	31.51 	0.00 	30.47 	0.00 
435231 	33.61 	14.93 	48.79 	0.00 	46.92 	0.00 
437735 	28.92 	12.76 	41.92 	0.00 	40.52 	0.00 
441146 	29.06 	12.89 	42.14 	0.00 	40.74 	0.00 
444867 	33.28 	15.01 	48.51 	0.00 	46.64 	0.00 
445908 	6.83 	3.12 	10.01 	0.00 	9.56 	0.00 
449288 	42.25 	20.22 	62.67 	0.00 	61.00 	0.00 
456645 	16.21 	7.24 	23.49 	0.00 	22.88 	0.00 
459216 	12.75 	5.84 	18.64 	0.00 	18.03 	0.00 
459901 	21.09 	9.24 	30.39 	0.00 	29.33 	0.00 
16115 	2.43 	1.11 	3.56 	0.00 	3.42 	0.00 
11287 	1.29 	0.60 	1.90 	0.00 	1.51 	0.00 
3603 	0.54 	0.25 	0.80 	0.00 	0.64 	0.00 
19197 	1.82 	0.84 	2.68 	0.00 	2.61 	0.00 
11702 	1.17 	0.54 	1.72 	0.00 	1.67 	0.00 
466320 	18.56 	8.15 	26.82 	0.00 	25.98 	0.00 
15393 	1.20 	0.55 	1.76 	0.00 	1.70 	0.00 
6713 	1.17 	0.55 	1.72 	0.00 	1.33 	0.00 
5045 	0.61 	0.28 	0.90 	0.00 	0.87 	0.00 
4446 	0.56 	0.26 	0.82 	0.00 	0.79 	0.00 
5386 	0.93 	0.43 	1.36 	0.00 	1.08 	0.00 
7439 	0.94 	0.43 	1.38 	0.00 	1.32 	0.00 
7301 	1.23 	0.56 	1.80 	0.00 	1.42 	0.00 
466822 	11.45 	5.23 	16.83 	0.00 	16.30 	0.00 
679 	0.12 	0.05 	0.17 	0.00 	0.13 	0.00 
467568 	34.00 	15.30 	49.55 	0.00 	47.45 	0.00 
5197 	0.89 	0.41 	1.30 	0.00 	1.02 	0.00 
5871 	0.66 	0.31 	0.98 	0.00 	0.95 	0.00 
2781 	0.45 	0.21 	0.66 	0.00 	0.53 	0.00 
1461 	0.25 	0.12 	0.37 	0.00 	0.30 	0.00 
6258 	0.81 	0.37 	1.17 	0.00 	1.14 	0.00 
2729 	0.37 	0.17 	0.54 	0.00 	0.52 	0.00 
1421 	0.23 	0.11 	0.34 	0.00 	0.28 	0.00 
6697 	0.61 	0.28 	0.89 	0.00 	0.87 	0.00 
4963 	0.45 	0.21 	0.65 	0.00 	0.63 	0.00 
4121 	0.55 	0.25 	0.81 	0.00 	0.78 	0.00 
11173 	1.07 	0.49 	1.58 	0.00 	1.52 	0.00 
5000 	0.60 	0.27 	0.88 	0.00 	0.85 	0.00 
19001 	2.57 	1.19 	3.78 	0.00 	3.67 	0.00 
4450 	0.57 	0.26 	0.84 	0.00 	0.81 	0.00 
14510 	1.49 	0.69 	2.19 	0.00 	2.09 	0.00 
10334 	1.37 	0.63 	2.02 	0.00 	1.92 	0.00 
3250 	0.42 	0.20 	0.62 	0.00 	0.60 	0.00 
506 	0.09 	0.04 	0.13 	0.00 	0.10 	0.00 
8854 	1.08 	0.50 	1.59 	0.00 	1.54 	0.00 
4592 	0.51 	0.23 	0.75 	0.00 	0.73 	0.00 
1550 	0.27 	0.12 	0.40 	0.00 	0.31 	0.00 
468374 	41.36 	19.94 	62.00 	0.00 	60.21 	0.00 
2200 	0.37 	0.17 	0.55 	0.00 	0.44 	0.00 
8735 	1.04 	0.48 	1.53 	0.00 	1.48 	0.00 
473906 	37.42 	16.59 	54.34 	0.00 	52.23 	0.00 
2568 	0.44 	0.21 	0.66 	0.00 	0.50 	0.00 
474796 	21.82 	9.72 	31.62 	0.00 	30.59 	0.00 
6199 	0.58 	0.27 	0.86 	0.00 	0.82 	0.00 
948 	0.13 	0.06 	0.20 	0.00 	0.19 	0.00 
2243 	0.29 	0.13 	0.43 	0.00 	0.41 	0.00 
2639 	0.44 	0.21 	0.65 	0.00 	0.52 	0.00 
3300 	0.56 	0.26 	0.83 	0.00 	0.66 	0.00 
13541 	1.77 	0.82 	2.61 	0.00 	2.52 	0.00 
2670 	0.45 	0.21 	0.67 	0.00 	0.53 	0.00 
478763 	60.18 	28.71 	89.71 	0.00 	86.70 	0.00 
479303 	16.29 	7.09 	23.42 	0.00 	22.56 	0.00 
17853 	2.04 	0.94 	3.01 	0.00 	2.90 	0.00 
9424 	1.03 	0.47 	1.51 	0.00 	1.46 	0.00 
15999 	0.90 	0.42 	1.32 	0.00 	1.27 	0.00 
15839 	1.53 	0.70 	2.24 	0.00 	2.16 	0.00 
18522 	2.40 	1.14 	3.55 	0.00 	2.76 	0.00 
2752 	0.27 	0.13 	0.40 	0.00 	0.39 	0.00 
11322 	1.98 	0.91 	2.90 	0.00 	2.20 	0.00 
6296 	1.05 	0.49 	1.54 	0.00 	1.19 	0.00 
3320 	0.57 	0.26 	0.83 	0.00 	0.66 	0.00 
4023 	0.68 	0.32 	1.01 	0.00 	0.77 	0.00 
4755 	0.84 	0.39 	1.24 	0.00 	0.94 	0.00 
11523 	1.57 	0.73 	2.30 	0.00 	1.84 	0.00 
5521 	0.94 	0.44 	1.39 	0.00 	1.08 	0.00 
3957 	0.70 	0.32 	1.02 	0.00 	0.80 	0.00 
2030 	0.33 	0.16 	0.49 	0.00 	0.38 	0.00 
480066 	15.93 	7.38 	23.37 	0.00 	22.69 	0.00 
13587 	1.85 	0.86 	2.71 	0.00 	2.16 	0.00 
10168 	1.35 	0.62 	1.98 	0.00 	1.91 	0.00 
3882 	0.68 	0.31 	1.00 	0.00 	0.78 	0.00 
7257 	0.95 	0.45 	1.41 	0.00 	1.36 	0.00 
3845 	0.52 	0.24 	0.76 	0.00 	0.73 	0.00 
1901 	0.31 	0.15 	0.46 	0.00 	0.37 	0.00 
480566 	22.48 	10.09 	32.68 	0.00 	31.72 	0.00 
4794 	0.85 	0.39 	1.25 	0.00 	0.97 	0.00 
2642 	0.46 	0.21 	0.67 	0.00 	0.54 	0.00 
16606 	1.82 	0.85 	2.67 	0.00 	2.20 	0.00 
160 	0.03 	0.01 	0.04 	0.00 	0.03 	0.00 
2279 	0.39 	0.18 	0.58 	0.00 	0.46 	0.00 
7888 	1.03 	0.47 	1.50 	0.00 	1.46 	0.00 
2626 	0.45 	0.21 	0.66 	0.00 	0.53 	0.00 
483297 	13.67 	6.13 	19.89 	0.00 	19.15 	0.00 
598 	0.10 	0.05 	0.15 	0.00 	0.12 	0.00 
3310 	0.55 	0.25 	0.80 	0.00 	0.66 	0.00 
1277 	0.22 	0.10 	0.32 	0.00 	0.26 	0.00 
16966 	1.55 	0.71 	2.26 	0.00 	2.19 	0.00 
2804 	0.38 	0.18 	0.57 	0.00 	0.54 	0.00 
8403 	1.05 	0.48 	1.54 	0.00 	1.48 	0.00 
3452 	0.44 	0.20 	0.66 	0.00 	0.63 	0.00 
4594 	0.79 	0.37 	1.17 	0.00 	0.93 	0.00 
3126 	0.40 	0.18 	0.58 	0.00 	0.56 	0.00 
2385 	0.42 	0.19 	0.61 	0.00 	0.49 	0.00 
6450 	0.54 	0.25 	0.81 	0.00 	0.78 	0.00 
6151 	0.79 	0.36 	1.16 	0.00 	1.11 	0.00 
11248 	0.94 	0.44 	1.38 	0.00 	1.35 	0.00 
1524 	0.26 	0.12 	0.38 	0.00 	0.30 	0.00 
11447 	1.90 	0.89 	2.80 	0.00 	2.25 	0.00 
14257 	2.38 	1.11 	3.50 	0.00 	2.87 	0.00 
3900 	0.64 	0.30 	0.94 	0.00 	0.77 	0.00 
5770 	0.97 	0.45 	1.42 	0.00 	1.16 	0.00 
16090 	1.49 	0.69 	2.19 	0.00 	2.11 	0.00 
4440 	0.79 	0.37 	1.17 	0.00 	0.88 	0.00 
4455 	0.81 	0.38 	1.20 	0.00 	0.92 	0.00 
19958 	1.21 	0.55 	1.76 	0.00 	1.71 	0.00 
3845 	0.71 	0.33 	1.04 	0.00 	0.79 	0.00 
487172 	33.43 	15.63 	49.21 	0.00 	47.55 	0.00 
14365 	0.86 	0.40 	1.27 	0.00 	1.24 	0.00 
13150 	1.46 	0.68 	2.15 	0.00 	2.08 	0.00 
4539 	0.76 	0.36 	1.13 	0.00 	0.81 	0.00 
17447 	3.02 	1.44 	4.51 	0.00 	3.25 	0.00 
490836 	19.86 	8.90 	28.90 	0.00 	27.86 	0.00 
6642 	0.91 	0.43 	1.34 	0.00 	0.99 	0.00 
508400 	37.21 	16.20 	53.45 	0.00 	51.73 	0.00 
510315 	58.40 	27.47 	86.71 	0.00 	82.68 	0.00 
14557 	1.81 	0.86 	2.68 	0.00 	2.01 	0.00 
6265 	1.05 	0.50 	1.55 	0.00 	1.15 	0.00 
18103 	2.57 	1.23 	3.81 	0.00 	2.83 	0.00 
8064 	0.66 	0.31 	0.98 	0.00 	0.73 	0.00 
5889 	0.96 	0.46 	1.42 	0.00 	1.06 	0.00 
12887 	1.91 	0.92 	2.86 	0.00 	2.15 	0.00 
8035 	1.39 	0.66 	2.07 	0.00 	1.52 	0.00 
4277 	0.55 	0.27 	0.82 	0.00 	0.58 	0.00 
4077 	0.74 	0.34 	1.09 	0.00 	0.84 	0.00 
5123 	0.89 	0.42 	1.31 	0.00 	0.97 	0.00 
512055 	44.29 	21.30 	66.26 	0.00 	64.52 	0.00 
4627 	0.82 	0.39 	1.21 	0.00 	0.94 	0.00 
7503 	1.29 	0.60 	1.91 	0.00 	1.38 	0.00 
6092 	1.07 	0.51 	1.59 	0.00 	1.17 	0.00 
517075 	13.76 	6.22 	20.13 	0.00 	19.41 	0.00 
517886 	10.30 	4.48 	14.82 	0.00 	14.30 	0.00 
3217 	0.53 	0.25 	0.79 	0.00 	0.57 	0.00 
7830 	1.33 	0.63 	1.96 	0.00 	1.45 	0.00 
2361 	0.29 	0.13 	0.43 	0.00 	0.41 	0.00 
6782 	0.81 	0.37 	1.19 	0.00 	1.15 	0.00 
4534 	0.56 	0.26 	0.82 	0.00 	0.79 	0.00 
12546 	1.56 	0.72 	2.28 	0.00 	2.21 	0.00 
3159 	0.53 	0.24 	0.78 	0.00 	0.63 	0.00 
4119 	0.56 	0.26 	0.83 	0.00 	0.80 	0.00 
518045 	23.35 	10.85 	34.31 	0.00 	33.46 	0.00 
4235 	0.51 	0.23 	0.75 	0.00 	0.72 	0.00 
5811 	0.60 	0.28 	0.89 	0.00 	0.87 	0.00 
3811 	0.46 	0.21 	0.67 	0.00 	0.65 	0.00 
15897 	2.01 	0.93 	2.94 	0.00 	2.86 	0.00 
1838 	0.24 	0.11 	0.34 	0.00 	0.33 	0.00 
7642 	0.93 	0.43 	1.37 	0.00 	1.31 	0.00 
2156 	0.36 	0.17 	0.53 	0.00 	0.42 	0.00 
519518 	23.35 	10.21 	33.69 	0.00 	32.56 	0.00 
7930 	0.67 	0.30 	0.98 	0.00 	0.95 	0.00 
7023 	0.72 	0.33 	1.06 	0.00 	1.02 	0.00 
4138 	0.51 	0.24 	0.76 	0.00 	0.73 	0.00 
7841 	1.06 	0.49 	1.57 	0.00 	1.50 	0.00 
527965 	12.12 	5.60 	17.83 	0.00 	17.16 	0.00 
4506 	0.57 	0.26 	0.83 	0.00 	0.81 	0.00 
2343 	0.30 	0.14 	0.45 	0.00 	0.43 	0.00 
2684 	0.36 	0.16 	0.52 	0.00 	0.51 	0.00 
1225 	0.16 	0.07 	0.23 	0.00 	0.22 	0.00 
1429 	0.19 	0.09 	0.28 	0.00 	0.26 	0.00 
5745 	0.73 	0.34 	1.08 	0.00 	1.03 	0.00 
821 	0.11 	0.05 	0.16 	0.00 	0.16 	0.00 
1353 	0.23 	0.11 	0.33 	0.00 	0.27 	0.00 
2731 	0.34 	0.16 	0.50 	0.00 	0.48 	0.00 
6602 	0.79 	0.36 	1.16 	0.00 	1.10 	0.00 
6433 	0.78 	0.36 	1.14 	0.00 	1.12 	0.00 
3907 	0.46 	0.21 	0.67 	0.00 	0.65 	0.00 
10493 	1.00 	0.46 	1.46 	0.00 	1.42 	0.00 
2198 	0.30 	0.14 	0.44 	0.00 	0.42 	0.00 
7502 	0.93 	0.43 	1.37 	0.00 	1.32 	0.00 
3403 	0.41 	0.19 	0.61 	0.00 	0.58 	0.00 
1078 	0.15 	0.07 	0.22 	0.00 	0.21 	0.00 
9841 	1.18 	0.53 	1.72 	0.00 	1.66 	0.00 
10849 	1.30 	0.60 	1.91 	0.00 	1.85 	0.00 
5769 	0.94 	0.44 	1.40 	0.00 	1.11 	0.00 
19022 	1.41 	0.64 	2.06 	0.00 	2.01 	0.00 
864 	0.10 	0.05 	0.15 	0.00 	0.15 	0.00 
5448 	0.86 	0.40 	1.26 	0.00 	1.02 	0.00 
4920 	0.60 	0.27 	0.88 	0.00 	0.85 	0.00 
298 	0.05 	0.02 	0.07 	0.00 	0.06 	0.00 
1646 	0.21 	0.10 	0.31 	0.00 	0.30 	0.00 
2603 	0.33 	0.15 	0.48 	0.00 	0.46 	0.00 
1192 	0.20 	0.09 	0.29 	0.00 	0.24 	0.00 
3288 	0.41 	0.19 	0.60 	0.00 	0.57 	0.00 
3275 	0.40 	0.18 	0.59 	0.00 	0.57 	0.00 
3208 	0.39 	0.18 	0.57 	0.00 	0.55 	0.00 
2203 	0.26 	0.12 	0.38 	0.00 	0.37 	0.00 
973 	0.12 	0.06 	0.18 	0.00 	0.17 	0.00 
5307 	0.66 	0.30 	0.96 	0.00 	0.93 	0.00 
1363 	0.22 	0.10 	0.33 	0.00 	0.27 	0.00 
11035 	1.32 	0.61 	1.93 	0.00 	1.89 	0.00 
2131 	0.35 	0.16 	0.52 	0.00 	0.42 	0.00 
2409 	0.30 	0.14 	0.44 	0.00 	0.42 	0.00 
349 	0.06 	0.03 	0.09 	0.00 	0.07 	0.00 
575 	0.09 	0.04 	0.14 	0.00 	0.11 	0.00 
530081 	24.53 	10.70 	35.44 	0.00 	34.40 	0.00 
531870 	58.93 	28.33 	87.43 	0.00 	85.32 	0.00 
13381 	0.94 	0.41 	1.35 	0.00 	1.30 	0.00 
535108 	33.38 	15.88 	49.60 	0.00 	48.03 	0.00 
17118 	1.12 	0.49 	1.62 	0.00 	1.58 	0.00 
8050 	0.83 	0.36 	1.19 	0.00 	1.14 	0.00 
536242 	8.32 	3.67 	12.05 	0.00 	11.57 	0.00 
3440 	0.33 	0.15 	0.48 	0.00 	0.47 	0.00 
4542 	0.45 	0.20 	0.65 	0.00 	0.63 	0.00 
5958 	0.58 	0.25 	0.84 	0.00 	0.81 	0.00 
538026 	58.40 	28.14 	86.98 	0.00 	83.73 	0.00 
3145 	0.33 	0.14 	0.47 	0.00 	0.45 	0.00 
6333 	0.64 	0.28 	0.92 	0.00 	0.89 	0.00 
542094 	28.63 	12.60 	41.21 	0.00 	40.00 	0.00 
17898 	1.14 	0.49 	1.63 	0.00 	1.58 	0.00 
9826 	0.55 	0.24 	0.80 	0.00 	0.77 	0.00 
4908 	0.50 	0.21 	0.71 	0.00 	0.69 	0.00 
15557 	1.30 	0.56 	1.87 	0.00 	1.78 	0.00 
545638 	9.37 	4.24 	13.64 	0.00 	13.17 	0.00 
11537 	1.18 	0.51 	1.70 	0.00 	1.64 	0.00 
4866 	0.49 	0.21 	0.70 	0.00 	0.67 	0.00 
10900 	0.72 	0.31 	1.04 	0.00 	1.00 	0.00 
548576 	42.73 	18.97 	61.87 	0.00 	59.47 	0.00 
9648 	0.63 	0.27 	0.91 	0.00 	0.87 	0.00 
7223 	0.74 	0.32 	1.06 	0.00 	1.01 	0.00 
14120 	1.22 	0.53 	1.74 	0.00 	1.70 	0.00 
552540 	29.95 	13.88 	44.04 	0.00 	42.92 	0.00 
553583 	15.82 	7.16 	23.10 	0.00 	22.39 	0.00 
5515 	0.56 	0.24 	0.81 	0.00 	0.77 	0.00 
7775 	0.78 	0.34 	1.12 	0.00 	1.08 	0.00 
553905 	21.27 	9.28 	30.67 	0.00 	29.55 	0.00 
11913 	0.85 	0.37 	1.22 	0.00 	1.17 	0.00 
14239 	1.13 	0.49 	1.62 	0.00 	1.57 	0.00 
7816 	0.49 	0.21 	0.69 	0.00 	0.67 	0.00 
7712 	0.77 	0.33 	1.11 	0.00 	1.07 	0.00 
3714 	0.37 	0.16 	0.54 	0.00 	0.52 	0.00 
5671 	0.58 	0.25 	0.83 	0.00 	0.80 	0.00 
554049 	7.44 	3.23 	10.74 	0.00 	10.19 	0.00 
10124 	1.04 	0.45 	1.48 	0.00 	1.44 	0.00 
555869 	48.69 	21.77 	71.13 	0.00 	68.31 	0.00 
555985 	29.34 	13.25 	42.73 	0.00 	41.46 	0.00 
561870 	56.66 	27.42 	84.55 	0.00 	81.35 	0.00 
563215 	31.96 	14.28 	46.51 	0.00 	44.73 	0.00 
5446 	0.55 	0.24 	0.79 	0.00 	0.75 	0.00 
565075 	62.41 	27.83 	90.43 	0.00 	87.63 	0.00 
565815 	37.13 	17.78 	55.30 	0.00 	53.82 	0.00 
18627 	1.24 	0.54 	1.79 	0.00 	1.72 	0.00 
16561 	1.19 	0.52 	1.70 	0.00 	1.63 	0.00 
567657 	9.48 	4.35 	13.86 	0.00 	13.29 	0.00 
18049 	1.36 	0.59 	1.95 	0.00 	1.91 	0.00 
568133 	29.33 	13.46 	42.78 	0.00 	41.56 	0.00 
573746 	69.03 	32.92 	102.73 	0.00 	98.86 	0.00 
577552 	31.34 	14.57 	46.13 	0.00 	44.80 	0.00 
577604 	33.47 	15.92 	49.59 	0.00 	48.45 	0.00 
577633 	16.31 	7.39 	23.75 	0.00 	22.73 	0.00 
14533 	1.01 	0.44 	1.45 	0.00 	1.40 	0.00 
10477 	1.07 	0.46 	1.54 	0.00 	1.48 	0.00 
14005 	1.04 	0.45 	1.50 	0.00 	1.46 	0.00 
14288 	1.44 	0.62 	2.06 	0.00 	1.98 	0.00 
7836 	0.43 	0.19 	0.63 	0.00 	0.61 	0.00 
578534 	59.54 	28.67 	88.85 	0.00 	86.11 	0.00 
580350 	49.20 	22.38 	71.62 	0.00 	68.95 	0.00 
16363 	1.21 	0.52 	1.73 	0.00 	1.69 	0.00 
588886 	11.93 	5.24 	17.18 	0.00 	16.51 	0.00 
14886 	1.50 	0.65 	2.17 	0.00 	2.08 	0.00 
590030 	28.47 	12.54 	41.13 	0.00 	39.88 	0.00 
16751 	1.56 	0.67 	2.24 	0.00 	2.17 	0.00 
14398 	1.22 	0.53 	1.76 	0.00 	1.71 	0.00 
594008 	12.99 	5.65 	18.71 	0.00 	18.03 	0.00 
596034 	10.23 	4.50 	14.78 	0.00 	14.15 	0.00 
597661 	49.04 	23.42 	72.83 	0.00 	70.89 	0.00 
16864 	1.12 	0.49 	1.61 	0.00 	1.55 	0.00 
13312 	0.79 	0.34 	1.14 	0.00 	1.10 	0.00 
15256 	0.67 	0.29 	0.97 	0.00 	0.93 	0.00 
598632 	11.33 	4.97 	16.35 	0.00 	15.87 	0.00 
599971 	12.18 	5.28 	17.50 	0.00 	16.95 	0.00 
601712 	57.71 	27.72 	86.34 	0.00 	83.60 	0.00 
606128 	9.38 	4.26 	13.70 	0.00 	12.99 	0.00 
16559 	1.41 	0.60 	2.00 	0.00 	1.94 	0.00 
10916 	0.86 	0.38 	1.25 	0.00 	1.20 	0.00 
608415 	12.22 	5.34 	17.63 	0.00 	17.01 	0.00 
611214 	7.83 	3.38 	11.27 	0.00 	10.77 	0.00 
11626 	0.59 	0.26 	0.84 	0.00 	0.81 	0.00 
612782 	40.13 	18.12 	58.52 	0.00 	56.52 	0.00 
12449 	0.92 	0.40 	1.32 	0.00 	1.28 	0.00 
9064 	0.94 	0.41 	1.35 	0.00 	1.30 	0.00 
617095 	42.67 	20.49 	63.85 	0.00 	61.49 	0.00 
11491 	0.84 	0.37 	1.21 	0.00 	1.18 	0.00 
617970 	47.12 	21.93 	69.32 	0.00 	67.93 	0.00 
619344 	9.22 	3.99 	13.33 	0.00 	12.85 	0.00 
18689 	0.79 	0.34 	1.14 	0.00 	1.10 	0.00 
622013 	21.88 	9.67 	31.60 	0.00 	31.00 	0.00 
624403 	37.41 	16.54 	54.07 	0.00 	52.56 	0.00 
625937 	29.92 	13.98 	44.18 	0.00 	43.20 	0.00 
626257 	30.69 	13.59 	44.32 	0.00 	43.15 	0.00 
633916 	16.17 	7.44 	23.69 	0.00 	22.97 	0.00 
634007 	49.78 	22.52 	72.72 	0.00 	70.40 	0.00 
636167 	45.41 	20.67 	66.36 	0.00 	63.39 	0.00 
636526 	10.28 	4.55 	14.91 	0.00 	14.34 	0.00 
639460 	8.25 	3.53 	11.85 	0.00 	11.30 	0.00 
654287 	68.39 	32.45 	101.34 	0.00 	98.41 	0.00 
661048 	56.24 	27.30 	83.52 	0.00 	56.40 	0.00 
662017 	9.65 	4.36 	14.06 	0.00 	13.43 	0.00 
664239 	73.09 	34.89 	108.89 	0.00 	105.32 	0.00 
13387 	0.63 	0.27 	0.90 	0.00 	0.87 	0.00 
670086 	11.82 	5.47 	17.38 	0.00 	16.82 	0.00 
688296 	49.79 	23.02 	73.39 	0.00 	70.98 	0.00 
704622 	12.10 	5.41 	17.63 	0.00 	16.62 	0.00 
716637 	40.97 	18.69 	60.09 	0.00 	58.29 	0.00 
717203 	63.22 	30.41 	94.49 	0.00 	91.12 	0.00 
760551 	16.47 	7.57 	24.16 	0.00 	23.51 	0.00 
765455 	72.49 	32.37 	105.32 	0.00 	101.19 	0.00 
9712 	0.66 	0.29 	0.95 	0.00 	0.91 	0.00 
765619 	56.70 	27.07 	84.44 	0.00 	82.64 	0.00 
770033 	55.81 	25.33 	81.88 	0.00 	78.34 	0.00 
13204 	0.87 	0.38 	1.25 	0.00 	1.20 	0.00 
785883 	23.96 	11.36 	35.56 	0.00 	34.61 	0.00 
802765 	13.12 	5.72 	18.81 	0.00 	18.21 	0.00 
815007 	52.55 	24.76 	77.44 	0.00 	59.37 	0.00 
10017 	1.02 	0.44 	1.47 	0.00 	1.41 	0.00 
11738 	0.82 	0.36 	1.19 	0.00 	1.15 	0.00 
819096 	38.60 	18.45 	57.21 	0.00 	56.01 	0.00 
3652 	0.39 	0.17 	0.56 	0.00 	0.53 	0.00 
15387 	1.13 	0.49 	1.63 	0.00 	1.56 	0.00 
4180 	0.44 	0.19 	0.64 	0.00 	0.61 	0.00 
13224 	1.15 	0.50 	1.65 	0.00 	1.58 	0.00 
12353 	1.32 	0.57 	1.90 	0.00 	1.84 	0.00 
838114 	11.78 	5.10 	16.96 	0.00 	16.13 	0.00 
8700 	0.92 	0.40 	1.33 	0.00 	1.28 	0.00 
10410 	0.76 	0.33 	1.09 	0.00 	1.04 	0.00 
11232 	0.83 	0.36 	1.19 	0.00 	1.14 	0.00 
9007 	0.96 	0.42 	1.38 	0.00 	1.31 	0.00 
11957 	1.27 	0.55 	1.81 	0.00 	1.75 	0.00 
15214 	1.11 	0.48 	1.60 	0.00 	1.55 	0.00 
841846 	16.76 	7.65 	24.54 	0.00 	23.52 	0.00 
2946 	0.30 	0.13 	0.43 	0.00 	0.42 	0.00 
2672 	0.26 	0.11 	0.38 	0.00 	0.36 	0.00 
5970 	0.60 	0.26 	0.86 	0.00 	0.83 	0.00 
854297 	69.67 	33.80 	104.21 	0.00 	100.83 	0.00 
8425 	0.85 	0.37 	1.21 	0.00 	1.18 	0.00 
7105 	0.41 	0.18 	0.59 	0.00 	0.57 	0.00 
5533 	0.55 	0.24 	0.79 	0.00 	0.76 	0.00 
2440 	0.24 	0.11 	0.35 	0.00 	0.34 	0.00 
2804 	0.27 	0.12 	0.39 	0.00 	0.37 	0.00 
12402 	0.77 	0.33 	1.10 	0.00 	1.07 	0.00 
3221 	0.32 	0.14 	0.46 	0.00 	0.45 	0.00 
6745 	0.64 	0.28 	0.92 	0.00 	0.89 	0.00 
4248 	0.42 	0.18 	0.59 	0.00 	0.58 	0.00 
6734 	0.68 	0.29 	0.97 	0.00 	0.94 	0.00 
857585 	45.09 	20.65 	66.14 	0.00 	64.47 	0.00 
9769 	0.93 	0.40 	1.34 	0.00 	1.30 	0.00 
861544 	57.51 	26.18 	83.95 	0.00 	81.30 	0.00 
17160 	1.41 	0.62 	2.04 	0.00 	1.97 	0.00 
878336 	43.00 	19.71 	62.81 	0.00 	60.34 	0.00 
885828 	13.92 	6.25 	20.20 	0.00 	19.51 	0.00 
886389 	88.04 	42.28 	131.72 	0.00 	126.22 	0.00 
18014 	1.38 	0.60 	1.99 	0.00 	1.91 	0.00 
7194 	0.75 	0.33 	1.08 	0.00 	1.04 	0.00 
895158 	28.10 	13.43 	41.73 	0.00 	40.55 	0.00 
6922 	0.73 	0.31 	1.05 	0.00 	1.01 	0.00 
10906 	1.15 	0.50 	1.66 	0.00 	1.58 	0.00 
10850 	1.13 	0.49 	1.62 	0.00 	1.56 	0.00 
10734 	0.78 	0.34 	1.12 	0.00 	1.08 	0.00 
6741 	0.70 	0.31 	1.01 	0.00 	0.98 	0.00 
910730 	32.99 	15.24 	48.28 	0.00 	46.84 	0.00 
928919 	57.33 	27.69 	85.95 	0.00 	83.55 	0.00 
932731 	42.98 	19.29 	62.55 	0.00 	60.38 	0.00 
10022 	1.04 	0.45 	1.50 	0.00 	1.45 	0.00 
15337 	1.29 	0.56 	1.86 	0.00 	1.80 	0.00 
15701 	1.36 	0.59 	1.94 	0.00 	1.88 	0.00 
938199 	90.00 	43.51 	133.81 	0.00 	130.40 	0.00 
10440 	1.07 	0.47 	1.53 	0.00 	1.49 	0.00 
13629 	0.83 	0.36 	1.20 	0.00 	1.13 	0.00 
10000 	0.65 	0.28 	0.93 	0.00 	0.90 	0.00 
945555 	101.27 	48.83 	150.89 	0.00 	146.50 	0.00 
13067 	0.76 	0.33 	1.10 	0.00 	1.07 	0.00 
15828 	0.79 	0.34 	1.13 	0.00 	1.10 	0.00 
14319 	1.41 	0.61 	2.03 	0.00 	1.94 	0.00 
948009 	55.45 	26.48 	82.61 	0.00 	81.19 	0.00 
8095 	0.53 	0.23 	0.76 	0.00 	0.73 	0.00 
5775 	0.58 	0.25 	0.83 	0.00 	0.81 	0.00 
965240 	92.18 	44.74 	138.12 	0.00 	133.53 	0.00 
4431 	0.43 	0.19 	0.63 	0.00 	0.61 	0.00 
977018 	67.20 	32.29 	100.14 	0.00 	96.94 	0.00 
6875 	0.65 	0.28 	0.94 	0.00 	0.90 	0.00 
988733 	12.80 	5.50 	18.36 	0.00 	17.61 	0.00 
14399 	1.36 	0.59 	1.96 	0.00 	1.90 	0.00 
6248 	0.60 	0.25 	0.85 	0.00 	0.82 	0.00 
5609 	0.53 	0.23 	0.76 	0.00 	0.74 	0.00 
13825 	0.85 	0.37 	1.23 	0.00 	1.18 	0.00 
1011851 	75.97 	36.83 	114.14 	0.00 	110.37 	0.00 
9812 	0.93 	0.40 	1.34 	0.00 	1.31 	0.00 
9214 	0.57 	0.24 	0.81 	0.00 	0.78 	0.00 
6981 	0.65 	0.28 	0.93 	0.00 	0.90 	0.00 
1023629 	72.22 	33.34 	106.52 	0.00 	103.25 	0.00 
1042756 	31.72 	14.76 	46.80 	0.00 	45.01 	0.00 
1046853 	29.37 	13.31 	42.63 	0.00 	41.52 	0.00 
1048977 	35.81 	15.89 	51.91 	0.00 	50.41 	0.00 
12947 	0.97 	0.42 	1.39 	0.00 	1.34 	0.00 
15153 	0.86 	0.38 	1.24 	0.00 	1.21 	0.00 
1051324 	53.54 	24.59 	78.66 	0.00 	76.16 	0.00 
1054183 	52.75 	25.06 	78.28 	0.00 	76.51 	0.00 
9318 	0.89 	0.38 	1.28 	0.00 	1.24 	0.00 
1066959 	77.50 	37.12 	115.31 	0.00 	112.50 	0.00 
7199 	0.69 	0.30 	0.99 	0.00 	0.96 	0.00 
12649 	0.68 	0.30 	0.98 	0.00 	0.94 	0.00 
10620 	1.03 	0.44 	1.47 	0.00 	1.41 	0.00 
13075 	0.66 	0.29 	0.94 	0.00 	0.92 	0.00 
15794 	1.46 	0.63 	2.10 	0.00 	2.05 	0.00 
1089109 	55.22 	25.03 	80.51 	0.00 	78.28 	0.00 
18969 	1.17 	0.50 	1.67 	0.00 	1.63 	0.00 
1099218 	42.71 	19.86 	63.12 	0.00 	60.76 	0.00 
8858 	0.68 	0.29 	0.97 	0.00 	0.94 	0.00 
1099443 	72.67 	33.59 	107.53 	0.00 	103.56 	0.00 
12591 	0.98 	0.43 	1.41 	0.00 	1.37 	0.00 
10542 	0.96 	0.42 	1.39 	0.00 	1.34 	0.00 
10071 	0.95 	0.41 	1.36 	0.00 	1.32 	0.00 
13347 	1.27 	0.55 	1.82 	0.00 	1.75 	0.00 
11197 	0.65 	0.28 	0.93 	0.00 	0.90 	0.00 
13165 	0.83 	0.36 	1.19 	0.00 	1.16 	0.00 
15463 	1.14 	0.50 	1.64 	0.00 	1.59 	0.00 
9114 	0.87 	0.37 	1.25 	0.00 	1.21 	0.00 
12077 	1.13 	0.49 	1.62 	0.00 	1.58 	0.00 
1154267 	44.57 	19.62 	64.36 	0.00 	63.41 	0.00 
1174487 	18.66 	8.04 	26.84 	0.00 	25.74 	0.00 
1177900 	84.14 	40.61 	126.11 	0.00 	121.65 	0.00 
1212371 	60.55 	28.87 	89.90 	0.00 	87.55 	0.00 
9118 	0.81 	0.35 	1.18 	0.00 	1.14 	0.00 
16332 	1.53 	0.66 	2.20 	0.00 	2.14 	0.00 
11797 	0.88 	0.38 	1.26 	0.00 	1.23 	0.00 
1220435 	56.24 	26.74 	83.35 	0.00 	81.08 	0.00 
4832 	0.46 	0.20 	0.66 	0.00 	0.63 	0.00 
5607 	0.53 	0.23 	0.76 	0.00 	0.73 	0.00 
1221319 	45.72 	20.82 	67.22 	0.00 	64.32 	0.00 
1234599 	16.58 	7.42 	24.13 	0.00 	23.26 	0.00 
1252536 	123.44 	55.26 	179.87 	0.00 	172.29 	0.00 
1265193 	58.67 	27.19 	86.55 	0.00 	83.92 	0.00 
9562 	0.68 	0.30 	0.97 	0.00 	0.95 	0.00 
1278155 	117.32 	55.83 	173.96 	0.00 	169.00 	0.00 
19164 	1.75 	0.76 	2.52 	0.00 	2.44 	0.00 
9306 	0.95 	0.41 	1.37 	0.00 	1.33 	0.00 
5962 	0.62 	0.27 	0.90 	0.00 	0.87 	0.00 
11279 	1.16 	0.50 	1.66 	0.00 	1.59 	0.00 
1335651 	26.71 	12.26 	39.31 	0.00 	38.07 	0.00 
1383579 	21.36 	9.38 	30.70 	0.00 	29.82 	0.00 
1459592 	146.29 	65.51 	211.91 	0.00 	204.09 	0.00 
1600685 	60.79 	27.29 	88.55 	0.00 	85.61 	0.00 
10779 	1.05 	0.45 	1.50 	0.00 	1.46 	0.00 
1609848 	21.84 	9.52 	31.47 	0.00 	30.02 	0.00 
1696438 	179.58 	80.14 	261.02 	0.00 	250.81 	0.00 
1785510 	49.78 	23.06 	72.88 	0.00 	52.44 	0.00 
10549 	1.03 	0.44 	1.47 	0.00 	1.43 	0.00 
7083 	0.70 	0.31 	1.01 	0.00 	0.97 	0.00 
6648 	0.63 	0.28 	0.92 	0.00 	0.89 	0.00 
10212 	1.01 	0.44 	1.45 	0.00 	1.41 	0.00 
15223 	1.42 	0.61 	2.04 	0.00 	1.95 	0.00 
1803652 	29.13 	12.73 	41.87 	0.00 	40.67 	0.00 
5405 	0.52 	0.23 	0.75 	0.00 	0.73 	0.00 
11738 	1.14 	0.50 	1.65 	0.00 	1.58 	0.00 
6248 	0.62 	0.27 	0.88 	0.00 	0.86 	0.00 
1815921 	45.14 	21.19 	66.89 	0.00 	63.68 	0.00 
1926839 	35.35 	15.71 	51.38 	0.00 	49.08 	0.00 
16671 	1.15 	0.50 	1.64 	0.00 	1.58 	0.00 
2241728 	34.89 	15.78 	50.83 	0.00 	48.20 	0.00 
9748 	0.97 	0.42 	1.40 	0.00 	1.34 	0.00 
2273911 	131.70 	62.60 	194.92 	0.00 	190.74 	0.00 
3034092 	80.12 	37.54 	118.52 	0.00 	113.73 	0.00 
11207 	0.88 	0.38 	1.27 	0.00 	1.22 	0.00 
18806 	1.02 	0.44 	1.47 	0.00 	1.42 	0.00 
13664 	1.15 	0.50 	1.65 	0.00 	1.60 	0.00 
10469 	1.06 	0.46 	1.53 	0.00 	1.47 	0.00 
6908 	0.70 	0.30 	1.01 	0.00 	0.97 	0.00 
3036901 	76.13 	35.19 	111.45 	0.00 	108.43 	0.00 
15512 	1.21 	0.52 	1.72 	0.00 	1.66 	0.00 
9005 	0.94 	0.40 	1.35 	0.00 	1.30 	0.00 
5690 	0.57 	0.25 	0.82 	0.00 	0.79 	0.00 
13497 	1.34 	0.58 	1.93 	0.00 	1.87 	0.00 
3129886 	101.79 	48.19 	150.85 	0.00 	146.03 	0.00 
12822 	1.27 	0.55 	1.82 	0.00 	1.74 	0.00 
14363 	1.46 	0.63 	2.09 	0.00 	1.99 	0.00 
19738 	1.36 	0.60 	1.96 	0.00 	1.87 	0.00 
3595514 	47.93 	20.79 	69.11 	0.00 	66.72 	0.00 
16752 	1.22 	0.53 	1.76 	0.00 	1.70 	0.00 
19723 	1.55 	0.67 	2.21 	0.00 	2.16 	0.00 
8495 	0.86 	0.37 	1.23 	0.00 	1.19 	0.00 
3724969 	107.17 	50.40 	158.50 	0.00 	153.61 	0.00 
10080 	1.01 	0.43 	1.45 	0.00 	1.39 	0.00 
12569 	1.25 	0.54 	1.79 	0.00 	1.72 	0.00 
9651 	0.94 	0.40 	1.35 	0.00 	1.30 	0.00 
4281921 	190.20 	89.93 	281.52 	0.00 	273.73 	0.00 
5525443 	163.19 	74.00 	237.53 	0.00 	228.99 	0.00 
