POP	PLE1	PLE2	PLE3	PLE4	PLE5	PLE6
56135 	6.47 	2.89 	9.37 	0.00 	9.02 	0.00 
25489 	3.87 	1.71 	5.58 	0.00 	5.40 	0.00 
43025 	6.65 	2.91 	9.59 	0.00 	9.23 	0.00 
12626 	1.96 	0.88 	2.86 	0.00 	2.71 	0.00 
24063 	3.70 	1.64 	5.35 	0.00 	5.12 	0.00 
13193 	2.02 	0.91 	2.94 	0.00 	2.83 	0.00 
14554 	2.25 	1.00 	3.27 	0.00 	3.16 	0.00 
49814 	6.06 	2.70 	8.83 	0.00 	8.40 	0.00 
51778 	6.87 	3.04 	9.91 	0.00 	9.51 	0.00 
12530 	1.94 	0.86 	2.80 	0.00 	2.70 	0.00 
10915 	1.67 	0.74 	2.42 	0.00 	2.32 	0.00 
188000 	24.35 	10.80 	35.41 	0.00 	34.18 	0.00 
36093 	5.16 	2.29 	7.47 	0.00 	7.20 	0.00 
13373 	2.09 	0.92 	3.02 	0.00 	2.90 	0.00 
77692 	11.54 	5.10 	16.64 	0.00 	16.04 	0.00 
48329 	6.94 	3.07 	10.10 	0.00 	9.63 	0.00 
41101 	5.27 	2.31 	7.60 	0.00 	7.33 	0.00 
70050 	10.39 	4.63 	15.06 	0.00 	14.52 	0.00 
103327 	13.74 	6.07 	19.86 	0.00 	18.96 	0.00 
36086 	5.53 	2.45 	8.04 	0.00 	7.73 	0.00 
100045 	13.22 	5.80 	19.09 	0.00 	18.45 	0.00 
16091 	2.48 	1.09 	3.58 	0.00 	3.47 	0.00 
25588 	3.59 	1.60 	5.22 	0.00 	4.99 	0.00 
30426 	4.36 	1.94 	6.31 	0.00 	6.06 	0.00 
25936 	4.05 	1.79 	5.87 	0.00 	5.67 	0.00 
8383 	1.23 	0.55 	1.79 	0.00 	1.74 	0.00 
14384 	2.16 	0.96 	3.14 	0.00 	3.04 	0.00 
16845 	2.54 	1.13 	3.68 	0.00 	3.57 	0.00 
101121 	12.55 	5.50 	18.11 	0.00 	17.35 	0.00 
50604 	7.74 	3.41 	11.12 	0.00 	10.68 	0.00 
724512 	65.69 	29.54 	95.57 	0.00 	92.53 	0.00 
13507 	2.09 	0.92 	3.00 	0.00 	2.91 	0.00 
90112 	11.93 	5.25 	17.18 	0.00 	16.53 	0.00 
22641 	3.51 	1.55 	5.09 	0.00 	4.89 	0.00 
32671 	5.10 	2.28 	7.43 	0.00 	7.09 	0.00 
142390 	16.70 	7.41 	24.13 	0.00 	23.17 	0.00 
95995 	13.64 	6.10 	19.83 	0.00 	19.05 	0.00 
10218 	1.59 	0.69 	2.29 	0.00 	2.17 	0.00 
19762 	2.77 	1.22 	4.01 	0.00 	3.82 	0.00 
424421 	39.37 	17.48 	57.37 	0.00 	55.00 	0.00 
19684 	2.67 	1.17 	3.86 	0.00 	3.68 	0.00 
29247 	4.48 	1.98 	6.46 	0.00 	6.20 	0.00 
92450 	12.94 	5.73 	18.66 	0.00 	18.00 	0.00 
424525 	41.06 	18.35 	59.54 	0.00 	57.38 	0.00 
56825 	8.65 	3.82 	12.52 	0.00 	12.04 	0.00 
21505 	3.40 	1.51 	4.96 	0.00 	4.71 	0.00 
295935 	20.38 	9.03 	29.52 	0.00 	28.37 	0.00 
116727 	14.30 	6.34 	20.80 	0.00 	20.05 	0.00 
9677 	1.48 	0.65 	2.13 	0.00 	2.05 	0.00 
18464 	2.91 	1.30 	4.23 	0.00 	4.08 	0.00 
32421 	4.04 	1.78 	5.83 	0.00 	5.65 	0.00 
22026 	3.40 	1.51 	4.93 	0.00 	4.75 	0.00 
50775 	6.49 	2.89 	9.48 	0.00 	8.98 	0.00 
88640 	12.78 	5.62 	18.53 	0.00 	17.68 	0.00 
228501 	28.34 	12.60 	41.00 	0.00 	39.69 	0.00 
10269 	1.58 	0.69 	2.27 	0.00 	2.20 	0.00 
12850 	2.02 	0.90 	2.92 	0.00 	2.81 	0.00 
79666 	10.91 	4.81 	15.78 	0.00 	15.09 	0.00 
39670 	6.16 	2.74 	8.96 	0.00 	8.68 	0.00 
196339 	22.69 	10.16 	33.02 	0.00 	31.63 	0.00 
62926 	9.44 	4.21 	13.70 	0.00 	13.20 	0.00 
16621 	2.50 	1.11 	3.61 	0.00 	3.51 	0.00 
10747 	1.71 	0.76 	2.47 	0.00 	2.36 	0.00 
23239 	3.57 	1.58 	5.16 	0.00 	4.98 	0.00 
19817 	3.04 	1.34 	4.41 	0.00 	4.23 	0.00 
115156 	14.07 	6.20 	20.28 	0.00 	19.50 	0.00 
31683 	4.49 	2.02 	6.51 	0.00 	6.31 	0.00 
280459 	31.30 	13.90 	45.22 	0.00 	43.53 	0.00 
233744 	24.69 	11.11 	35.86 	0.00 	34.59 	0.00 
408547 	27.64 	12.48 	40.26 	0.00 	38.70 	0.00 
77827 	11.38 	5.00 	16.44 	0.00 	15.77 	0.00 
38871 	5.35 	2.37 	7.76 	0.00 	7.48 	0.00 
18910 	3.11 	1.38 	4.50 	0.00 	4.35 	0.00 
995863 	60.10 	26.95 	87.69 	0.00 	84.49 	0.00 
315084 	34.30 	15.09 	49.61 	0.00 	47.90 	0.00 
134426 	9.81 	4.37 	14.23 	0.00 	13.82 	0.00 
13185 	2.15 	0.95 	3.10 	0.00 	3.02 	0.00 
50976 	7.80 	3.49 	11.33 	0.00 	10.95 	0.00 
31413 	4.65 	2.09 	6.75 	0.00 	6.53 	0.00 
19461 	3.16 	1.40 	4.58 	0.00 	4.39 	0.00 
14968 	2.37 	1.04 	3.42 	0.00 	3.29 	0.00 
17768 	2.87 	1.28 	4.18 	0.00 	4.01 	0.00 
16605 	2.35 	1.05 	3.41 	0.00 	3.27 	0.00 
30472 	4.46 	1.97 	6.43 	0.00 	6.23 	0.00 
45326 	5.48 	2.45 	7.95 	0.00 	7.61 	0.00 
208060 	19.06 	8.57 	27.77 	0.00 	26.80 	0.00 
111768 	14.18 	6.33 	20.62 	0.00 	19.91 	0.00 
1455326 	82.77 	37.20 	120.55 	0.00 	116.66 	0.00 
22202 	3.67 	1.62 	5.34 	0.00 	5.09 	0.00 
191261 	15.63 	6.89 	22.57 	0.00 	21.69 	0.00 
163130 	15.94 	7.16 	23.34 	0.00 	22.35 	0.00 
55239 	8.69 	3.82 	12.63 	0.00 	12.18 	0.00 
16818 	2.74 	1.21 	3.96 	0.00 	3.86 	0.00 
10420 	1.72 	0.76 	2.48 	0.00 	2.39 	0.00 
365471 	45.11 	20.16 	65.33 	0.00 	63.06 	0.00 
843823 	60.34 	27.03 	87.78 	0.00 	85.07 	0.00 
313540 	31.58 	14.27 	45.98 	0.00 	44.30 	0.00 
46719 	7.60 	3.34 	11.00 	0.00 	10.58 	0.00 
9637 	1.56 	0.70 	2.27 	0.00 	2.20 	0.00 
21124 	3.53 	1.57 	5.10 	0.00 	4.87 	0.00 
31760 	4.95 	2.18 	7.15 	0.00 	6.88 	0.00 
376364 	23.31 	10.30 	33.64 	0.00 	32.80 	0.00 
390630 	51.21 	22.71 	73.98 	0.00 	71.31 	0.00 
181566 	13.48 	6.02 	19.59 	0.00 	18.90 	0.00 
2797614 	56.09 	24.91 	81.59 	0.00 	77.68 	0.00 
76385 	7.51 	3.31 	10.91 	0.00 	10.50 	0.00 
86020 	11.87 	5.28 	17.33 	0.00 	16.50 	0.00 
199658 	15.84 	7.04 	22.99 	0.00 	22.36 	0.00 
45114 	5.89 	2.62 	8.55 	0.00 	8.17 	0.00 
1432776 	61.92 	27.54 	89.73 	0.00 	86.13 	0.00 
347074 	28.35 	12.61 	41.18 	0.00 	39.78 	0.00 
624289 	46.29 	20.74 	67.32 	0.00 	65.17 	0.00 
1505364 	53.30 	23.79 	77.06 	0.00 	75.29 	0.00 
564632 	49.59 	22.30 	71.95 	0.00 	69.47 	0.00 
1008596 	22.31 	9.98 	32.49 	0.00 	31.38 	0.00 
722657 	72.87 	32.54 	106.20 	0.00 	102.35 	0.00 
82274 	12.00 	5.24 	17.35 	0.00 	16.70 	0.00 
239646 	27.43 	12.34 	40.09 	0.00 	38.67 	0.00 
379301 	24.84 	11.16 	36.16 	0.00 	35.06 	0.00 
175100 	18.73 	8.30 	27.14 	0.00 	25.96 	0.00 
436341 	27.88 	12.31 	40.35 	0.00 	39.20 	0.00 
511904 	31.75 	14.25 	46.17 	0.00 	45.08 	0.00 
1942532 	39.86 	18.01 	58.03 	0.00 	55.93 	0.00 
121533 	13.37 	5.97 	19.34 	0.00 	18.83 	0.00 
47894 	7.39 	3.26 	10.69 	0.00 	10.36 	0.00 
25813 	3.73 	1.68 	5.44 	0.00 	5.23 	0.00 
17732 	2.83 	1.26 	4.09 	0.00 	3.91 	0.00 
583831 	44.69 	20.16 	65.13 	0.00 	62.71 	0.00 
36826 	5.73 	2.52 	8.26 	0.00 	8.00 	0.00 
66152 	10.67 	4.75 	15.43 	0.00 	14.83 	0.00 
28598 	4.62 	2.05 	6.66 	0.00 	6.46 	0.00 
16533 	2.64 	1.17 	3.83 	0.00 	3.71 	0.00 
182645 	19.22 	8.57 	27.74 	0.00 	26.69 	0.00 
162785 	22.66 	10.06 	32.75 	0.00 	31.39 	0.00 
17834 	2.97 	1.30 	4.29 	0.00 	4.12 	0.00 
19700 	3.32 	1.45 	4.81 	0.00 	4.60 	0.00 
5843 	0.95 	0.42 	1.38 	0.00 	1.33 	0.00 
22519 	3.76 	1.65 	5.42 	0.00 	5.27 	0.00 
26935 	4.45 	1.99 	6.47 	0.00 	6.25 	0.00 
9104 	1.51 	0.67 	2.19 	0.00 	2.11 	0.00 
18024 	3.03 	1.33 	4.38 	0.00 	4.19 	0.00 
39133 	6.41 	2.84 	9.25 	0.00 	8.97 	0.00 
185228 	18.73 	8.36 	27.16 	0.00 	26.20 	0.00 
125589 	17.07 	7.66 	24.92 	0.00 	24.02 	0.00 
34558 	5.52 	2.44 	8.00 	0.00 	7.72 	0.00 
15131 	2.47 	1.10 	3.58 	0.00 	3.49 	0.00 
150483 	17.16 	7.63 	24.83 	0.00 	24.00 	0.00 
184753 	23.10 	10.30 	33.37 	0.00 	32.54 	0.00 
28072 	3.97 	1.74 	5.78 	0.00 	5.50 	0.00 
30688 	5.03 	2.22 	7.29 	0.00 	7.04 	0.00 
19149 	3.13 	1.37 	4.50 	0.00 	4.38 	0.00 
18850 	3.13 	1.37 	4.53 	0.00 	4.36 	0.00 
40938 	5.90 	2.63 	8.58 	0.00 	8.34 	0.00 
12430 	2.07 	0.91 	2.99 	0.00 	2.88 	0.00 
21269 	3.52 	1.55 	5.08 	0.00 	4.92 	0.00 
2470 	0.41 	0.18 	0.60 	0.00 	0.58 	0.00 
16148 	2.66 	1.18 	3.87 	0.00 	3.72 	0.00 
13064 	2.16 	0.95 	3.12 	0.00 	2.98 	0.00 
7418 	1.23 	0.54 	1.78 	0.00 	1.72 	0.00 
215999 	23.47 	10.41 	34.01 	0.00 	32.74 	0.00 
101597 	12.18 	5.42 	17.67 	0.00 	17.15 	0.00 
5306 	0.90 	0.40 	1.30 	0.00 	1.25 	0.00 
13824 	2.33 	1.01 	3.35 	0.00 	3.22 	0.00 
8204 	1.37 	0.60 	1.97 	0.00 	1.90 	0.00 
63545 	8.18 	3.60 	11.79 	0.00 	11.33 	0.00 
25408 	3.71 	1.64 	5.37 	0.00 	5.17 	0.00 
6121 	1.00 	0.44 	1.45 	0.00 	1.39 	0.00 
31489 	4.05 	1.81 	5.88 	0.00 	5.64 	0.00 
19114 	3.20 	1.42 	4.65 	0.00 	4.48 	0.00 
6733 	1.09 	0.48 	1.58 	0.00 	1.52 	0.00 
1564 	0.26 	0.12 	0.38 	0.00 	0.37 	0.00 
25673 	4.26 	1.88 	6.17 	0.00 	5.92 	0.00 
8604 	1.44 	0.64 	2.10 	0.00 	2.01 	0.00 
17750 	2.46 	1.10 	3.56 	0.00 	3.45 	0.00 
8512 	1.43 	0.63 	2.06 	0.00 	1.99 	0.00 
43684 	6.05 	2.66 	8.71 	0.00 	8.45 	0.00 
39193 	5.07 	2.24 	7.32 	0.00 	6.99 	0.00 
26553 	4.05 	1.78 	5.86 	0.00 	5.60 	0.00 
10475 	1.75 	0.77 	2.53 	0.00 	2.43 	0.00 
15599 	2.55 	1.13 	3.69 	0.00 	3.56 	0.00 
6644 	1.08 	0.48 	1.57 	0.00 	1.52 	0.00 
67590 	9.21 	4.09 	13.37 	0.00 	13.00 	0.00 
8434 	1.40 	0.62 	2.03 	0.00 	1.95 	0.00 
8245 	1.36 	0.61 	1.98 	0.00 	1.92 	0.00 
22094 	3.65 	1.61 	5.29 	0.00 	5.12 	0.00 
25987 	3.76 	1.65 	5.44 	0.00 	5.21 	0.00 
73359 	10.78 	4.73 	15.61 	0.00 	14.99 	0.00 
96582 	14.53 	6.38 	20.95 	0.00 	20.30 	0.00 
35256 	4.23 	1.88 	6.13 	0.00 	5.94 	0.00 
5475 	0.90 	0.40 	1.30 	0.00 	1.26 	0.00 
32809 	4.71 	2.06 	6.80 	0.00 	6.52 	0.00 
20411 	3.41 	1.52 	4.94 	0.00 	4.76 	0.00 
30192 	4.58 	2.02 	6.64 	0.00 	6.46 	0.00 
2832 	0.47 	0.21 	0.67 	0.00 	0.65 	0.00 
7582 	1.25 	0.55 	1.81 	0.00 	1.75 	0.00 
28912 	4.82 	2.14 	7.01 	0.00 	6.73 	0.00 
105672 	13.72 	6.08 	19.72 	0.00 	19.26 	0.00 
9126 	1.49 	0.66 	2.17 	0.00 	2.08 	0.00 
10139 	1.69 	0.75 	2.44 	0.00 	2.34 	0.00 
9031 	1.51 	0.67 	2.19 	0.00 	2.12 	0.00 
20761 	3.38 	1.50 	4.90 	0.00 	4.69 	0.00 
72817 	10.44 	4.62 	15.01 	0.00 	14.54 	0.00 
22789 	3.71 	1.64 	5.35 	0.00 	5.18 	0.00 
24352 	3.92 	1.74 	5.66 	0.00 	5.48 	0.00 
6531 	1.07 	0.48 	1.56 	0.00 	1.50 	0.00 
8320 	1.41 	0.62 	2.05 	0.00 	1.95 	0.00 
50986 	7.17 	3.20 	10.34 	0.00 	10.00 	0.00 
11083 	1.83 	0.81 	2.65 	0.00 	2.55 	0.00 
114875 	15.90 	7.11 	23.08 	0.00 	22.35 	0.00 
74148 	9.84 	4.38 	14.29 	0.00 	13.93 	0.00 
12411 	1.74 	0.77 	2.52 	0.00 	2.42 	0.00 
302621 	23.15 	10.27 	33.69 	0.00 	32.48 	0.00 
9917 	1.12 	0.50 	1.63 	0.00 	1.57 	0.00 
25239 	4.21 	1.85 	6.09 	0.00 	5.82 	0.00 
271314 	32.45 	14.41 	46.99 	0.00 	45.42 	0.00 
117108 	12.68 	5.61 	18.32 	0.00 	17.69 	0.00 
11028 	1.84 	0.81 	2.66 	0.00 	2.56 	0.00 
3065 	0.51 	0.22 	0.73 	0.00 	0.71 	0.00 
307185 	24.59 	10.99 	35.78 	0.00 	34.75 	0.00 
6535 	1.09 	0.48 	1.57 	0.00 	1.53 	0.00 
823308 	67.99 	30.34 	98.72 	0.00 	95.63 	0.00 
42475 	6.17 	2.74 	8.96 	0.00 	8.68 	0.00 
44962 	6.49 	2.86 	9.35 	0.00 	9.07 	0.00 
147607 	17.85 	7.95 	25.98 	0.00 	25.04 	0.00 
17040 	2.82 	1.25 	4.07 	0.00 	3.92 	0.00 
137607 	17.81 	7.81 	25.81 	0.00 	24.95 	0.00 
12223 	1.99 	0.89 	2.89 	0.00 	2.81 	0.00 
3160 	0.53 	0.23 	0.76 	0.00 	0.73 	0.00 
23040 	3.10 	1.38 	4.51 	0.00 	4.28 	0.00 
16399 	2.70 	1.19 	3.91 	0.00 	3.75 	0.00 
24091 	3.95 	1.75 	5.76 	0.00 	5.58 	0.00 
26705 	3.90 	1.71 	5.63 	0.00 	5.40 	0.00 
804594 	48.78 	21.64 	70.61 	0.00 	68.81 	0.00 
21856 	3.66 	1.62 	5.29 	0.00 	5.10 	0.00 
15646 	2.56 	1.13 	3.70 	0.00 	3.55 	0.00 
90547 	10.92 	4.86 	15.85 	0.00 	15.36 	0.00 
167112 	19.80 	8.74 	28.63 	0.00 	27.71 	0.00 
10297 	1.69 	0.75 	2.46 	0.00 	2.38 	0.00 
44387 	5.98 	2.68 	8.67 	0.00 	8.41 	0.00 
3791 	0.63 	0.28 	0.92 	0.00 	0.89 	0.00 
58353 	8.86 	3.93 	12.82 	0.00 	12.33 	0.00 
19289 	3.13 	1.39 	4.54 	0.00 	4.37 	0.00 
22045 	3.66 	1.60 	5.28 	0.00 	5.09 	0.00 
10759 	1.81 	0.80 	2.62 	0.00 	2.53 	0.00 
24309 	4.03 	1.80 	5.84 	0.00 	5.67 	0.00 
124759 	13.21 	5.86 	19.17 	0.00 	18.63 	0.00 
94709 	12.71 	5.58 	18.37 	0.00 	17.60 	0.00 
237658 	27.73 	12.41 	40.31 	0.00 	39.04 	0.00 
21929 	3.61 	1.60 	5.23 	0.00 	5.02 	0.00 
19156 	3.11 	1.37 	4.49 	0.00 	4.32 	0.00 
1096415 	82.86 	36.59 	120.44 	0.00 	116.22 	0.00 
28974 	4.95 	2.18 	7.13 	0.00 	6.88 	0.00 
3155 	0.52 	0.23 	0.76 	0.00 	0.73 	0.00 
80882 	9.63 	4.27 	13.99 	0.00 	13.54 	0.00 
57282 	8.31 	3.68 	12.06 	0.00 	11.55 	0.00 
24488 	3.58 	1.58 	5.18 	0.00 	4.95 	0.00 
15957 	2.61 	1.16 	3.78 	0.00 	3.66 	0.00 
1022846 	80.31 	35.71 	116.47 	0.00 	111.33 	0.00 
43997 	6.76 	2.99 	9.75 	0.00 	9.40 	0.00 
210327 	26.59 	11.77 	38.51 	0.00 	37.31 	0.00 
85976 	11.08 	4.91 	16.08 	0.00 	15.59 	0.00 
8889 	1.49 	0.65 	2.14 	0.00 	2.08 	0.00 
28816 	4.70 	2.09 	6.78 	0.00 	6.59 	0.00 
34069 	5.62 	2.47 	8.11 	0.00 	7.80 	0.00 
25074 	4.09 	1.81 	5.94 	0.00 	5.77 	0.00 
11686 	1.95 	0.87 	2.83 	0.00 	2.75 	0.00 
269979 	31.03 	13.88 	45.22 	0.00 	43.59 	0.00 
145375 	17.22 	7.66 	24.98 	0.00 	23.97 	0.00 
9064 	1.50 	0.66 	2.17 	0.00 	2.08 	0.00 
65762 	10.42 	4.67 	15.13 	0.00 	14.65 	0.00 
14288 	2.38 	1.06 	3.45 	0.00 	3.32 	0.00 
105702 	14.75 	6.52 	21.34 	0.00 	20.47 	0.00 
15357 	2.51 	1.12 	3.65 	0.00 	3.50 	0.00 
16215 	2.72 	1.20 	3.95 	0.00 	3.76 	0.00 
7977 	1.31 	0.58 	1.90 	0.00 	1.84 	0.00 
10075 	1.69 	0.75 	2.46 	0.00 	2.36 	0.00 
29406 	4.77 	2.11 	6.89 	0.00 	6.65 	0.00 
18457 	2.60 	1.16 	3.76 	0.00 	3.64 	0.00 
10793 	1.81 	0.80 	2.62 	0.00 	2.52 	0.00 
47845 	7.17 	3.16 	10.39 	0.00 	9.94 	0.00 
28570 	4.53 	2.00 	6.53 	0.00 	6.36 	0.00 
61772 	7.95 	3.53 	11.55 	0.00 	11.04 	0.00 
17041 	2.09 	0.92 	3.02 	0.00 	2.89 	0.00 
7621 	1.28 	0.56 	1.85 	0.00 	1.80 	0.00 
15495 	2.47 	1.09 	3.56 	0.00 	3.44 	0.00 
111415 	13.68 	6.03 	19.87 	0.00 	18.97 	0.00 
32358 	5.24 	2.31 	7.54 	0.00 	7.31 	0.00 
14417 	2.41 	1.07 	3.49 	0.00 	3.33 	0.00 
27921 	4.57 	2.03 	6.61 	0.00 	6.35 	0.00 
8998 	1.46 	0.64 	2.11 	0.00 	2.04 	0.00 
21264 	2.97 	1.32 	4.32 	0.00 	4.12 	0.00 
15110 	2.48 	1.11 	3.58 	0.00 	3.47 	0.00 
21040 	3.57 	1.58 	5.17 	0.00 	4.93 	0.00 
195798 	30.22 	13.32 	43.88 	0.00 	42.36 	0.00 
1033420 	51.66 	22.90 	75.07 	0.00 	72.49 	0.00 
82 	0.02 	0.01 	0.02 	0.00 	0.02 	0.00 
69045 	10.84 	4.77 	15.68 	0.00 	15.04 	0.00 
162048 	18.19 	7.96 	26.19 	0.00 	25.32 	0.00 
499447 	24.65 	11.07 	35.82 	0.00 	34.56 	0.00 
121442 	11.40 	5.12 	16.58 	0.00 	15.97 	0.00 
12269 	1.89 	0.84 	2.73 	0.00 	2.66 	0.00 
3129 	0.49 	0.22 	0.71 	0.00 	0.68 	0.00 
1239 	0.19 	0.08 	0.27 	0.00 	0.26 	0.00 
230539 	17.80 	7.95 	25.91 	0.00 	25.06 	0.00 
7385 	1.13 	0.50 	1.63 	0.00 	1.57 	0.00 
25429 	3.26 	1.45 	4.71 	0.00 	4.54 	0.00 
1043 	0.16 	0.07 	0.23 	0.00 	0.22 	0.00 
9411 	1.46 	0.66 	2.13 	0.00 	2.06 	0.00 
4723 	0.74 	0.32 	1.07 	0.00 	1.03 	0.00 
4499 	0.71 	0.31 	1.03 	0.00 	0.99 	0.00 
28500 	3.14 	1.40 	4.58 	0.00 	4.39 	0.00 
14273 	2.25 	1.00 	3.26 	0.00 	3.10 	0.00 
14871 	2.39 	1.05 	3.46 	0.00 	3.33 	0.00 
18582 	2.37 	1.05 	3.42 	0.00 	3.30 	0.00 
17243 	2.70 	1.20 	3.88 	0.00 	3.76 	0.00 
18018 	2.82 	1.26 	4.08 	0.00 	3.96 	0.00 
31257 	4.88 	2.17 	7.11 	0.00 	6.83 	0.00 
25707 	3.22 	1.42 	4.68 	0.00 	4.51 	0.00 
162855 	16.74 	7.43 	24.32 	0.00 	23.56 	0.00 
41116 	4.23 	1.88 	6.13 	0.00 	5.90 	0.00 
92255 	8.17 	3.65 	11.89 	0.00 	11.40 	0.00 
8620 	1.32 	0.59 	1.91 	0.00 	1.84 	0.00 
3967 	0.61 	0.27 	0.89 	0.00 	0.85 	0.00 
6100 	0.95 	0.42 	1.38 	0.00 	1.34 	0.00 
44744 	4.21 	1.88 	6.13 	0.00 	5.88 	0.00 
21619 	2.94 	1.30 	4.24 	0.00 	4.11 	0.00 
43009 	3.81 	1.70 	5.54 	0.00 	5.24 	0.00 
4689 	0.73 	0.32 	1.05 	0.00 	1.01 	0.00 
12879 	1.98 	0.89 	2.88 	0.00 	2.78 	0.00 
25119 	3.19 	1.41 	4.61 	0.00 	4.44 	0.00 
8554 	1.33 	0.59 	1.93 	0.00 	1.86 	0.00 
6339 	0.99 	0.44 	1.44 	0.00 	1.39 	0.00 
13421 	2.11 	0.94 	3.05 	0.00 	2.91 	0.00 
13086 	2.05 	0.91 	2.96 	0.00 	2.87 	0.00 
88485 	9.58 	4.30 	13.92 	0.00 	13.39 	0.00 
11583 	1.83 	0.80 	2.65 	0.00 	2.53 	0.00 
11063 	1.20 	0.53 	1.74 	0.00 	1.68 	0.00 
10088 	1.60 	0.71 	2.32 	0.00 	2.21 	0.00 
50737 	6.93 	3.09 	10.13 	0.00 	9.69 	0.00 
24012 	3.18 	1.41 	4.60 	0.00 	4.45 	0.00 
7732 	1.19 	0.53 	1.72 	0.00 	1.64 	0.00 
45787 	6.54 	2.91 	9.50 	0.00 	9.11 	0.00 
61201 	7.66 	3.38 	11.09 	0.00 	10.66 	0.00 
191319 	17.81 	7.82 	25.75 	0.00 	24.81 	0.00 
769124 	64.98 	28.89 	94.26 	0.00 	90.90 	0.00 
62617 	10.02 	4.42 	14.48 	0.00 	13.96 	0.00 
313871 	25.81 	11.53 	37.65 	0.00 	36.64 	0.00 
36405 	7.06 	3.09 	10.22 	0.00 	9.76 	0.00 
31837 	5.33 	2.35 	7.69 	0.00 	7.42 	0.00 
14815 	2.83 	1.25 	4.07 	0.00 	3.98 	0.00 
12490 	2.39 	1.05 	3.46 	0.00 	3.34 	0.00 
35136 	6.70 	2.91 	9.67 	0.00 	9.34 	0.00 
49618 	6.16 	2.72 	8.91 	0.00 	8.57 	0.00 
5273623 	124.47 	55.67 	180.94 	0.00 	174.60 	0.00 
18026 	2.97 	1.30 	4.27 	0.00 	4.15 	0.00 
10127 	1.93 	0.87 	2.81 	0.00 	2.71 	0.00 
101278 	13.20 	5.83 	19.09 	0.00 	18.36 	0.00 
7196 	1.36 	0.61 	1.96 	0.00 	1.89 	0.00 
15093 	2.35 	1.03 	3.40 	0.00 	3.29 	0.00 
18737 	3.61 	1.60 	5.20 	0.00 	5.03 	0.00 
945131 	32.11 	14.37 	46.59 	0.00 	45.38 	0.00 
16765 	2.69 	1.19 	3.90 	0.00 	3.75 	0.00 
6042 	1.16 	0.51 	1.68 	0.00 	1.63 	0.00 
31455 	5.40 	2.36 	7.78 	0.00 	7.53 	0.00 
20302 	3.88 	1.71 	5.60 	0.00 	5.40 	0.00 
12727 	2.42 	1.07 	3.51 	0.00 	3.37 	0.00 
36433 	6.09 	2.69 	8.83 	0.00 	8.45 	0.00 
33663 	5.59 	2.50 	8.13 	0.00 	7.78 	0.00 
16375 	3.11 	1.37 	4.48 	0.00 	4.36 	0.00 
4929 	0.93 	0.41 	1.35 	0.00 	1.30 	0.00 
12434 	2.40 	1.06 	3.48 	0.00 	3.34 	0.00 
50345 	6.52 	2.84 	9.38 	0.00 	9.11 	0.00 
7741 	1.47 	0.65 	2.13 	0.00 	2.06 	0.00 
17259 	3.29 	1.45 	4.76 	0.00 	4.60 	0.00 
3793 	0.73 	0.32 	1.06 	0.00 	1.03 	0.00 
6463 	1.25 	0.55 	1.80 	0.00 	1.76 	0.00 
46282 	7.58 	3.35 	10.99 	0.00 	10.55 	0.00 
27235 	5.21 	2.31 	7.58 	0.00 	7.31 	0.00 
55276 	8.26 	3.65 	11.98 	0.00 	11.53 	0.00 
54239 	7.49 	3.32 	10.85 	0.00 	10.52 	0.00 
8786 	1.69 	0.73 	2.43 	0.00 	2.31 	0.00 
35208 	5.97 	2.63 	8.61 	0.00 	8.35 	0.00 
21517 	3.66 	1.61 	5.28 	0.00 	5.11 	0.00 
20990 	3.98 	1.75 	5.74 	0.00 	5.59 	0.00 
11521 	2.22 	0.97 	3.20 	0.00 	3.11 	0.00 
569867 	46.97 	20.88 	68.24 	0.00 	65.96 	0.00 
106922 	13.66 	6.05 	19.75 	0.00 	19.11 	0.00 
144377 	16.01 	7.10 	23.30 	0.00 	22.54 	0.00 
47688 	6.79 	3.01 	9.85 	0.00 	9.54 	0.00 
105415 	14.86 	6.54 	21.44 	0.00 	20.70 	0.00 
6361 	1.21 	0.53 	1.74 	0.00 	1.67 	0.00 
732499 	65.10 	29.12 	94.31 	0.00 	91.44 	0.00 
239 	0.03 	0.01 	0.05 	0.00 	0.04 	0.00 
15878 	3.04 	1.34 	4.41 	0.00 	4.28 	0.00 
33035 	5.31 	2.33 	7.67 	0.00 	7.39 	0.00 
36227 	5.84 	2.58 	8.46 	0.00 	8.16 	0.00 
27619 	4.29 	1.89 	6.20 	0.00 	5.94 	0.00 
100494 	13.29 	5.86 	19.21 	0.00 	18.55 	0.00 
43563 	8.35 	3.66 	12.04 	0.00 	11.60 	0.00 
261965 	36.09 	16.01 	52.23 	0.00 	50.44 	0.00 
35684 	5.67 	2.50 	8.20 	0.00 	7.96 	0.00 
31967 	5.64 	2.49 	8.16 	0.00 	7.86 	0.00 
11066 	2.11 	0.94 	3.05 	0.00 	2.94 	0.00 
13011 	2.44 	1.08 	3.54 	0.00 	3.44 	0.00 
14214 	2.27 	1.00 	3.29 	0.00 	3.16 	0.00 
29806 	4.11 	1.83 	5.93 	0.00 	5.73 	0.00 
330048 	37.42 	16.45 	54.23 	0.00 	52.24 	0.00 
161761 	14.68 	6.49 	21.21 	0.00 	20.42 	0.00 
11716 	2.21 	0.96 	3.17 	0.00 	3.11 	0.00 
14911 	2.81 	1.23 	4.06 	0.00 	3.92 	0.00 
32612 	5.03 	2.19 	7.23 	0.00 	7.01 	0.00 
27455 	4.81 	2.11 	6.95 	0.00 	6.70 	0.00 
4668 	0.87 	0.38 	1.26 	0.00 	1.22 	0.00 
32323 	4.44 	1.97 	6.41 	0.00 	6.21 	0.00 
13545 	2.62 	1.15 	3.78 	0.00 	3.67 	0.00 
50040 	8.94 	3.96 	13.01 	0.00 	12.65 	0.00 
171979 	19.93 	8.90 	29.02 	0.00 	27.91 	0.00 
20295 	3.94 	1.74 	5.69 	0.00 	5.48 	0.00 
15284 	2.95 	1.31 	4.27 	0.00 	4.14 	0.00 
14811 	2.83 	1.26 	4.10 	0.00 	3.95 	0.00 
4157 	0.80 	0.35 	1.15 	0.00 	1.12 	0.00 
5353 	1.00 	0.44 	1.44 	0.00 	1.39 	0.00 
5464 	1.03 	0.46 	1.49 	0.00 	1.44 	0.00 
13754 	2.59 	1.15 	3.73 	0.00 	3.64 	0.00 
30591 	5.41 	2.37 	7.82 	0.00 	7.57 	0.00 
14874 	2.31 	1.01 	3.34 	0.00 	3.24 	0.00 
134773 	13.86 	6.18 	20.09 	0.00 	19.35 	0.00 
271433 	37.34 	16.76 	54.10 	0.00 	52.55 	0.00 
22273 	3.70 	1.63 	5.34 	0.00 	5.17 	0.00 
183695 	20.88 	9.32 	30.31 	0.00 	29.33 	0.00 
7040 	1.34 	0.59 	1.93 	0.00 	1.87 	0.00 
4844 	0.93 	0.41 	1.35 	0.00 	1.30 	0.00 
20345 	3.88 	1.71 	5.62 	0.00 	5.43 	0.00 
5421 	1.03 	0.45 	1.48 	0.00 	1.44 	0.00 
12503 	1.93 	0.85 	2.79 	0.00 	2.68 	0.00 
43302 	6.26 	2.75 	9.03 	0.00 	8.69 	0.00 
126290 	17.32 	7.66 	25.03 	0.00 	24.14 	0.00 
16238 	3.09 	1.36 	4.45 	0.00 	4.29 	0.00 
74211 	11.82 	5.16 	17.08 	0.00 	16.51 	0.00 
10683 	1.54 	0.69 	2.24 	0.00 	2.15 	0.00 
15916 	2.17 	0.96 	3.15 	0.00 	3.02 	0.00 
13345 	2.54 	1.11 	3.67 	0.00 	3.54 	0.00 
15316 	2.92 	1.28 	4.21 	0.00 	4.07 	0.00 
13226 	2.59 	1.14 	3.74 	0.00 	3.61 	0.00 
53005 	8.48 	3.70 	12.28 	0.00 	11.80 	0.00 
34788 	5.06 	2.21 	7.29 	0.00 	7.01 	0.00 
120050 	12.51 	5.51 	18.10 	0.00 	17.38 	0.00 
26945 	3.70 	1.63 	5.35 	0.00 	5.14 	0.00 
33127 	4.13 	1.82 	5.99 	0.00 	5.77 	0.00 
10803 	1.74 	0.76 	2.51 	0.00 	2.40 	0.00 
32542 	4.44 	1.93 	6.40 	0.00 	6.14 	0.00 
43408 	5.80 	2.56 	8.35 	0.00 	8.07 	0.00 
51786 	7.40 	3.30 	10.71 	0.00 	10.38 	0.00 
26244 	3.43 	1.51 	4.93 	0.00 	4.78 	0.00 
117983 	12.53 	5.53 	18.08 	0.00 	17.52 	0.00 
42634 	5.59 	2.49 	8.09 	0.00 	7.82 	0.00 
382266 	32.72 	14.60 	47.49 	0.00 	45.74 	0.00 
203178 	23.01 	10.11 	33.18 	0.00 	32.06 	0.00 
23907 	2.79 	1.22 	4.02 	0.00 	3.90 	0.00 
80205 	8.49 	3.76 	12.30 	0.00 	11.90 	0.00 
17075 	2.73 	1.20 	3.97 	0.00 	3.81 	0.00 
23568 	3.83 	1.68 	5.51 	0.00 	5.31 	0.00 
21019 	2.92 	1.29 	4.25 	0.00 	4.06 	0.00 
33922 	5.10 	2.26 	7.40 	0.00 	7.12 	0.00 
69463 	8.25 	3.65 	11.96 	0.00 	11.51 	0.00 
33178 	5.36 	2.38 	7.79 	0.00 	7.50 	0.00 
342190 	31.97 	14.32 	46.50 	0.00 	44.87 	0.00 
78998 	8.80 	3.89 	12.72 	0.00 	12.22 	0.00 
79574 	10.16 	4.51 	14.73 	0.00 	14.31 	0.00 
41344 	6.47 	2.83 	9.32 	0.00 	8.99 	0.00 
174958 	20.90 	9.21 	30.14 	0.00 	29.09 	0.00 
49926 	6.49 	2.87 	9.44 	0.00 	9.05 	0.00 
82660 	8.75 	3.86 	12.63 	0.00 	12.20 	0.00 
37134 	4.82 	2.15 	6.99 	0.00 	6.70 	0.00 
42904 	5.57 	2.46 	8.03 	0.00 	7.70 	0.00 
34737 	5.37 	2.37 	7.81 	0.00 	7.50 	0.00 
21136 	3.06 	1.35 	4.45 	0.00 	4.26 	0.00 
32857 	4.37 	1.94 	6.33 	0.00 	6.09 	0.00 
8703 	1.41 	0.62 	2.03 	0.00 	1.95 	0.00 
28847 	4.14 	1.84 	6.05 	0.00 	5.81 	0.00 
160965 	16.62 	7.34 	24.02 	0.00 	23.24 	0.00 
38364 	4.92 	2.15 	7.10 	0.00 	6.83 	0.00 
79233 	11.73 	5.17 	16.93 	0.00 	16.36 	0.00 
37896 	6.08 	2.73 	8.87 	0.00 	8.48 	0.00 
523837 	37.01 	16.37 	53.68 	0.00 	52.19 	0.00 
4 	0.00 	0.00 	0.00 	0.00 	0.00 	0.00 
112373 	14.14 	6.19 	20.35 	0.00 	19.63 	0.00 
46559 	6.70 	2.94 	9.66 	0.00 	9.31 	0.00 
132338 	15.66 	6.97 	22.74 	0.00 	21.90 	0.00 
12379 	1.64 	0.71 	2.35 	0.00 	2.24 	0.00 
1010178 	51.72 	22.95 	75.22 	0.00 	72.75 	0.00 
47947 	7.05 	3.12 	10.20 	0.00 	9.89 	0.00 
10296 	1.64 	0.72 	2.37 	0.00 	2.29 	0.00 
37317 	5.43 	2.39 	7.88 	0.00 	7.54 	0.00 
144616 	12.40 	5.54 	18.05 	0.00 	17.27 	0.00 
38452 	5.14 	2.27 	7.45 	0.00 	7.09 	0.00 
72234 	9.94 	4.41 	14.33 	0.00 	13.78 	0.00 
14233 	2.33 	1.02 	3.36 	0.00 	3.25 	0.00 
48407 	7.13 	3.17 	10.39 	0.00 	9.97 	0.00 
6298 	1.01 	0.45 	1.47 	0.00 	1.41 	0.00 
63305 	7.70 	3.42 	11.17 	0.00 	10.77 	0.00 
20027 	3.22 	1.42 	4.67 	0.00 	4.49 	0.00 
21666 	3.47 	1.55 	5.03 	0.00 	4.86 	0.00 
17477 	2.73 	1.20 	3.94 	0.00 	3.86 	0.00 
19586 	2.72 	1.20 	3.94 	0.00 	3.81 	0.00 
12914 	2.10 	0.93 	3.06 	0.00 	2.93 	0.00 
174290 	21.23 	9.51 	30.81 	0.00 	30.11 	0.00 
25514 	3.77 	1.66 	5.43 	0.00 	5.24 	0.00 
13363 	2.11 	0.94 	3.08 	0.00 	2.96 	0.00 
38748 	5.42 	2.41 	7.86 	0.00 	7.57 	0.00 
25365 	4.12 	1.81 	5.96 	0.00 	5.75 	0.00 
15480 	2.52 	1.11 	3.63 	0.00 	3.48 	0.00 
29660 	4.74 	2.08 	6.85 	0.00 	6.61 	0.00 
17285 	2.39 	1.05 	3.45 	0.00 	3.31 	0.00 
268937 	21.63 	9.61 	31.37 	0.00 	30.25 	0.00 
24725 	3.62 	1.61 	5.25 	0.00 	5.08 	0.00 
44946 	6.02 	2.65 	8.72 	0.00 	8.43 	0.00 
21325 	3.46 	1.52 	4.97 	0.00 	4.78 	0.00 
23412 	3.71 	1.63 	5.37 	0.00 	5.18 	0.00 
34535 	5.02 	2.20 	7.27 	0.00 	6.95 	0.00 
21701 	3.53 	1.55 	5.05 	0.00 	4.89 	0.00 
11235 	1.80 	0.79 	2.60 	0.00 	2.50 	0.00 
20259 	3.23 	1.42 	4.65 	0.00 	4.52 	0.00 
182068 	13.46 	5.94 	19.42 	0.00 	18.90 	0.00 
15589 	2.48 	1.10 	3.58 	0.00 	3.49 	0.00 
7640 	1.22 	0.54 	1.77 	0.00 	1.70 	0.00 
183031 	13.95 	6.23 	20.25 	0.00 	19.62 	0.00 
16097 	2.61 	1.15 	3.78 	0.00 	3.61 	0.00 
109056 	12.11 	5.35 	17.53 	0.00 	16.78 	0.00 
32408 	4.66 	2.07 	6.74 	0.00 	6.51 	0.00 
8571 	1.38 	0.61 	2.00 	0.00 	1.93 	0.00 
62817 	7.89 	3.50 	11.50 	0.00 	10.96 	0.00 
28760 	4.34 	1.90 	6.22 	0.00 	6.03 	0.00 
38311 	4.55 	2.04 	6.62 	0.00 	6.39 	0.00 
68512 	7.73 	3.41 	11.22 	0.00 	10.74 	0.00 
27617 	3.87 	1.71 	5.58 	0.00 	5.38 	0.00 
24580 	3.51 	1.55 	5.06 	0.00 	4.93 	0.00 
34330 	5.06 	2.22 	7.32 	0.00 	7.01 	0.00 
7580 	1.39 	0.61 	2.00 	0.00 	1.92 	0.00 
21297 	3.45 	1.52 	4.99 	0.00 	4.76 	0.00 
20680 	2.68 	1.18 	3.86 	0.00 	3.73 	0.00 
15058 	2.67 	1.19 	3.87 	0.00 	3.73 	0.00 
9502 	1.71 	0.76 	2.47 	0.00 	2.38 	0.00 
21136 	3.03 	1.34 	4.39 	0.00 	4.22 	0.00 
14047 	2.07 	0.92 	3.00 	0.00 	2.89 	0.00 
18888 	3.41 	1.49 	4.92 	0.00 	4.72 	0.00 
44567 	5.38 	2.38 	7.78 	0.00 	7.55 	0.00 
12070 	2.15 	0.96 	3.12 	0.00 	3.04 	0.00 
12548 	2.21 	0.98 	3.20 	0.00 	3.09 	0.00 
3956 	0.70 	0.31 	1.02 	0.00 	0.98 	0.00 
9549 	1.70 	0.75 	2.44 	0.00 	2.38 	0.00 
16853 	2.09 	0.93 	3.05 	0.00 	2.91 	0.00 
18442 	3.26 	1.44 	4.71 	0.00 	4.52 	0.00 
49980 	7.12 	3.14 	10.30 	0.00 	9.97 	0.00 
17535 	2.60 	1.14 	3.74 	0.00 	3.59 	0.00 
82193 	10.97 	4.83 	15.89 	0.00 	15.29 	0.00 
9035 	1.62 	0.72 	2.34 	0.00 	2.27 	0.00 
8581 	1.54 	0.68 	2.24 	0.00 	2.17 	0.00 
18014 	3.20 	1.41 	4.63 	0.00 	4.44 	0.00 
40675 	5.03 	2.22 	7.26 	0.00 	6.97 	0.00 
14641 	2.60 	1.14 	3.77 	0.00 	3.63 	0.00 
17171 	3.12 	1.37 	4.49 	0.00 	4.34 	0.00 
97470 	11.46 	5.04 	16.52 	0.00 	16.01 	0.00 
10341 	1.32 	0.59 	1.92 	0.00 	1.86 	0.00 
21290 	3.46 	1.52 	4.99 	0.00 	4.81 	0.00 
16550 	2.45 	1.08 	3.54 	0.00 	3.42 	0.00 
10985 	1.96 	0.87 	2.85 	0.00 	2.73 	0.00 
7506 	1.36 	0.60 	1.96 	0.00 	1.90 	0.00 
9258 	1.63 	0.72 	2.36 	0.00 	2.27 	0.00 
12748 	2.24 	0.98 	3.23 	0.00 	3.13 	0.00 
11199 	1.96 	0.87 	2.84 	0.00 	2.74 	0.00 
12942 	2.29 	1.01 	3.31 	0.00 	3.19 	0.00 
15845 	2.26 	0.99 	3.24 	0.00 	3.14 	0.00 
11790 	2.13 	0.94 	3.07 	0.00 	2.99 	0.00 
17495 	3.03 	1.34 	4.37 	0.00 	4.29 	0.00 
15056 	2.67 	1.18 	3.86 	0.00 	3.75 	0.00 
20526 	3.02 	1.33 	4.38 	0.00 	4.16 	0.00 
9734 	1.74 	0.76 	2.52 	0.00 	2.42 	0.00 
10002 	1.78 	0.78 	2.57 	0.00 	2.47 	0.00 
7030 	1.25 	0.55 	1.82 	0.00 	1.76 	0.00 
17034 	3.11 	1.37 	4.49 	0.00 	4.36 	0.00 
20166 	3.17 	1.40 	4.59 	0.00 	4.38 	0.00 
6044 	1.09 	0.48 	1.57 	0.00 	1.51 	0.00 
37693 	5.69 	2.53 	8.28 	0.00 	8.01 	0.00 
17480 	2.52 	1.11 	3.64 	0.00 	3.51 	0.00 
141467 	13.93 	6.19 	20.21 	0.00 	19.37 	0.00 
21140 	3.43 	1.51 	4.96 	0.00 	4.77 	0.00 
10497 	1.88 	0.83 	2.71 	0.00 	2.63 	0.00 
16022 	2.44 	1.08 	3.51 	0.00 	3.43 	0.00 
36030 	4.62 	2.05 	6.70 	0.00 	6.45 	0.00 
223213 	20.62 	9.11 	29.82 	0.00 	28.77 	0.00 
11383 	2.04 	0.90 	2.96 	0.00 	2.86 	0.00 
8929 	1.59 	0.70 	2.30 	0.00 	2.23 	0.00 
26989 	4.78 	2.12 	6.95 	0.00 	6.64 	0.00 
11850 	2.08 	0.92 	3.02 	0.00 	2.92 	0.00 
16524 	2.95 	1.30 	4.25 	0.00 	4.11 	0.00 
23123 	3.19 	1.41 	4.63 	0.00 	4.46 	0.00 
34578 	4.96 	2.20 	7.18 	0.00 	6.91 	0.00 
42116 	4.79 	2.12 	6.91 	0.00 	6.70 	0.00 
15520 	2.80 	1.23 	4.03 	0.00 	3.87 	0.00 
11156 	1.97 	0.87 	2.84 	0.00 	2.76 	0.00 
9227 	1.65 	0.72 	2.37 	0.00 	2.28 	0.00 
8109 	1.45 	0.63 	2.10 	0.00 	2.02 	0.00 
10655 	1.50 	0.67 	2.18 	0.00 	2.12 	0.00 
135265 	13.97 	6.22 	20.16 	0.00 	19.52 	0.00 
44275 	6.49 	2.85 	9.40 	0.00 	9.00 	0.00 
14465 	2.53 	1.11 	3.64 	0.00 	3.52 	0.00 
6579 	1.16 	0.51 	1.67 	0.00 	1.63 	0.00 
15902 	2.85 	1.25 	4.10 	0.00 	3.97 	0.00 
9162 	1.65 	0.72 	2.38 	0.00 	2.30 	0.00 
25633 	3.95 	1.74 	5.70 	0.00 	5.54 	0.00 
6971 	1.24 	0.54 	1.79 	0.00 	1.72 	0.00 
505695 	35.53 	15.86 	51.76 	0.00 	49.56 	0.00 
101405 	11.25 	4.97 	16.33 	0.00 	15.88 	0.00 
19451 	2.83 	1.24 	4.11 	0.00 	3.94 	0.00 
26890 	3.92 	1.72 	5.66 	0.00 	5.45 	0.00 
5163 	0.91 	0.40 	1.31 	0.00 	1.27 	0.00 
10194 	1.83 	0.80 	2.65 	0.00 	2.55 	0.00 
171644 	15.35 	6.80 	22.26 	0.00 	21.33 	0.00 
12162 	2.15 	0.96 	3.12 	0.00 	2.99 	0.00 
35382 	5.50 	2.43 	7.95 	0.00 	7.67 	0.00 
95271 	11.06 	4.88 	15.99 	0.00 	15.36 	0.00 
18083 	3.26 	1.45 	4.72 	0.00 	4.57 	0.00 
6267 	1.11 	0.49 	1.60 	0.00 	1.55 	0.00 
12949 	1.57 	0.69 	2.26 	0.00 	2.19 	0.00 
7662 	1.37 	0.60 	1.96 	0.00 	1.90 	0.00 
25179 	3.76 	1.65 	5.43 	0.00 	5.24 	0.00 
36154 	4.79 	2.12 	6.97 	0.00 	6.68 	0.00 
49783 	7.15 	3.16 	10.38 	0.00 	10.04 	0.00 
22602 	3.51 	1.55 	5.09 	0.00 	4.91 	0.00 
6461 	1.17 	0.52 	1.69 	0.00 	1.64 	0.00 
38207 	4.99 	2.20 	7.22 	0.00 	6.89 	0.00 
10486 	1.84 	0.82 	2.68 	0.00 	2.58 	0.00 
21591 	3.35 	1.48 	4.85 	0.00 	4.64 	0.00 
104164 	10.85 	4.81 	15.63 	0.00 	15.14 	0.00 
7931 	1.40 	0.63 	2.03 	0.00 	1.97 	0.00 
13186 	2.36 	1.04 	3.39 	0.00 	3.30 	0.00 
12854 	1.88 	0.83 	2.72 	0.00 	2.64 	0.00 
3411 	0.60 	0.27 	0.87 	0.00 	0.84 	0.00 
1386 	0.24 	0.11 	0.35 	0.00 	0.33 	0.00 
5492 	0.96 	0.42 	1.39 	0.00 	1.33 	0.00 
2109 	0.36 	0.16 	0.52 	0.00 	0.50 	0.00 
8952 	1.58 	0.70 	2.28 	0.00 	2.22 	0.00 
3109 	0.55 	0.24 	0.79 	0.00 	0.76 	0.00 
169430 	14.72 	6.51 	21.23 	0.00 	20.53 	0.00 
20791 	3.67 	1.64 	5.35 	0.00 	5.13 	0.00 
2550 	0.44 	0.19 	0.64 	0.00 	0.61 	0.00 
2125 	0.37 	0.16 	0.54 	0.00 	0.52 	0.00 
8303 	1.44 	0.64 	2.09 	0.00 	1.99 	0.00 
9139 	1.61 	0.70 	2.33 	0.00 	2.22 	0.00 
8448 	1.45 	0.64 	2.10 	0.00 	2.03 	0.00 
1835 	0.32 	0.14 	0.47 	0.00 	0.45 	0.00 
35624 	4.54 	2.00 	6.55 	0.00 	6.33 	0.00 
38727 	4.99 	2.19 	7.19 	0.00 	6.98 	0.00 
7965 	1.38 	0.61 	2.00 	0.00 	1.92 	0.00 
2761 	0.48 	0.21 	0.70 	0.00 	0.67 	0.00 
19256 	2.89 	1.28 	4.18 	0.00 	4.04 	0.00 
7711 	1.32 	0.59 	1.92 	0.00 	1.85 	0.00 
112662 	8.40 	3.70 	12.17 	0.00 	11.73 	0.00 
2861 	0.49 	0.22 	0.72 	0.00 	0.69 	0.00 
2714 	0.47 	0.21 	0.68 	0.00 	0.65 	0.00 
28272 	2.80 	1.23 	4.07 	0.00 	3.90 	0.00 
6384 	1.11 	0.49 	1.61 	0.00 	1.56 	0.00 
35021 	3.70 	1.64 	5.37 	0.00 	5.17 	0.00 
33729 	3.69 	1.62 	5.28 	0.00 	5.10 	0.00 
16449 	1.97 	0.86 	2.84 	0.00 	2.73 	0.00 
25978 	3.69 	1.62 	5.32 	0.00 	5.16 	0.00 
35167 	4.08 	1.80 	5.89 	0.00 	5.70 	0.00 
2537 	0.45 	0.20 	0.65 	0.00 	0.63 	0.00 
2455 	0.43 	0.19 	0.62 	0.00 	0.60 	0.00 
7681 	0.83 	0.37 	1.20 	0.00 	1.15 	0.00 
5926 	1.05 	0.46 	1.52 	0.00 	1.48 	0.00 
1144 	0.20 	0.09 	0.30 	0.00 	0.28 	0.00 
6296 	1.11 	0.49 	1.60 	0.00 	1.54 	0.00 
2658 	0.46 	0.20 	0.66 	0.00 	0.64 	0.00 
5793 	1.01 	0.45 	1.46 	0.00 	1.41 	0.00 
4637 	0.81 	0.35 	1.17 	0.00 	1.14 	0.00 
34605 	4.66 	2.05 	6.74 	0.00 	6.52 	0.00 
4162 	0.71 	0.32 	1.03 	0.00 	1.00 	0.00 
1831 	0.32 	0.14 	0.46 	0.00 	0.44 	0.00 
13452 	2.34 	1.04 	3.37 	0.00 	3.29 	0.00 
19041 	3.36 	1.48 	4.87 	0.00 	4.66 	0.00 
2852 	0.49 	0.22 	0.71 	0.00 	0.69 	0.00 
619372 	36.47 	16.34 	53.05 	0.00 	51.49 	0.00 
3736 	0.66 	0.29 	0.94 	0.00 	0.92 	0.00 
7492 	1.29 	0.57 	1.87 	0.00 	1.81 	0.00 
2316 	0.39 	0.17 	0.57 	0.00 	0.55 	0.00 
27019 	3.28 	1.45 	4.75 	0.00 	4.60 	0.00 
20893 	2.99 	1.32 	4.32 	0.00 	4.16 	0.00 
1607 	0.28 	0.12 	0.40 	0.00 	0.39 	0.00 
77518 	10.68 	4.71 	15.43 	0.00 	14.81 	0.00 
3079 	0.53 	0.23 	0.77 	0.00 	0.74 	0.00 
9543 	1.66 	0.73 	2.40 	0.00 	2.32 	0.00 
2655 	0.46 	0.20 	0.66 	0.00 	0.64 	0.00 
32342 	3.52 	1.55 	5.08 	0.00 	4.87 	0.00 
12196 	2.15 	0.94 	3.11 	0.00 	2.99 	0.00 
9722 	1.75 	0.76 	2.53 	0.00 	2.45 	0.00 
28561 	3.94 	1.72 	5.69 	0.00 	5.50 	0.00 
14829 	2.13 	0.94 	3.09 	0.00 	2.96 	0.00 
4478 	0.77 	0.34 	1.12 	0.00 	1.09 	0.00 
33829 	5.87 	2.59 	8.53 	0.00 	8.17 	0.00 
6099 	1.06 	0.47 	1.54 	0.00 	1.48 	0.00 
34531 	4.82 	2.15 	7.00 	0.00 	6.72 	0.00 
5757 	1.02 	0.44 	1.46 	0.00 	1.40 	0.00 
3110 	0.54 	0.24 	0.78 	0.00 	0.76 	0.00 
9865 	1.70 	0.75 	2.46 	0.00 	2.37 	0.00 
16095 	2.19 	0.96 	3.17 	0.00 	3.07 	0.00 
2953 	0.50 	0.22 	0.73 	0.00 	0.70 	0.00 
5490 	0.95 	0.42 	1.38 	0.00 	1.33 	0.00 
9570 	1.67 	0.74 	2.43 	0.00 	2.32 	0.00 
15937 	2.77 	1.22 	4.01 	0.00 	3.90 	0.00 
3632 	0.63 	0.28 	0.91 	0.00 	0.88 	0.00 
5932 	1.04 	0.46 	1.51 	0.00 	1.45 	0.00 
6774 	1.16 	0.52 	1.68 	0.00 	1.63 	0.00 
5431 	0.93 	0.41 	1.34 	0.00 	1.29 	0.00 
22441 	3.87 	1.71 	5.62 	0.00 	5.40 	0.00 
9494 	1.15 	0.50 	1.66 	0.00 	1.60 	0.00 
2355 	0.41 	0.18 	0.59 	0.00 	0.57 	0.00 
63318 	7.79 	3.41 	11.23 	0.00 	10.87 	0.00 
4662 	0.83 	0.36 	1.20 	0.00 	1.15 	0.00 
66345 	9.67 	4.25 	13.93 	0.00 	13.48 	0.00 
9714 	1.69 	0.76 	2.45 	0.00 	2.38 	0.00 
73727 	7.30 	3.21 	10.54 	0.00 	10.17 	0.00 
4934 	0.87 	0.39 	1.26 	0.00 	1.21 	0.00 
3176 	0.55 	0.24 	0.79 	0.00 	0.76 	0.00 
6730 	1.15 	0.51 	1.67 	0.00 	1.61 	0.00 
55625 	5.25 	2.32 	7.61 	0.00 	7.37 	0.00 
4795 	0.83 	0.37 	1.20 	0.00 	1.17 	0.00 
559118 	41.50 	18.44 	60.45 	0.00 	58.27 	0.00 
22703 	2.13 	0.94 	3.07 	0.00 	2.97 	0.00 
177323 	21.07 	9.21 	30.44 	0.00 	29.21 	0.00 
2671 	0.47 	0.21 	0.68 	0.00 	0.66 	0.00 
2426 	0.42 	0.18 	0.60 	0.00 	0.58 	0.00 
5686 	0.99 	0.44 	1.43 	0.00 	1.39 	0.00 
3588 	0.63 	0.28 	0.91 	0.00 	0.88 	0.00 
4244 	0.74 	0.32 	1.07 	0.00 	1.02 	0.00 
2147 	0.38 	0.17 	0.55 	0.00 	0.53 	0.00 
5711 	0.99 	0.44 	1.44 	0.00 	1.37 	0.00 
23284 	3.44 	1.53 	4.95 	0.00 	4.84 	0.00 
7650 	1.35 	0.60 	1.95 	0.00 	1.88 	0.00 
2859 	0.50 	0.22 	0.71 	0.00 	0.69 	0.00 
7041 	1.23 	0.55 	1.77 	0.00 	1.72 	0.00 
19261 	2.99 	1.34 	4.35 	0.00 	4.17 	0.00 
49832 	5.89 	2.62 	8.51 	0.00 	8.27 	0.00 
65829 	8.81 	3.88 	12.68 	0.00 	12.25 	0.00 
2316 	0.36 	0.16 	0.52 	0.00 	0.50 	0.00 
17244 	2.65 	1.18 	3.85 	0.00 	3.71 	0.00 
23877 	3.17 	1.42 	4.59 	0.00 	4.44 	0.00 
18102 	2.81 	1.24 	4.06 	0.00 	3.92 	0.00 
53251 	6.18 	2.79 	9.02 	0.00 	8.63 	0.00 
45588 	5.97 	2.64 	8.63 	0.00 	8.29 	0.00 
17686 	2.11 	0.94 	3.04 	0.00 	2.95 	0.00 
19398 	2.97 	1.32 	4.30 	0.00 	4.15 	0.00 
25178 	3.12 	1.38 	4.52 	0.00 	4.35 	0.00 
28855 	3.40 	1.50 	4.91 	0.00 	4.73 	0.00 
12520 	1.96 	0.87 	2.83 	0.00 	2.72 	0.00 
15044 	2.27 	1.01 	3.30 	0.00 	3.19 	0.00 
9085 	1.42 	0.63 	2.05 	0.00 	1.97 	0.00 
14962 	2.23 	1.00 	3.26 	0.00 	3.12 	0.00 
122480 	13.77 	6.16 	19.96 	0.00 	19.19 	0.00 
12065 	1.87 	0.83 	2.71 	0.00 	2.60 	0.00 
21209 	3.33 	1.48 	4.82 	0.00 	4.61 	0.00 
13564 	2.10 	0.93 	3.04 	0.00 	2.92 	0.00 
35975 	5.07 	2.25 	7.38 	0.00 	7.02 	0.00 
7494 	1.15 	0.52 	1.68 	0.00 	1.63 	0.00 
8625 	1.33 	0.59 	1.93 	0.00 	1.85 	0.00 
25685 	2.79 	1.24 	4.06 	0.00 	3.87 	0.00 
13297 	2.07 	0.92 	2.99 	0.00 	2.87 	0.00 
20531 	3.21 	1.43 	4.66 	0.00 	4.46 	0.00 
83273 	8.77 	3.93 	12.76 	0.00 	12.18 	0.00 
12681 	1.99 	0.89 	2.87 	0.00 	2.77 	0.00 
13043 	1.99 	0.89 	2.90 	0.00 	2.79 	0.00 
38376 	4.86 	2.16 	7.05 	0.00 	6.75 	0.00 
95539 	7.44 	3.34 	10.82 	0.00 	10.48 	0.00 
20724 	3.23 	1.44 	4.68 	0.00 	4.49 	0.00 
5064 	0.78 	0.35 	1.14 	0.00 	1.08 	0.00 
11095 	1.71 	0.76 	2.48 	0.00 	2.39 	0.00 
28142 	4.29 	1.90 	6.20 	0.00 	6.04 	0.00 
16218 	2.49 	1.09 	3.58 	0.00 	3.47 	0.00 
74395 	9.03 	4.00 	13.05 	0.00 	12.62 	0.00 
36654 	4.03 	1.79 	5.87 	0.00 	5.60 	0.00 
21000 	3.33 	1.47 	4.81 	0.00 	4.62 	0.00 
10533 	1.63 	0.73 	2.36 	0.00 	2.28 	0.00 
9379 	1.44 	0.64 	2.09 	0.00 	2.01 	0.00 
6769 	1.02 	0.46 	1.49 	0.00 	1.45 	0.00 
22416 	2.76 	1.20 	4.00 	0.00 	3.77 	0.00 
98999 	9.72 	4.34 	14.14 	0.00 	13.50 	0.00 
12410 	1.95 	0.86 	2.84 	0.00 	2.70 	0.00 
8261 	1.25 	0.56 	1.83 	0.00 	1.75 	0.00 
14551 	2.29 	1.00 	3.29 	0.00 	3.17 	0.00 
338407 	10.86 	4.82 	15.71 	0.00 	15.24 	0.00 
14632 	2.29 	1.01 	3.30 	0.00 	3.15 	0.00 
38904 	6.00 	2.65 	8.64 	0.00 	8.37 	0.00 
50134 	5.15 	2.29 	7.46 	0.00 	7.21 	0.00 
6172 	0.94 	0.42 	1.36 	0.00 	1.32 	0.00 
8904 	1.36 	0.60 	1.97 	0.00 	1.88 	0.00 
8306 	1.29 	0.57 	1.87 	0.00 	1.80 	0.00 
17754 	2.76 	1.23 	4.00 	0.00 	3.80 	0.00 
25629 	3.88 	1.74 	5.65 	0.00 	5.43 	0.00 
37327 	5.11 	2.27 	7.39 	0.00 	7.18 	0.00 
26598 	4.17 	1.87 	6.08 	0.00 	5.81 	0.00 
11281 	1.71 	0.76 	2.49 	0.00 	2.39 	0.00 
37110 	5.16 	2.30 	7.51 	0.00 	7.29 	0.00 
8666 	1.38 	0.61 	1.99 	0.00 	1.91 	0.00 
110914 	13.05 	5.83 	18.91 	0.00 	18.12 	0.00 
28281 	4.32 	1.92 	6.30 	0.00 	6.01 	0.00 
19248 	2.58 	1.15 	3.74 	0.00 	3.59 	0.00 
43866 	6.03 	2.64 	8.71 	0.00 	8.31 	0.00 
18588 	2.88 	1.28 	4.16 	0.00 	4.00 	0.00 
47019 	5.69 	2.55 	8.19 	0.00 	7.88 	0.00 
15647 	2.45 	1.08 	3.55 	0.00 	3.41 	0.00 
4816 	0.75 	0.33 	1.08 	0.00 	1.04 	0.00 
47328 	6.12 	2.73 	8.90 	0.00 	8.62 	0.00 
13615 	2.10 	0.93 	3.05 	0.00 	2.95 	0.00 
807859 	32.48 	14.52 	47.23 	0.00 	45.19 	0.00 
52497 	5.32 	2.37 	7.70 	0.00 	7.43 	0.00 
23368 	3.61 	1.61 	5.24 	0.00 	5.04 	0.00 
172423 	11.87 	5.35 	17.28 	0.00 	16.73 	0.00 
11852 	1.91 	0.85 	2.76 	0.00 	2.65 	0.00 
16089 	2.50 	1.10 	3.61 	0.00 	3.45 	0.00 
32009 	4.64 	2.03 	6.69 	0.00 	6.45 	0.00 
14407 	2.21 	0.98 	3.20 	0.00 	3.07 	0.00 
61217 	8.51 	3.75 	12.38 	0.00 	11.78 	0.00 
16135 	2.48 	1.08 	3.59 	0.00 	3.45 	0.00 
7919 	1.26 	0.56 	1.84 	0.00 	1.75 	0.00 
11066 	1.72 	0.76 	2.48 	0.00 	2.40 	0.00 
24408 	3.69 	1.64 	5.36 	0.00 	5.15 	0.00 
13965 	2.18 	0.95 	3.16 	0.00 	3.03 	0.00 
25425 	3.93 	1.74 	5.69 	0.00 	5.49 	0.00 
28391 	3.71 	1.65 	5.38 	0.00 	5.15 	0.00 
9500 	1.43 	0.64 	2.07 	0.00 	2.02 	0.00 
27027 	3.82 	1.70 	5.53 	0.00 	5.29 	0.00 
8445 	1.32 	0.59 	1.91 	0.00 	1.83 	0.00 
87841 	10.52 	4.69 	15.33 	0.00 	14.63 	0.00 
13411 	2.04 	0.90 	2.96 	0.00 	2.82 	0.00 
20515 	3.14 	1.39 	4.54 	0.00 	4.41 	0.00 
32102 	4.86 	2.18 	7.07 	0.00 	6.80 	0.00 
13595 	2.12 	0.94 	3.06 	0.00 	2.95 	0.00 
17819 	2.45 	1.08 	3.55 	0.00 	3.42 	0.00 
65957 	7.91 	3.55 	11.49 	0.00 	11.10 	0.00 
139940 	12.27 	5.48 	17.78 	0.00 	17.12 	0.00 
18851 	2.97 	1.30 	4.27 	0.00 	4.11 	0.00 
9470 	1.47 	0.66 	2.13 	0.00 	2.05 	0.00 
29012 	4.25 	1.90 	6.19 	0.00 	5.98 	0.00 
6278 	0.97 	0.43 	1.42 	0.00 	1.36 	0.00 
21626 	2.87 	1.26 	4.15 	0.00 	3.99 	0.00 
10177 	1.60 	0.71 	2.31 	0.00 	2.23 	0.00 
10756 	1.68 	0.74 	2.43 	0.00 	2.35 	0.00 
28109 	3.46 	1.54 	5.02 	0.00 	4.83 	0.00 
14041 	2.20 	0.97 	3.19 	0.00 	3.05 	0.00 
31581 	4.82 	2.12 	6.98 	0.00 	6.69 	0.00 
20311 	2.50 	1.11 	3.63 	0.00 	3.48 	0.00 
45881 	6.38 	2.80 	9.24 	0.00 	8.75 	0.00 
7279 	1.15 	0.51 	1.65 	0.00 	1.60 	0.00 
24300 	3.72 	1.66 	5.40 	0.00 	5.23 	0.00 
66955 	7.87 	3.50 	11.40 	0.00 	10.97 	0.00 
11000 	1.71 	0.76 	2.48 	0.00 	2.37 	0.00 
4764 	0.74 	0.33 	1.07 	0.00 	1.03 	0.00 
14983 	2.31 	1.02 	3.34 	0.00 	3.23 	0.00 
28624 	4.38 	1.94 	6.34 	0.00 	6.14 	0.00 
65540 	9.96 	4.40 	14.44 	0.00 	13.93 	0.00 
12519 	1.95 	0.86 	2.83 	0.00 	2.70 	0.00 
69817 	8.60 	3.83 	12.46 	0.00 	11.93 	0.00 
178763 	20.36 	9.09 	29.46 	0.00 	28.39 	0.00 
9141 	1.45 	0.64 	2.10 	0.00 	2.03 	0.00 
5641 	0.90 	0.40 	1.32 	0.00 	1.26 	0.00 
9368 	1.51 	0.66 	2.18 	0.00 	2.10 	0.00 
15838 	2.54 	1.11 	3.68 	0.00 	3.50 	0.00 
19199 	2.90 	1.29 	4.23 	0.00 	4.05 	0.00 
24751 	3.86 	1.71 	5.57 	0.00 	5.38 	0.00 
534007 	31.90 	14.20 	46.26 	0.00 	45.07 	0.00 
6653 	1.05 	0.46 	1.52 	0.00 	1.47 	0.00 
17913 	2.88 	1.28 	4.16 	0.00 	3.97 	0.00 
23503 	3.34 	1.50 	4.86 	0.00 	4.63 	0.00 
30265 	4.39 	1.94 	6.35 	0.00 	6.12 	0.00 
18859 	2.97 	1.31 	4.30 	0.00 	4.12 	0.00 
21561 	3.42 	1.51 	4.93 	0.00 	4.78 	0.00 
67523 	7.99 	3.52 	11.54 	0.00 	11.06 	0.00 
30623 	4.19 	1.84 	6.08 	0.00 	5.75 	0.00 
15161 	2.41 	1.08 	3.49 	0.00 	3.34 	0.00 
501519 	12.79 	5.75 	18.59 	0.00 	17.89 	0.00 
29043 	4.05 	1.77 	5.84 	0.00 	5.62 	0.00 
13800 	2.15 	0.94 	3.08 	0.00 	2.97 	0.00 
314243 	23.78 	10.66 	34.42 	0.00 	33.54 	0.00 
124232 	15.09 	6.77 	21.93 	0.00 	21.09 	0.00 
92405 	11.08 	4.94 	16.06 	0.00 	15.30 	0.00 
43983 	5.70 	2.55 	8.29 	0.00 	7.91 	0.00 
159650 	18.96 	8.50 	27.50 	0.00 	26.63 	0.00 
10623 	1.22 	0.54 	1.77 	0.00 	1.70 	0.00 
24915 	3.21 	1.41 	4.66 	0.00 	4.45 	0.00 
36262 	4.71 	2.09 	6.79 	0.00 	6.56 	0.00 
361856 	8.20 	3.69 	11.95 	0.00 	11.47 	0.00 
142123 	16.51 	7.39 	24.08 	0.00 	23.06 	0.00 
23891 	3.16 	1.41 	4.59 	0.00 	4.40 	0.00 
20787 	3.25 	1.45 	4.71 	0.00 	4.53 	0.00 
21487 	3.36 	1.49 	4.91 	0.00 	4.70 	0.00 
121785 	15.71 	7.01 	22.75 	0.00 	21.92 	0.00 
8147 	1.32 	0.58 	1.91 	0.00 	1.82 	0.00 
18736 	2.97 	1.33 	4.31 	0.00 	4.17 	0.00 
22350 	3.52 	1.56 	5.09 	0.00 	4.91 	0.00 
33663 	3.24 	1.43 	4.71 	0.00 	4.49 	0.00 
64268 	7.41 	3.28 	10.77 	0.00 	10.21 	0.00 
10394 	1.64 	0.73 	2.38 	0.00 	2.28 	0.00 
20460 	2.70 	1.19 	3.90 	0.00 	3.75 	0.00 
44259 	4.29 	1.92 	6.24 	0.00 	5.94 	0.00 
74197 	10.06 	4.46 	14.57 	0.00 	13.99 	0.00 
38567 	6.06 	2.64 	8.72 	0.00 	8.39 	0.00 
54454 	7.65 	3.37 	11.02 	0.00 	10.57 	0.00 
50198 	5.73 	2.56 	8.32 	0.00 	8.06 	0.00 
227785 	28.00 	12.43 	40.42 	0.00 	39.28 	0.00 
117603 	16.98 	7.52 	24.54 	0.00 	23.67 	0.00 
4451 	0.69 	0.31 	1.01 	0.00 	0.96 	0.00 
104181 	11.34 	5.04 	16.46 	0.00 	15.75 	0.00 
20691 	3.18 	1.42 	4.61 	0.00 	4.48 	0.00 
53512 	7.60 	3.32 	10.99 	0.00 	10.56 	0.00 
47484 	6.57 	2.92 	9.54 	0.00 	9.17 	0.00 
44125 	6.41 	2.83 	9.28 	0.00 	8.86 	0.00 
33646 	4.83 	2.13 	7.00 	0.00 	6.69 	0.00 
37449 	5.22 	2.30 	7.52 	0.00 	7.27 	0.00 
27646 	3.41 	1.52 	4.94 	0.00 	4.70 	0.00 
10369 	1.65 	0.74 	2.39 	0.00 	2.30 	0.00 
14423 	2.30 	1.02 	3.33 	0.00 	3.19 	0.00 
13567 	2.11 	0.94 	3.05 	0.00 	2.95 	0.00 
12698 	2.01 	0.90 	2.93 	0.00 	2.79 	0.00 
120684 	13.56 	6.02 	19.69 	0.00 	18.88 	0.00 
265356 	23.28 	10.30 	33.60 	0.00 	32.45 	0.00 
2503 	0.50 	0.22 	0.72 	0.00 	0.70 	0.00 
32000 	4.22 	1.85 	6.12 	0.00 	5.88 	0.00 
57538 	11.00 	4.84 	15.85 	0.00 	15.43 	0.00 
13495 	1.71 	0.75 	2.47 	0.00 	2.37 	0.00 
13703 	1.74 	0.76 	2.51 	0.00 	2.41 	0.00 
1591 	0.31 	0.14 	0.44 	0.00 	0.43 	0.00 
103962 	18.60 	8.19 	26.75 	0.00 	25.80 	0.00 
7733 	1.52 	0.66 	2.20 	0.00 	2.12 	0.00 
9407 	1.83 	0.81 	2.67 	0.00 	2.59 	0.00 
6401 	1.22 	0.55 	1.78 	0.00 	1.73 	0.00 
5327 	1.03 	0.46 	1.49 	0.00 	1.44 	0.00 
5129 	0.98 	0.43 	1.42 	0.00 	1.38 	0.00 
9114 	0.97 	0.43 	1.41 	0.00 	1.37 	0.00 
3595 	0.71 	0.31 	1.02 	0.00 	0.98 	0.00 
7526 	1.49 	0.66 	2.14 	0.00 	2.06 	0.00 
9251 	1.85 	0.80 	2.67 	0.00 	2.57 	0.00 
7515 	1.47 	0.65 	2.12 	0.00 	2.04 	0.00 
5929 	1.14 	0.50 	1.66 	0.00 	1.60 	0.00 
5458 	1.10 	0.47 	1.58 	0.00 	1.53 	0.00 
310399 	20.57 	9.18 	29.88 	0.00 	28.57 	0.00 
17462 	3.40 	1.50 	4.92 	0.00 	4.76 	0.00 
930 	0.18 	0.08 	0.26 	0.00 	0.25 	0.00 
1851 	0.35 	0.15 	0.51 	0.00 	0.49 	0.00 
4214 	0.81 	0.36 	1.17 	0.00 	1.13 	0.00 
105615 	18.65 	8.23 	27.12 	0.00 	26.05 	0.00 
2681 	0.53 	0.23 	0.76 	0.00 	0.73 	0.00 
111393 	13.54 	5.95 	19.56 	0.00 	18.75 	0.00 
160357 	23.28 	10.27 	33.82 	0.00 	32.31 	0.00 
18048 	2.98 	1.31 	4.29 	0.00 	4.16 	0.00 
36066 	4.97 	2.21 	7.23 	0.00 	6.98 	0.00 
53797 	8.84 	3.87 	12.76 	0.00 	12.32 	0.00 
39710 	6.58 	2.91 	9.53 	0.00 	9.20 	0.00 
33047 	5.46 	2.38 	7.87 	0.00 	7.63 	0.00 
205943 	29.88 	13.17 	43.22 	0.00 	41.54 	0.00 
72989 	11.74 	5.18 	16.93 	0.00 	16.37 	0.00 
292700 	35.15 	15.51 	50.59 	0.00 	49.11 	0.00 
31882 	5.41 	2.41 	7.82 	0.00 	7.61 	0.00 
56910 	9.57 	4.22 	13.88 	0.00 	13.42 	0.00 
126520 	18.24 	8.02 	26.34 	0.00 	25.40 	0.00 
40412 	6.35 	2.81 	9.16 	0.00 	8.87 	0.00 
35109 	5.80 	2.54 	8.38 	0.00 	8.01 	0.00 
60176 	9.84 	4.33 	14.18 	0.00 	13.79 	0.00 
76170 	10.86 	4.81 	15.73 	0.00 	15.14 	0.00 
249668 	34.50 	15.29 	49.85 	0.00 	48.05 	0.00 
30548 	5.93 	2.63 	8.57 	0.00 	8.32 	0.00 
256385 	34.48 	15.32 	49.95 	0.00 	47.86 	0.00 
312506 	30.34 	13.55 	44.26 	0.00 	42.81 	0.00 
20543 	4.04 	1.78 	5.83 	0.00 	5.63 	0.00 
1070521 	49.20 	21.87 	71.21 	0.00 	69.17 	0.00 
947907 	59.15 	26.15 	85.84 	0.00 	82.69 	0.00 
50695 	9.26 	4.09 	13.44 	0.00 	12.91 	0.00 
112834 	19.75 	8.73 	28.54 	0.00 	27.79 	0.00 
27158 	4.76 	2.09 	6.86 	0.00 	6.69 	0.00 
567793 	54.27 	24.05 	78.39 	0.00 	75.36 	0.00 
39190 	6.45 	2.86 	9.32 	0.00 	8.95 	0.00 
154868 	23.22 	10.22 	33.65 	0.00 	32.48 	0.00 
104382 	15.36 	6.79 	22.28 	0.00 	21.41 	0.00 
52826 	8.32 	3.67 	12.04 	0.00 	11.65 	0.00 
1490467 	63.16 	28.03 	91.33 	0.00 	87.97 	0.00 
94254 	15.79 	6.94 	22.78 	0.00 	21.99 	0.00 
34709 	6.77 	2.96 	9.76 	0.00 	9.35 	0.00 
174556 	27.12 	12.03 	39.42 	0.00 	37.93 	0.00 
108088 	19.26 	8.54 	27.88 	0.00 	26.92 	0.00 
157490 	22.38 	9.92 	32.36 	0.00 	31.25 	0.00 
33304 	5.26 	2.32 	7.65 	0.00 	7.36 	0.00 
249290 	35.94 	15.94 	52.15 	0.00 	50.46 	0.00 
12115 	1.55 	0.68 	2.24 	0.00 	2.19 	0.00 
700541 	62.34 	27.66 	90.28 	0.00 	87.36 	0.00 
553194 	67.85 	29.93 	98.42 	0.00 	94.58 	0.00 
754584 	13.93 	6.18 	20.23 	0.00 	19.56 	0.00 
882801 	106.26 	47.32 	153.54 	0.00 	148.65 	0.00 
151777 	22.22 	9.91 	32.27 	0.00 	31.19 	0.00 
616093 	62.42 	27.46 	90.46 	0.00 	87.28 	0.00 
19877 	3.27 	1.46 	4.73 	0.00 	4.57 	0.00 
783529 	65.22 	28.91 	94.45 	0.00 	91.01 	0.00 
83277 	14.43 	6.37 	20.79 	0.00 	20.08 	0.00 
486199 	47.50 	21.05 	68.74 	0.00 	66.34 	0.00 
185019 	27.26 	12.00 	39.30 	0.00 	38.23 	0.00 
1563730 	113.37 	49.92 	163.82 	0.00 	157.96 	0.00 
11309 	2.04 	0.90 	2.96 	0.00 	2.82 	0.00 
19182 	3.42 	1.49 	4.91 	0.00 	4.73 	0.00 
165137 	23.59 	10.47 	34.33 	0.00 	33.21 	0.00 
48022 	7.58 	3.32 	10.93 	0.00 	10.62 	0.00 
144243 	19.16 	8.51 	27.77 	0.00 	26.61 	0.00 
55602 	9.18 	4.05 	13.29 	0.00 	12.84 	0.00 
27612 	4.82 	2.11 	6.97 	0.00 	6.73 	0.00 
27574 	4.81 	2.14 	6.97 	0.00 	6.71 	0.00 
40774 	6.07 	2.69 	8.78 	0.00 	8.46 	0.00 
32760 	5.79 	2.57 	8.37 	0.00 	8.12 	0.00 
83291 	12.74 	5.60 	18.43 	0.00 	17.71 	0.00 
10059 	1.80 	0.79 	2.60 	0.00 	2.50 	0.00 
15065 	2.67 	1.18 	3.89 	0.00 	3.76 	0.00 
38710 	5.71 	2.50 	8.27 	0.00 	7.96 	0.00 
27386 	3.81 	1.68 	5.54 	0.00 	5.36 	0.00 
112120 	16.98 	7.52 	24.59 	0.00 	23.83 	0.00 
35334 	5.79 	2.55 	8.40 	0.00 	8.07 	0.00 
425657 	49.71 	22.23 	72.17 	0.00 	70.05 	0.00 
27497 	4.83 	2.14 	7.04 	0.00 	6.76 	0.00 
17106 	2.68 	1.18 	3.87 	0.00 	3.74 	0.00 
96097 	15.76 	6.96 	22.91 	0.00 	21.96 	0.00 
45401 	6.66 	2.91 	9.61 	0.00 	9.22 	0.00 
120947 	19.87 	8.73 	28.67 	0.00 	27.76 	0.00 
49600 	8.26 	3.65 	11.95 	0.00 	11.41 	0.00 
30665 	4.97 	2.20 	7.17 	0.00 	6.89 	0.00 
34245 	6.18 	2.72 	8.94 	0.00 	8.68 	0.00 
294570 	23.97 	10.72 	34.94 	0.00 	33.90 	0.00 
69018 	10.68 	4.75 	15.50 	0.00 	14.95 	0.00 
26169 	4.59 	2.03 	6.66 	0.00 	6.41 	0.00 
12189 	2.20 	0.98 	3.19 	0.00 	3.07 	0.00 
77729 	10.14 	4.44 	14.62 	0.00 	14.06 	0.00 
171997 	25.24 	11.01 	36.33 	0.00 	35.45 	0.00 
271572 	31.29 	14.05 	45.45 	0.00 	44.15 	0.00 
30804 	4.52 	1.98 	6.54 	0.00 	6.24 	0.00 
18484 	3.30 	1.45 	4.78 	0.00 	4.62 	0.00 
644521 	56.40 	24.87 	81.96 	0.00 	79.63 	0.00 
2216 	0.38 	0.17 	0.55 	0.00 	0.53 	0.00 
12386 	2.20 	0.97 	3.19 	0.00 	3.06 	0.00 
4138 	0.73 	0.32 	1.05 	0.00 	1.01 	0.00 
5068 	0.79 	0.35 	1.15 	0.00 	1.11 	0.00 
5255 	0.40 	0.18 	0.59 	0.00 	0.56 	0.00 
9722 	0.85 	0.37 	1.22 	0.00 	1.19 	0.00 
94298 	15.92 	7.06 	23.10 	0.00 	22.42 	0.00 
22989 	4.09 	1.81 	5.89 	0.00 	5.71 	0.00 
25273 	4.50 	2.00 	6.52 	0.00 	6.27 	0.00 
107183 	16.17 	7.07 	23.42 	0.00 	22.51 	0.00 
201737 	30.83 	13.72 	44.83 	0.00 	43.38 	0.00 
6955 	1.25 	0.55 	1.80 	0.00 	1.75 	0.00 
10976 	1.94 	0.86 	2.79 	0.00 	2.72 	0.00 
843307 	45.47 	20.16 	65.54 	0.00 	63.64 	0.00 
26112 	4.06 	1.79 	5.85 	0.00 	5.62 	0.00 
71916 	10.63 	4.72 	15.43 	0.00 	14.86 	0.00 
30658 	4.70 	2.03 	6.75 	0.00 	6.51 	0.00 
46573 	7.33 	3.21 	10.55 	0.00 	10.26 	0.00 
24112 	3.60 	1.58 	5.20 	0.00 	5.02 	0.00 
15821 	2.81 	1.23 	4.06 	0.00 	3.87 	0.00 
89062 	13.94 	6.13 	20.11 	0.00 	19.41 	0.00 
15966 	2.78 	1.23 	4.01 	0.00 	3.86 	0.00 
161707 	22.85 	10.11 	33.29 	0.00 	31.87 	0.00 
68503 	11.55 	5.07 	16.82 	0.00 	16.04 	0.00 
10261 	1.84 	0.81 	2.65 	0.00 	2.57 	0.00 
183927 	23.15 	10.21 	33.46 	0.00 	32.29 	0.00 
52222 	9.19 	4.05 	13.22 	0.00 	12.84 	0.00 
1191482 	108.12 	48.44 	156.86 	0.00 	152.64 	0.00 
27900 	4.91 	2.18 	7.12 	0.00 	6.90 	0.00 
23119 	4.11 	1.82 	5.92 	0.00 	5.73 	0.00 
9397 	1.68 	0.74 	2.43 	0.00 	2.35 	0.00 
6903 	1.21 	0.53 	1.75 	0.00 	1.66 	0.00 
25478 	4.48 	1.95 	6.44 	0.00 	6.19 	0.00 
9007 	1.59 	0.71 	2.31 	0.00 	2.22 	0.00 
26184 	4.59 	2.02 	6.64 	0.00 	6.39 	0.00 
287985 	35.90 	16.00 	52.15 	0.00 	50.54 	0.00 
13913 	2.45 	1.09 	3.54 	0.00 	3.44 	0.00 
25704 	4.59 	2.04 	6.62 	0.00 	6.43 	0.00 
210490 	24.18 	10.64 	35.00 	0.00 	33.85 	0.00 
172988 	21.98 	9.71 	31.72 	0.00 	30.44 	0.00 
65072 	10.23 	4.52 	14.83 	0.00 	14.36 	0.00 
64308 	10.71 	4.75 	15.53 	0.00 	14.94 	0.00 
45334 	7.93 	3.50 	11.43 	0.00 	11.04 	0.00 
8935 	1.59 	0.70 	2.30 	0.00 	2.22 	0.00 
75177 	11.84 	5.22 	17.10 	0.00 	16.52 	0.00 
58472 	10.42 	4.61 	15.10 	0.00 	14.58 	0.00 
81478 	14.42 	6.38 	20.97 	0.00 	20.14 	0.00 
368864 	37.21 	16.41 	54.05 	0.00 	52.26 	0.00 
1711509 	64.83 	28.75 	93.83 	0.00 	90.69 	0.00 
35803 	5.46 	2.43 	7.93 	0.00 	7.62 	0.00 
114800 	14.07 	6.27 	20.50 	0.00 	19.87 	0.00 
17877 	3.47 	1.54 	5.03 	0.00 	4.87 	0.00 
104616 	15.85 	7.07 	23.06 	0.00 	22.51 	0.00 
31039 	6.05 	2.66 	8.71 	0.00 	8.49 	0.00 
13098 	2.10 	0.92 	3.03 	0.00 	2.91 	0.00 
62686 	10.46 	4.62 	15.07 	0.00 	14.63 	0.00 
66321 	8.00 	3.53 	11.60 	0.00 	11.18 	0.00 
9366 	1.83 	0.81 	2.66 	0.00 	2.59 	0.00 
5376 	1.05 	0.46 	1.51 	0.00 	1.46 	0.00 
12444 	2.40 	1.05 	3.47 	0.00 	3.36 	0.00 
69804 	12.19 	5.30 	17.53 	0.00 	16.89 	0.00 
436663 	47.82 	21.30 	68.94 	0.00 	66.70 	0.00 
360690 	42.51 	19.12 	62.02 	0.00 	59.77 	0.00 
22328 	3.78 	1.68 	5.49 	0.00 	5.33 	0.00 
39733 	6.73 	2.96 	9.74 	0.00 	9.34 	0.00 
14833 	2.84 	1.27 	4.11 	0.00 	4.00 	0.00 
22630 	4.47 	1.97 	6.48 	0.00 	6.23 	0.00 
32717 	4.65 	2.06 	6.75 	0.00 	6.51 	0.00 
49531 	8.61 	3.83 	12.46 	0.00 	12.07 	0.00 
6334 	1.24 	0.56 	1.80 	0.00 	1.74 	0.00 
1238553 	74.04 	32.55 	106.43 	0.00 	103.49 	0.00 
20168 	3.58 	1.56 	5.17 	0.00 	4.98 	0.00 
22732 	4.48 	2.00 	6.52 	0.00 	6.28 	0.00 
35527 	6.47 	2.87 	9.35 	0.00 	9.07 	0.00 
43140 	7.42 	3.27 	10.74 	0.00 	10.35 	0.00 
48514 	8.91 	3.90 	12.90 	0.00 	12.40 	0.00 
10658 	2.10 	0.92 	3.02 	0.00 	2.93 	0.00 
17779 	3.47 	1.52 	5.01 	0.00 	4.80 	0.00 
45637 	7.26 	3.16 	10.42 	0.00 	10.13 	0.00 
4640 	0.89 	0.40 	1.29 	0.00 	1.24 	0.00 
14224 	2.41 	1.06 	3.49 	0.00 	3.35 	0.00 
7504 	1.48 	0.65 	2.15 	0.00 	2.05 	0.00 
11711 	2.33 	1.02 	3.36 	0.00 	3.23 	0.00 
4285 	0.85 	0.37 	1.23 	0.00 	1.18 	0.00 
49334 	8.49 	3.75 	12.25 	0.00 	11.92 	0.00 
617 	0.08 	0.03 	0.11 	0.00 	0.11 	0.00 
32005 	5.89 	2.62 	8.54 	0.00 	8.28 	0.00 
6156 	1.19 	0.52 	1.72 	0.00 	1.66 	0.00 
27819 	4.28 	1.89 	6.20 	0.00 	5.96 	0.00 
5910 	1.15 	0.51 	1.66 	0.00 	1.61 	0.00 
9849 	1.94 	0.86 	2.80 	0.00 	2.71 	0.00 
22063 	3.59 	1.58 	5.17 	0.00 	5.03 	0.00 
39867 	6.13 	2.70 	8.92 	0.00 	8.61 	0.00 
25359 	4.46 	1.97 	6.45 	0.00 	6.23 	0.00 
29327 	5.74 	2.52 	8.31 	0.00 	7.96 	0.00 
42241 	6.65 	2.93 	9.65 	0.00 	9.35 	0.00 
35770 	6.34 	2.80 	9.18 	0.00 	8.85 	0.00 
42070 	5.99 	2.64 	8.66 	0.00 	8.36 	0.00 
9140 	1.76 	0.78 	2.55 	0.00 	2.45 	0.00 
36241 	5.06 	2.20 	7.31 	0.00 	6.98 	0.00 
22967 	3.27 	1.45 	4.75 	0.00 	4.55 	0.00 
7160 	1.39 	0.61 	2.02 	0.00 	1.94 	0.00 
162404 	20.25 	9.02 	29.46 	0.00 	28.45 	0.00 
61626 	11.24 	4.92 	16.29 	0.00 	15.50 	0.00 
15045 	2.31 	1.02 	3.36 	0.00 	3.24 	0.00 
33023 	6.31 	2.78 	9.12 	0.00 	8.88 	0.00 
5465 	1.06 	0.47 	1.53 	0.00 	1.48 	0.00 
9862 	1.91 	0.85 	2.76 	0.00 	2.69 	0.00 
33917 	5.72 	2.54 	8.26 	0.00 	7.98 	0.00 
11724 	2.29 	1.00 	3.31 	0.00 	3.18 	0.00 
529625 	27.28 	12.12 	39.51 	0.00 	38.73 	0.00 
4302 	0.85 	0.37 	1.23 	0.00 	1.18 	0.00 
16922 	3.31 	1.46 	4.78 	0.00 	4.62 	0.00 
16445 	3.18 	1.41 	4.59 	0.00 	4.45 	0.00 
71992 	9.82 	4.37 	14.26 	0.00 	13.80 	0.00 
10657 	2.12 	0.93 	3.04 	0.00 	2.93 	0.00 
16443 	3.19 	1.40 	4.60 	0.00 	4.45 	0.00 
71554 	9.38 	4.11 	13.56 	0.00 	13.04 	0.00 
213586 	35.48 	15.57 	51.11 	0.00 	48.75 	0.00 
154544 	21.46 	9.54 	31.26 	0.00 	30.04 	0.00 
104964 	17.52 	7.69 	25.30 	0.00 	24.39 	0.00 
16240 	3.15 	1.40 	4.58 	0.00 	4.40 	0.00 
168236 	26.14 	11.55 	37.89 	0.00 	36.55 	0.00 
40168 	5.23 	2.32 	7.62 	0.00 	7.31 	0.00 
10322 	2.05 	0.91 	2.96 	0.00 	2.87 	0.00 
9791 	1.88 	0.83 	2.71 	0.00 	2.62 	0.00 
26940 	5.23 	2.33 	7.59 	0.00 	7.31 	0.00 
3627 	0.70 	0.31 	1.02 	0.00 	0.99 	0.00 
27236 	4.05 	1.80 	5.89 	0.00 	5.68 	0.00 
23364 	4.60 	2.01 	6.62 	0.00 	6.41 	0.00 
14780 	2.92 	1.30 	4.22 	0.00 	4.04 	0.00 
20485 	3.24 	1.43 	4.68 	0.00 	4.51 	0.00 
268670 	32.50 	14.53 	47.35 	0.00 	45.90 	0.00 
11685 	2.29 	1.02 	3.33 	0.00 	3.17 	0.00 
7010 	1.11 	0.48 	1.60 	0.00 	1.53 	0.00 
55565 	7.89 	3.47 	11.45 	0.00 	11.03 	0.00 
144307 	21.64 	9.42 	31.17 	0.00 	30.17 	0.00 
11021 	2.18 	0.96 	3.16 	0.00 	3.05 	0.00 
39409 	6.74 	3.01 	9.77 	0.00 	9.50 	0.00 
31073 	3.64 	1.62 	5.28 	0.00 	5.09 	0.00 
7965 	1.21 	0.54 	1.75 	0.00 	1.67 	0.00 
8877 	1.31 	0.58 	1.90 	0.00 	1.81 	0.00 
16135 	2.34 	1.03 	3.39 	0.00 	3.26 	0.00 
19774 	2.47 	1.09 	3.58 	0.00 	3.39 	0.00 
24408 	2.60 	1.15 	3.76 	0.00 	3.60 	0.00 
29399 	4.33 	1.93 	6.26 	0.00 	6.01 	0.00 
19208 	2.84 	1.25 	4.09 	0.00 	3.94 	0.00 
188982 	19.54 	8.74 	28.57 	0.00 	27.46 	0.00 
75474 	7.78 	3.47 	11.30 	0.00 	10.79 	0.00 
7821 	1.17 	0.52 	1.70 	0.00 	1.63 	0.00 
37270 	4.82 	2.13 	6.95 	0.00 	6.78 	0.00 
23475 	3.47 	1.54 	5.02 	0.00 	4.85 	0.00 
14484 	2.16 	0.95 	3.13 	0.00 	2.98 	0.00 
21026 	2.64 	1.18 	3.84 	0.00 	3.71 	0.00 
43609 	5.25 	2.32 	7.60 	0.00 	7.34 	0.00 
182837 	19.74 	8.93 	28.70 	0.00 	27.53 	0.00 
279814 	26.67 	11.89 	39.08 	0.00 	37.44 	0.00 
18179 	2.72 	1.21 	3.94 	0.00 	3.77 	0.00 
8736 	1.28 	0.57 	1.85 	0.00 	1.78 	0.00 
1192 	0.18 	0.08 	0.26 	0.00 	0.25 	0.00 
23284 	3.42 	1.50 	4.94 	0.00 	4.72 	0.00 
12694 	1.86 	0.82 	2.70 	0.00 	2.60 	0.00 
139731 	16.48 	7.34 	23.89 	0.00 	22.98 	0.00 
16783 	2.46 	1.09 	3.55 	0.00 	3.42 	0.00 
7012 	1.02 	0.45 	1.48 	0.00 	1.42 	0.00 
11817 	1.78 	0.79 	2.57 	0.00 	2.48 	0.00 
67074 	8.65 	3.83 	12.58 	0.00 	11.99 	0.00 
10340 	1.58 	0.70 	2.29 	0.00 	2.19 	0.00 
49614 	6.48 	2.88 	9.43 	0.00 	9.02 	0.00 
59907 	7.72 	3.45 	11.14 	0.00 	10.82 	0.00 
79287 	10.10 	4.46 	14.65 	0.00 	14.09 	0.00 
12798 	1.91 	0.85 	2.76 	0.00 	2.66 	0.00 
19296 	2.53 	1.12 	3.67 	0.00 	3.53 	0.00 
24288 	3.66 	1.62 	5.29 	0.00 	5.06 	0.00 
83739 	11.08 	4.94 	16.05 	0.00 	15.36 	0.00 
30030 	3.15 	1.39 	4.55 	0.00 	4.39 	0.00 
34611 	4.53 	2.00 	6.56 	0.00 	6.24 	0.00 
58235 	7.21 	3.20 	10.47 	0.00 	10.11 	0.00 
111454 	11.91 	5.31 	17.29 	0.00 	16.48 	0.00 
27291 	3.72 	1.66 	5.40 	0.00 	5.17 	0.00 
37198 	5.53 	2.48 	8.01 	0.00 	7.72 	0.00 
36679 	5.54 	2.42 	7.96 	0.00 	7.70 	0.00 
10409 	1.54 	0.69 	2.22 	0.00 	2.16 	0.00 
8835 	1.32 	0.58 	1.91 	0.00 	1.84 	0.00 
29548 	4.03 	1.79 	5.82 	0.00 	5.63 	0.00 
21280 	3.15 	1.40 	4.59 	0.00 	4.38 	0.00 
11124 	1.63 	0.73 	2.36 	0.00 	2.28 	0.00 
48558 	5.66 	2.55 	8.27 	0.00 	7.91 	0.00 
34757 	5.15 	2.28 	7.43 	0.00 	7.23 	0.00 
57207 	7.78 	3.46 	11.30 	0.00 	10.74 	0.00 
12088 	1.74 	0.78 	2.52 	0.00 	2.44 	0.00 
40032 	5.13 	2.27 	7.42 	0.00 	7.14 	0.00 
30597 	4.51 	2.01 	6.50 	0.00 	6.32 	0.00 
24496 	3.66 	1.63 	5.29 	0.00 	5.11 	0.00 
31628 	3.82 	1.71 	5.54 	0.00 	5.31 	0.00 
7075 	1.06 	0.47 	1.53 	0.00 	1.47 	0.00 
167739 	19.36 	8.61 	28.08 	0.00 	26.87 	0.00 
27745 	4.19 	1.85 	6.08 	0.00 	5.84 	0.00 
4398 	0.65 	0.29 	0.95 	0.00 	0.91 	0.00 
27090 	4.01 	1.78 	5.80 	0.00 	5.58 	0.00 
16240 	2.42 	1.07 	3.53 	0.00 	3.33 	0.00 
19055 	2.84 	1.25 	4.10 	0.00 	3.91 	0.00 
27559 	3.49 	1.56 	5.05 	0.00 	4.81 	0.00 
15347 	2.28 	1.00 	3.28 	0.00 	3.18 	0.00 
29624 	3.93 	1.73 	5.70 	0.00 	5.43 	0.00 
14718 	2.16 	0.97 	3.14 	0.00 	3.02 	0.00 
22198 	3.27 	1.43 	4.72 	0.00 	4.56 	0.00 
19368 	2.84 	1.25 	4.11 	0.00 	3.92 	0.00 
11086 	1.64 	0.72 	2.36 	0.00 	2.27 	0.00 
26910 	4.00 	1.77 	5.79 	0.00 	5.56 	0.00 
15225 	2.20 	0.97 	3.19 	0.00 	3.09 	0.00 
47596 	5.90 	2.62 	8.53 	0.00 	8.18 	0.00 
46889 	4.79 	2.17 	6.96 	0.00 	6.68 	0.00 
20206 	3.03 	1.34 	4.37 	0.00 	4.21 	0.00 
9839 	1.48 	0.65 	2.15 	0.00 	2.06 	0.00 
9473 	1.40 	0.62 	2.02 	0.00 	1.93 	0.00 
10459 	1.51 	0.67 	2.20 	0.00 	2.12 	0.00 
18687 	2.77 	1.22 	4.02 	0.00 	3.81 	0.00 
12486 	1.85 	0.82 	2.67 	0.00 	2.59 	0.00 
27462 	2.99 	1.34 	4.35 	0.00 	4.19 	0.00 
16526 	2.43 	1.07 	3.51 	0.00 	3.36 	0.00 
25669 	2.93 	1.31 	4.26 	0.00 	4.11 	0.00 
171992 	20.28 	9.04 	29.63 	0.00 	28.49 	0.00 
39109 	5.61 	2.47 	8.10 	0.00 	7.77 	0.00 
8415 	1.38 	0.61 	2.01 	0.00 	1.93 	0.00 
6222 	1.01 	0.45 	1.46 	0.00 	1.42 	0.00 
30012 	4.34 	1.92 	6.29 	0.00 	6.02 	0.00 
33385 	5.39 	2.36 	7.77 	0.00 	7.52 	0.00 
6599 	1.06 	0.46 	1.52 	0.00 	1.47 	0.00 
56051 	7.85 	3.45 	11.32 	0.00 	10.85 	0.00 
26767 	4.46 	1.97 	6.46 	0.00 	6.17 	0.00 
21323 	2.97 	1.32 	4.33 	0.00 	4.16 	0.00 
36096 	5.39 	2.38 	7.84 	0.00 	7.57 	0.00 
89823 	9.22 	4.10 	13.33 	0.00 	12.90 	0.00 
25892 	4.14 	1.83 	5.99 	0.00 	5.76 	0.00 
13632 	2.26 	1.00 	3.28 	0.00 	3.11 	0.00 
37823 	5.71 	2.53 	8.27 	0.00 	8.01 	0.00 
2113 	0.34 	0.15 	0.50 	0.00 	0.48 	0.00 
19185 	3.13 	1.39 	4.53 	0.00 	4.36 	0.00 
43225 	5.97 	2.67 	8.63 	0.00 	8.33 	0.00 
9644 	1.57 	0.70 	2.27 	0.00 	2.19 	0.00 
45504 	6.77 	3.00 	9.82 	0.00 	9.48 	0.00 
47063 	7.59 	3.38 	11.01 	0.00 	10.68 	0.00 
77828 	8.78 	3.87 	12.69 	0.00 	12.18 	0.00 
9017 	1.49 	0.65 	2.15 	0.00 	2.08 	0.00 
6356 	1.05 	0.47 	1.53 	0.00 	1.45 	0.00 
109257 	12.94 	5.73 	18.78 	0.00 	18.05 	0.00 
17815 	2.85 	1.25 	4.11 	0.00 	3.94 	0.00 
14005 	2.35 	1.04 	3.42 	0.00 	3.24 	0.00 
7599 	1.24 	0.55 	1.80 	0.00 	1.73 	0.00 
94860 	11.93 	5.25 	17.15 	0.00 	16.48 	0.00 
7037 	1.15 	0.51 	1.66 	0.00 	1.60 	0.00 
246776 	25.86 	11.65 	37.71 	0.00 	36.25 	0.00 
20242 	3.04 	1.34 	4.42 	0.00 	4.23 	0.00 
77121 	9.01 	4.07 	13.11 	0.00 	12.57 	0.00 
17822 	2.40 	1.07 	3.47 	0.00 	3.38 	0.00 
26229 	4.13 	1.83 	5.96 	0.00 	5.77 	0.00 
7919 	1.28 	0.57 	1.86 	0.00 	1.79 	0.00 
5471 	0.89 	0.39 	1.29 	0.00 	1.24 	0.00 
16952 	2.70 	1.21 	3.93 	0.00 	3.79 	0.00 
8596 	1.40 	0.62 	2.02 	0.00 	1.94 	0.00 
13837 	1.84 	0.81 	2.68 	0.00 	2.56 	0.00 
15931 	2.57 	1.14 	3.72 	0.00 	3.60 	0.00 
13967 	2.28 	1.00 	3.29 	0.00 	3.15 	0.00 
31420 	4.58 	2.01 	6.64 	0.00 	6.32 	0.00 
102648 	14.44 	6.34 	20.82 	0.00 	20.05 	0.00 
15060 	2.46 	1.08 	3.56 	0.00 	3.42 	0.00 
6721 	1.10 	0.49 	1.60 	0.00 	1.54 	0.00 
317346 	25.66 	11.41 	37.38 	0.00 	35.82 	0.00 
25310 	3.53 	1.55 	5.07 	0.00 	4.90 	0.00 
10148 	1.70 	0.75 	2.46 	0.00 	2.34 	0.00 
8957 	1.46 	0.65 	2.11 	0.00 	2.03 	0.00 
22241 	3.09 	1.37 	4.48 	0.00 	4.32 	0.00 
9763 	1.58 	0.70 	2.29 	0.00 	2.20 	0.00 
4757 	0.77 	0.34 	1.12 	0.00 	1.07 	0.00 
10092 	1.65 	0.72 	2.38 	0.00 	2.29 	0.00 
41507 	6.13 	2.72 	8.85 	0.00 	8.57 	0.00 
10581 	1.70 	0.75 	2.48 	0.00 	2.39 	0.00 
731928 	56.24 	24.99 	81.48 	0.00 	78.38 	0.00 
119716 	13.42 	5.95 	19.45 	0.00 	18.81 	0.00 
37004 	5.77 	2.58 	8.42 	0.00 	8.09 	0.00 
231742 	30.38 	13.58 	43.95 	0.00 	42.66 	0.00 
53878 	7.49 	3.31 	10.83 	0.00 	10.46 	0.00 
4084 	0.68 	0.30 	0.99 	0.00 	0.95 	0.00 
36396 	5.21 	2.31 	7.56 	0.00 	7.24 	0.00 
34124 	5.54 	2.44 	8.01 	0.00 	7.70 	0.00 
38973 	5.77 	2.55 	8.36 	0.00 	8.04 	0.00 
10042 	1.65 	0.74 	2.39 	0.00 	2.32 	0.00 
57313 	8.55 	3.77 	12.35 	0.00 	12.00 	0.00 
12384 	2.04 	0.91 	2.97 	0.00 	2.85 	0.00 
15356 	2.01 	0.88 	2.91 	0.00 	2.80 	0.00 
12236 	2.01 	0.88 	2.89 	0.00 	2.78 	0.00 
15488 	2.54 	1.14 	3.69 	0.00 	3.54 	0.00 
12355 	1.99 	0.88 	2.88 	0.00 	2.77 	0.00 
9246 	1.50 	0.67 	2.19 	0.00 	2.10 	0.00 
28101 	3.16 	1.41 	4.59 	0.00 	4.41 	0.00 
23460 	3.95 	1.74 	5.68 	0.00 	5.46 	0.00 
3758 	0.61 	0.27 	0.89 	0.00 	0.86 	0.00 
25055 	4.05 	1.79 	5.85 	0.00 	5.65 	0.00 
14633 	2.41 	1.07 	3.50 	0.00 	3.35 	0.00 
15766 	2.54 	1.12 	3.66 	0.00 	3.54 	0.00 
8857 	1.43 	0.63 	2.07 	0.00 	2.00 	0.00 
16964 	2.74 	1.21 	3.97 	0.00 	3.80 	0.00 
12179 	1.98 	0.88 	2.86 	0.00 	2.77 	0.00 
20603 	3.33 	1.48 	4.83 	0.00 	4.67 	0.00 
18224 	2.91 	1.28 	4.19 	0.00 	4.06 	0.00 
61527 	9.20 	4.04 	13.22 	0.00 	12.78 	0.00 
23745 	2.84 	1.25 	4.11 	0.00 	3.96 	0.00 
11148 	1.83 	0.80 	2.64 	0.00 	2.54 	0.00 
13815 	2.25 	1.01 	3.27 	0.00 	3.14 	0.00 
9707 	1.58 	0.70 	2.29 	0.00 	2.20 	0.00 
17654 	2.52 	1.11 	3.64 	0.00 	3.50 	0.00 
19166 	2.71 	1.20 	3.94 	0.00 	3.78 	0.00 
19744 	3.23 	1.44 	4.69 	0.00 	4.51 	0.00 
43014 	5.08 	2.25 	7.37 	0.00 	7.06 	0.00 
46998 	6.65 	2.95 	9.62 	0.00 	9.16 	0.00 
18383 	2.98 	1.32 	4.32 	0.00 	4.16 	0.00 
94674 	11.69 	5.18 	16.93 	0.00 	16.29 	0.00 
32318 	4.65 	2.04 	6.77 	0.00 	6.42 	0.00 
56452 	8.38 	3.72 	12.08 	0.00 	11.67 	0.00 
4873 	0.80 	0.35 	1.16 	0.00 	1.11 	0.00 
10890 	1.74 	0.78 	2.52 	0.00 	2.44 	0.00 
25566 	3.46 	1.53 	4.99 	0.00 	4.83 	0.00 
23427 	3.45 	1.54 	5.00 	0.00 	4.83 	0.00 
12378 	1.97 	0.89 	2.87 	0.00 	2.76 	0.00 
6540 	1.07 	0.47 	1.54 	0.00 	1.48 	0.00 
14336 	2.32 	1.02 	3.35 	0.00 	3.22 	0.00 
401153 	30.61 	13.68 	44.38 	0.00 	42.65 	0.00 
9830 	1.60 	0.71 	2.33 	0.00 	2.22 	0.00 
68600 	7.98 	3.55 	11.58 	0.00 	11.25 	0.00 
1342473 	63.38 	28.46 	92.25 	0.00 	89.84 	0.00 
18435 	3.09 	1.36 	4.47 	0.00 	4.27 	0.00 
23265 	2.82 	1.25 	4.08 	0.00 	3.94 	0.00 
4468 	0.71 	0.32 	1.04 	0.00 	1.01 	0.00 
4759 	0.79 	0.34 	1.13 	0.00 	1.08 	0.00 
9943 	1.60 	0.71 	2.31 	0.00 	2.23 	0.00 
1794 	0.29 	0.13 	0.43 	0.00 	0.41 	0.00 
9594 	1.55 	0.69 	2.24 	0.00 	2.16 	0.00 
9951 	1.12 	0.51 	1.64 	0.00 	1.58 	0.00 
3125 	0.51 	0.23 	0.74 	0.00 	0.71 	0.00 
12328 	1.63 	0.72 	2.37 	0.00 	2.27 	0.00 
104128 	14.43 	6.43 	20.98 	0.00 	19.99 	0.00 
105190 	12.17 	5.43 	17.73 	0.00 	17.08 	0.00 
1272 	0.20 	0.09 	0.29 	0.00 	0.29 	0.00 
14450 	2.03 	0.90 	2.93 	0.00 	2.82 	0.00 
900 	0.15 	0.07 	0.21 	0.00 	0.21 	0.00 
13908 	2.25 	1.00 	3.26 	0.00 	3.15 	0.00 
3401 	0.55 	0.24 	0.80 	0.00 	0.77 	0.00 
17097 	2.05 	0.92 	2.97 	0.00 	2.85 	0.00 
12943 	2.10 	0.94 	3.07 	0.00 	2.95 	0.00 
2152 	0.35 	0.15 	0.50 	0.00 	0.48 	0.00 
31669 	5.11 	2.26 	7.39 	0.00 	7.08 	0.00 
70806 	7.95 	3.53 	11.58 	0.00 	10.98 	0.00 
2581 	0.43 	0.19 	0.62 	0.00 	0.60 	0.00 
21467 	3.42 	1.51 	4.96 	0.00 	4.72 	0.00 
8572 	1.40 	0.62 	2.04 	0.00 	1.95 	0.00 
1786 	0.28 	0.12 	0.41 	0.00 	0.40 	0.00 
6803 	1.10 	0.48 	1.60 	0.00 	1.53 	0.00 
2021 	0.33 	0.15 	0.48 	0.00 	0.46 	0.00 
4664 	0.76 	0.34 	1.10 	0.00 	1.06 	0.00 
122498 	12.83 	5.70 	18.64 	0.00 	17.90 	0.00 
4885 	0.80 	0.36 	1.17 	0.00 	1.11 	0.00 
16753 	2.27 	1.00 	3.27 	0.00 	3.16 	0.00 
524 	0.09 	0.04 	0.12 	0.00 	0.12 	0.00 
4452 	0.71 	0.32 	1.03 	0.00 	0.99 	0.00 
6519 	1.02 	0.45 	1.48 	0.00 	1.43 	0.00 
1832 	0.31 	0.14 	0.44 	0.00 	0.42 	0.00 
7493 	1.26 	0.56 	1.83 	0.00 	1.75 	0.00 
6521 	1.06 	0.46 	1.53 	0.00 	1.48 	0.00 
1261 	0.21 	0.09 	0.30 	0.00 	0.29 	0.00 
44761 	6.77 	3.02 	9.80 	0.00 	9.53 	0.00 
10508 	1.32 	0.59 	1.91 	0.00 	1.84 	0.00 
11127 	1.81 	0.80 	2.62 	0.00 	2.52 	0.00 
9845 	1.59 	0.70 	2.29 	0.00 	2.22 	0.00 
12681 	2.03 	0.89 	2.94 	0.00 	2.82 	0.00 
3402 	0.55 	0.24 	0.80 	0.00 	0.77 	0.00 
36594 	3.74 	1.67 	5.45 	0.00 	5.23 	0.00 
10131 	1.61 	0.72 	2.34 	0.00 	2.26 	0.00 
3944 	0.65 	0.28 	0.93 	0.00 	0.90 	0.00 
11027 	1.78 	0.79 	2.58 	0.00 	2.48 	0.00 
6458 	1.04 	0.46 	1.51 	0.00 	1.46 	0.00 
5747 	0.94 	0.41 	1.36 	0.00 	1.30 	0.00 
728 	0.12 	0.05 	0.17 	0.00 	0.17 	0.00 
7817 	1.28 	0.57 	1.85 	0.00 	1.79 	0.00 
2297 	0.37 	0.16 	0.54 	0.00 	0.52 	0.00 
1088 	0.18 	0.08 	0.26 	0.00 	0.25 	0.00 
165945 	12.58 	5.56 	18.20 	0.00 	17.45 	0.00 
1177 	0.19 	0.08 	0.27 	0.00 	0.26 	0.00 
87597 	8.87 	3.95 	12.86 	0.00 	12.32 	0.00 
6178 	1.02 	0.45 	1.47 	0.00 	1.40 	0.00 
12560 	1.22 	0.55 	1.78 	0.00 	1.71 	0.00 
32399 	3.36 	1.48 	4.83 	0.00 	4.68 	0.00 
48896 	5.99 	2.65 	8.66 	0.00 	8.30 	0.00 
6780 	1.22 	0.54 	1.77 	0.00 	1.71 	0.00 
8333 	1.49 	0.66 	2.16 	0.00 	2.06 	0.00 
26359 	4.28 	1.89 	6.20 	0.00 	5.94 	0.00 
8865 	1.57 	0.70 	2.27 	0.00 	2.19 	0.00 
4059 	0.72 	0.32 	1.04 	0.00 	1.00 	0.00 
5743 	1.05 	0.46 	1.51 	0.00 	1.47 	0.00 
10360 	1.29 	0.57 	1.86 	0.00 	1.79 	0.00 
6575 	1.18 	0.52 	1.70 	0.00 	1.66 	0.00 
10877 	1.37 	0.60 	1.97 	0.00 	1.91 	0.00 
6714 	1.19 	0.53 	1.73 	0.00 	1.66 	0.00 
9095 	1.64 	0.72 	2.38 	0.00 	2.30 	0.00 
10998 	1.95 	0.86 	2.82 	0.00 	2.73 	0.00 
21902 	2.86 	1.26 	4.14 	0.00 	4.01 	0.00 
9508 	1.21 	0.53 	1.74 	0.00 	1.69 	0.00 
25090 	3.73 	1.64 	5.38 	0.00 	5.18 	0.00 
1956 	0.36 	0.16 	0.51 	0.00 	0.49 	0.00 
5835 	1.03 	0.46 	1.49 	0.00 	1.45 	0.00 
38044 	4.12 	1.84 	5.97 	0.00 	5.79 	0.00 
597243 	23.63 	10.65 	34.47 	0.00 	33.11 	0.00 
1974 	0.35 	0.15 	0.50 	0.00 	0.49 	0.00 
480 	0.09 	0.04 	0.13 	0.00 	0.12 	0.00 
5857 	1.04 	0.46 	1.49 	0.00 	1.45 	0.00 
3214 	0.57 	0.25 	0.82 	0.00 	0.78 	0.00 
2748 	0.49 	0.22 	0.71 	0.00 	0.68 	0.00 
5055 	0.89 	0.39 	1.29 	0.00 	1.25 	0.00 
22758 	3.22 	1.42 	4.65 	0.00 	4.47 	0.00 
2046 	0.37 	0.16 	0.53 	0.00 	0.51 	0.00 
2163 	0.39 	0.17 	0.56 	0.00 	0.54 	0.00 
2069 	0.36 	0.16 	0.53 	0.00 	0.51 	0.00 
597 	0.11 	0.05 	0.16 	0.00 	0.15 	0.00 
2552 	0.45 	0.20 	0.65 	0.00 	0.63 	0.00 
666 	0.12 	0.05 	0.17 	0.00 	0.17 	0.00 
62217 	6.62 	2.93 	9.58 	0.00 	9.23 	0.00 
9310 	1.68 	0.74 	2.43 	0.00 	2.34 	0.00 
3348 	0.61 	0.27 	0.89 	0.00 	0.86 	0.00 
1040 	0.19 	0.08 	0.27 	0.00 	0.26 	0.00 
2862 	0.51 	0.23 	0.74 	0.00 	0.71 	0.00 
10427 	1.86 	0.82 	2.69 	0.00 	2.61 	0.00 
746 	0.14 	0.06 	0.20 	0.00 	0.19 	0.00 
6379 	1.13 	0.50 	1.64 	0.00 	1.58 	0.00 
7527 	1.35 	0.60 	1.96 	0.00 	1.88 	0.00 
5631 	1.01 	0.44 	1.46 	0.00 	1.42 	0.00 
464 	0.08 	0.04 	0.12 	0.00 	0.12 	0.00 
6560 	1.17 	0.51 	1.68 	0.00 	1.63 	0.00 
8464 	1.51 	0.67 	2.19 	0.00 	2.11 	0.00 
799 	0.14 	0.06 	0.21 	0.00 	0.20 	0.00 
3852 	0.69 	0.30 	0.99 	0.00 	0.95 	0.00 
8747 	1.55 	0.68 	2.22 	0.00 	2.16 	0.00 
307176 	17.79 	7.86 	25.83 	0.00 	24.60 	0.00 
37998 	4.47 	1.97 	6.51 	0.00 	6.22 	0.00 
778 	0.14 	0.06 	0.20 	0.00 	0.19 	0.00 
635 	0.11 	0.05 	0.17 	0.00 	0.16 	0.00 
35718 	4.34 	1.92 	6.27 	0.00 	6.02 	0.00 
5475 	0.95 	0.42 	1.38 	0.00 	1.33 	0.00 
557 	0.10 	0.04 	0.15 	0.00 	0.14 	0.00 
7984 	1.46 	0.65 	2.11 	0.00 	2.04 	0.00 
5067 	0.92 	0.40 	1.33 	0.00 	1.27 	0.00 
3753 	0.68 	0.30 	0.98 	0.00 	0.94 	0.00 
7381 	1.32 	0.58 	1.92 	0.00 	1.84 	0.00 
4475 	0.82 	0.36 	1.18 	0.00 	1.12 	0.00 
16333 	2.47 	1.08 	3.57 	0.00 	3.46 	0.00 
2756 	0.49 	0.22 	0.71 	0.00 	0.69 	0.00 
2987 	0.54 	0.24 	0.78 	0.00 	0.75 	0.00 
9298 	1.30 	0.57 	1.88 	0.00 	1.80 	0.00 
11392 	1.39 	0.62 	2.01 	0.00 	1.95 	0.00 
7259 	1.33 	0.58 	1.91 	0.00 	1.85 	0.00 
33779 	4.24 	1.88 	6.16 	0.00 	5.93 	0.00 
5477 	0.98 	0.43 	1.42 	0.00 	1.37 	0.00 
11262 	1.37 	0.61 	1.97 	0.00 	1.90 	0.00 
8241 	1.47 	0.65 	2.13 	0.00 	2.06 	0.00 
1510 	0.27 	0.12 	0.39 	0.00 	0.38 	0.00 
14760 	2.20 	0.97 	3.18 	0.00 	3.05 	0.00 
185463 	15.32 	6.82 	22.26 	0.00 	21.32 	0.00 
21730 	3.88 	1.73 	5.66 	0.00 	5.45 	0.00 
38170 	5.02 	2.23 	7.32 	0.00 	6.95 	0.00 
2060 	0.37 	0.17 	0.54 	0.00 	0.52 	0.00 
17363 	2.59 	1.15 	3.76 	0.00 	3.64 	0.00 
5455 	0.98 	0.43 	1.41 	0.00 	1.36 	0.00 
3201 	0.58 	0.26 	0.84 	0.00 	0.81 	0.00 
1278 	0.23 	0.10 	0.33 	0.00 	0.32 	0.00 
6254 	1.13 	0.50 	1.63 	0.00 	1.57 	0.00 
5118 	0.93 	0.41 	1.35 	0.00 	1.30 	0.00 
640 	0.12 	0.05 	0.17 	0.00 	0.16 	0.00 
7151 	1.29 	0.57 	1.87 	0.00 	1.79 	0.00 
4271 	0.76 	0.33 	1.10 	0.00 	1.06 	0.00 
21305 	3.25 	1.46 	4.71 	0.00 	4.56 	0.00 
3124 	0.57 	0.25 	0.82 	0.00 	0.79 	0.00 
10016 	1.41 	0.62 	2.04 	0.00 	1.98 	0.00 
3887 	0.69 	0.30 	1.00 	0.00 	0.97 	0.00 
808 	0.15 	0.06 	0.21 	0.00 	0.21 	0.00 
13805 	1.83 	0.81 	2.64 	0.00 	2.56 	0.00 
43712 	3.24 	1.43 	4.69 	0.00 	4.49 	0.00 
1785 	0.29 	0.13 	0.42 	0.00 	0.40 	0.00 
18298 	3.08 	1.38 	4.46 	0.00 	4.28 	0.00 
1441 	0.23 	0.10 	0.33 	0.00 	0.32 	0.00 
14898 	2.43 	1.08 	3.52 	0.00 	3.41 	0.00 
2084 	0.34 	0.15 	0.49 	0.00 	0.47 	0.00 
969 	0.16 	0.07 	0.23 	0.00 	0.22 	0.00 
447759 	27.95 	12.45 	40.59 	0.00 	39.16 	0.00 
3175 	0.51 	0.23 	0.74 	0.00 	0.71 	0.00 
7753 	1.26 	0.56 	1.81 	0.00 	1.75 	0.00 
2589737 	67.60 	29.62 	97.21 	0.00 	94.02 	0.00 
15092 	2.46 	1.09 	3.56 	0.00 	3.45 	0.00 
15582 	2.53 	1.12 	3.65 	0.00 	3.52 	0.00 
243 	0.04 	0.02 	0.06 	0.00 	0.05 	0.00 
652 	0.10 	0.05 	0.15 	0.00 	0.14 	0.00 
5139 	0.83 	0.37 	1.20 	0.00 	1.16 	0.00 
1777 	0.28 	0.12 	0.41 	0.00 	0.39 	0.00 
65919 	11.09 	4.91 	16.09 	0.00 	15.54 	0.00 
100320 	16.15 	7.08 	23.24 	0.00 	22.21 	0.00 
1119642 	64.99 	28.63 	94.10 	0.00 	90.84 	0.00 
462989 	44.18 	19.41 	64.06 	0.00 	61.27 	0.00 
51772 	6.77 	2.96 	9.76 	0.00 	9.46 	0.00 
208048 	29.92 	13.15 	43.37 	0.00 	41.34 	0.00 
190912 	13.74 	6.09 	19.91 	0.00 	19.32 	0.00 
127843 	15.47 	6.84 	22.50 	0.00 	21.58 	0.00 
129598 	16.07 	7.01 	23.15 	0.00 	22.39 	0.00 
48892 	6.89 	3.00 	9.92 	0.00 	9.60 	0.00 
35893 	5.39 	2.37 	7.76 	0.00 	7.50 	0.00 
7673 	1.28 	0.57 	1.85 	0.00 	1.80 	0.00 
19106 	3.20 	1.41 	4.62 	0.00 	4.47 	0.00 
4724025 	149.54 	66.76 	217.20 	0.00 	212.00 	0.00 
199299 	21.55 	9.54 	31.07 	0.00 	30.05 	0.00 
63703 	11.76 	5.17 	17.01 	0.00 	16.38 	0.00 
46595 	8.47 	3.78 	12.31 	0.00 	11.87 	0.00 
51054 	9.76 	4.28 	14.09 	0.00 	13.65 	0.00 
81199 	14.27 	6.34 	20.67 	0.00 	19.94 	0.00 
34495 	6.16 	2.73 	8.90 	0.00 	8.61 	0.00 
95089 	17.54 	7.71 	25.45 	0.00 	24.55 	0.00 
426547 	55.78 	24.59 	80.94 	0.00 	77.71 	0.00 
156357 	27.43 	12.12 	39.72 	0.00 	38.20 	0.00 
315068 	53.10 	23.17 	76.29 	0.00 	74.29 	0.00 
130310 	19.46 	8.57 	28.25 	0.00 	27.20 	0.00 
248387 	31.07 	13.72 	44.96 	0.00 	43.60 	0.00 
115754 	20.23 	9.00 	29.25 	0.00 	28.20 	0.00 
393656 	30.54 	13.49 	44.14 	0.00 	42.58 	0.00 
855081 	45.73 	20.29 	66.56 	0.00 	64.14 	0.00 
658498 	66.44 	29.60 	96.60 	0.00 	92.86 	0.00 
499744 	58.24 	25.82 	84.29 	0.00 	82.29 	0.00 
602216 	49.28 	21.76 	71.51 	0.00 	69.20 	0.00 
512500 	23.05 	10.25 	33.50 	0.00 	32.42 	0.00 
58869 	11.14 	4.85 	16.11 	0.00 	15.36 	0.00 
342911 	34.73 	15.28 	50.22 	0.00 	48.58 	0.00 
133250 	24.10 	10.71 	34.89 	0.00 	33.95 	0.00 
958065 	39.30 	17.41 	57.05 	0.00 	54.41 	0.00 
566568 	14.68 	6.60 	21.30 	0.00 	20.60 	0.00 
105216 	15.49 	6.85 	22.43 	0.00 	21.76 	0.00 
460218 	52.38 	23.25 	75.95 	0.00 	73.04 	0.00 
533032 	30.75 	13.49 	44.44 	0.00 	42.66 	0.00 
84184 	12.92 	5.70 	18.73 	0.00 	18.01 	0.00 
141872 	20.31 	9.00 	29.40 	0.00 	28.15 	0.00 
817827 	24.70 	10.96 	35.82 	0.00 	34.74 	0.00 
302746 	37.54 	16.72 	54.75 	0.00 	52.25 	0.00 
662952 	12.26 	5.42 	17.79 	0.00 	16.96 	0.00 
802739 	26.32 	11.83 	38.33 	0.00 	37.06 	0.00 
26766 	3.63 	1.60 	5.25 	0.00 	5.02 	0.00 
4319 	0.69 	0.31 	1.00 	0.00 	0.95 	0.00 
604 	0.09 	0.04 	0.14 	0.00 	0.13 	0.00 
4234 	0.67 	0.29 	0.97 	0.00 	0.93 	0.00 
62817 	6.47 	2.86 	9.33 	0.00 	9.01 	0.00 
19219 	3.03 	1.34 	4.37 	0.00 	4.22 	0.00 
16159 	1.64 	0.73 	2.37 	0.00 	2.28 	0.00 
23177 	2.72 	1.21 	3.94 	0.00 	3.79 	0.00 
64877 	9.22 	4.07 	13.28 	0.00 	12.86 	0.00 
4411 	0.70 	0.31 	1.01 	0.00 	0.97 	0.00 
3497 	0.55 	0.24 	0.79 	0.00 	0.76 	0.00 
58603 	7.04 	3.16 	10.22 	0.00 	9.84 	0.00 
8043 	1.24 	0.56 	1.81 	0.00 	1.75 	0.00 
36281 	5.22 	2.33 	7.56 	0.00 	7.29 	0.00 
18857 	2.09 	0.94 	3.05 	0.00 	2.91 	0.00 
125107 	16.49 	7.32 	23.89 	0.00 	22.54 	0.00 
26719 	3.22 	1.43 	4.63 	0.00 	4.50 	0.00 
163808 	13.79 	6.15 	19.98 	0.00 	19.40 	0.00 
138099 	15.96 	7.00 	22.96 	0.00 	22.13 	0.00 
10690 	1.68 	0.74 	2.43 	0.00 	2.34 	0.00 
16486 	2.13 	0.93 	3.07 	0.00 	2.94 	0.00 
61824 	6.09 	2.70 	8.83 	0.00 	8.46 	0.00 
31275 	4.96 	2.21 	7.17 	0.00 	6.85 	0.00 
14927 	2.34 	1.03 	3.38 	0.00 	3.23 	0.00 
4310 	0.68 	0.30 	0.98 	0.00 	0.94 	0.00 
73869 	9.69 	4.30 	14.06 	0.00 	13.58 	0.00 
25633 	3.52 	1.57 	5.11 	0.00 	4.91 	0.00 
12540 	1.95 	0.87 	2.82 	0.00 	2.73 	0.00 
45774 	4.40 	1.95 	6.37 	0.00 	6.08 	0.00 
1804 	0.28 	0.12 	0.41 	0.00 	0.39 	0.00 
208581 	18.95 	8.43 	27.52 	0.00 	26.57 	0.00 
50282 	5.13 	2.29 	7.45 	0.00 	7.16 	0.00 
318587 	31.57 	14.08 	45.75 	0.00 	44.27 	0.00 
82228 	14.01 	6.16 	20.28 	0.00 	19.47 	0.00 
62275 	11.45 	5.06 	16.59 	0.00 	16.01 	0.00 
49095 	7.72 	3.42 	11.14 	0.00 	10.74 	0.00 
47124 	9.17 	4.03 	13.26 	0.00 	12.90 	0.00 
313125 	48.19 	21.15 	69.48 	0.00 	66.98 	0.00 
888745 	71.16 	31.50 	102.62 	0.00 	100.02 	0.00 
39342 	7.47 	3.33 	10.84 	0.00 	10.51 	0.00 
50375 	8.96 	3.92 	12.95 	0.00 	12.58 	0.00 
55102 	8.78 	3.86 	12.67 	0.00 	12.20 	0.00 
58972 	10.16 	4.49 	14.74 	0.00 	14.34 	0.00 
47923 	9.34 	4.10 	13.44 	0.00 	12.97 	0.00 
49073 	9.27 	4.05 	13.37 	0.00 	12.87 	0.00 
4673 	0.93 	0.41 	1.36 	0.00 	1.31 	0.00 
64455 	11.32 	4.96 	16.33 	0.00 	15.66 	0.00 
115195 	19.33 	8.47 	28.01 	0.00 	26.76 	0.00 
2585898 	48.19 	21.44 	69.61 	0.00 	66.60 	0.00 
7216 	1.22 	0.53 	1.77 	0.00 	1.70 	0.00 
26978 	5.22 	2.30 	7.51 	0.00 	7.25 	0.00 
64951 	12.21 	5.42 	17.66 	0.00 	17.16 	0.00 
74017 	13.84 	6.15 	20.07 	0.00 	19.40 	0.00 
759206 	78.00 	34.51 	113.04 	0.00 	109.09 	0.00 
1429745 	28.20 	12.47 	40.76 	0.00 	38.78 	0.00 
49811 	8.31 	3.66 	12.00 	0.00 	11.69 	0.00 
1385470 	44.36 	19.53 	64.20 	0.00 	61.26 	0.00 
1623366 	30.29 	13.39 	44.04 	0.00 	42.14 	0.00 
210280 	24.85 	10.92 	35.90 	0.00 	34.26 	0.00 
231703 	34.41 	15.13 	49.63 	0.00 	47.87 	0.00 
480250 	50.48 	22.22 	73.07 	0.00 	70.52 	0.00 
109554 	18.25 	8.06 	26.52 	0.00 	25.50 	0.00 
388325 	54.29 	23.93 	78.53 	0.00 	75.91 	0.00 
41605 	7.24 	3.17 	10.44 	0.00 	10.13 	0.00 
119362 	20.92 	9.19 	30.24 	0.00 	29.29 	0.00 
198659 	25.96 	11.47 	37.48 	0.00 	36.26 	0.00 
61458 	10.84 	4.82 	15.70 	0.00 	15.21 	0.00 
102107 	16.61 	7.37 	24.21 	0.00 	23.29 	0.00 
2286686 	45.07 	19.89 	65.58 	0.00 	62.06 	0.00 
166830 	22.15 	9.86 	32.03 	0.00 	31.04 	0.00 
488462 	9.28 	4.11 	13.43 	0.00 	12.79 	0.00 
326437 	30.14 	13.32 	43.69 	0.00 	42.00 	0.00 
109993 	18.66 	8.22 	26.97 	0.00 	26.31 	0.00 
226594 	35.88 	15.91 	51.66 	0.00 	50.09 	0.00 
163470 	13.19 	5.86 	19.11 	0.00 	18.55 	0.00 
32656 	6.47 	2.89 	9.35 	0.00 	9.05 	0.00 
78409 	14.36 	6.32 	20.85 	0.00 	20.18 	0.00 
17908 	3.54 	1.55 	5.07 	0.00 	4.92 	0.00 
35513 	6.50 	2.87 	9.38 	0.00 	9.12 	0.00 
98001 	16.63 	7.29 	24.04 	0.00 	22.90 	0.00 
1546456 	121.85 	53.63 	176.21 	0.00 	168.99 	0.00 
77848 	14.84 	6.52 	21.41 	0.00 	20.66 	0.00 
50242 	9.00 	4.01 	13.02 	0.00 	12.59 	0.00 
102098 	16.15 	7.16 	23.41 	0.00 	22.48 	0.00 
183921 	32.84 	14.62 	47.51 	0.00 	45.66 	0.00 
65013 	9.94 	4.37 	14.38 	0.00 	13.85 	0.00 
64765 	12.24 	5.41 	17.74 	0.00 	17.00 	0.00 
78197 	12.72 	5.64 	18.52 	0.00 	17.79 	0.00 
93926 	17.23 	7.58 	24.96 	0.00 	24.00 	0.00 
973668 	61.14 	27.10 	88.57 	0.00 	85.96 	0.00 
41497 	7.71 	3.41 	11.15 	0.00 	10.71 	0.00 
25307 	4.92 	2.16 	7.09 	0.00 	6.86 	0.00 
131603 	21.07 	9.31 	30.43 	0.00 	29.61 	0.00 
87007 	11.80 	5.21 	16.95 	0.00 	16.43 	0.00 
49653 	9.24 	4.12 	13.33 	0.00 	12.96 	0.00 
158063 	20.29 	9.05 	29.34 	0.00 	28.25 	0.00 
125987 	18.88 	8.27 	27.30 	0.00 	26.23 	0.00 
18043 	2.97 	1.31 	4.31 	0.00 	4.15 	0.00 
274367 	35.35 	15.75 	51.08 	0.00 	49.73 	0.00 
92595 	13.81 	6.07 	19.95 	0.00 	19.30 	0.00 
211371 	24.73 	11.02 	35.88 	0.00 	35.10 	0.00 
85681 	12.10 	5.35 	17.51 	0.00 	16.67 	0.00 
11354 	1.85 	0.82 	2.67 	0.00 	2.60 	0.00 
69211 	10.07 	4.44 	14.54 	0.00 	14.14 	0.00 
24016 	3.94 	1.73 	5.69 	0.00 	5.45 	0.00 
160069 	21.69 	9.48 	31.23 	0.00 	30.10 	0.00 
70809 	11.33 	5.00 	16.41 	0.00 	15.76 	0.00 
38802 	6.49 	2.85 	9.37 	0.00 	9.01 	0.00 
28766 	4.59 	2.06 	6.67 	0.00 	6.42 	0.00 
14990 	2.52 	1.11 	3.65 	0.00 	3.52 	0.00 
11348 	1.87 	0.84 	2.70 	0.00 	2.62 	0.00 
100195 	14.62 	6.48 	21.22 	0.00 	20.49 	0.00 
59563 	9.82 	4.31 	14.11 	0.00 	13.64 	0.00 
108582 	14.19 	6.26 	20.51 	0.00 	19.75 	0.00 
340395 	38.71 	17.29 	56.20 	0.00 	54.59 	0.00 
25739 	4.23 	1.86 	6.14 	0.00 	5.89 	0.00 
35304 	5.51 	2.42 	7.97 	0.00 	7.70 	0.00 
172596 	26.36 	11.68 	38.26 	0.00 	36.69 	0.00 
11309 	1.88 	0.84 	2.73 	0.00 	2.62 	0.00 
43914 	7.36 	3.23 	10.64 	0.00 	10.20 	0.00 
62377 	10.18 	4.49 	14.72 	0.00 	14.29 	0.00 
321629 	30.90 	13.79 	44.97 	0.00 	43.43 	0.00 
57649 	8.35 	3.70 	12.05 	0.00 	11.61 	0.00 
396569 	43.25 	19.09 	62.49 	0.00 	60.67 	0.00 
66363 	11.09 	4.88 	16.07 	0.00 	15.39 	0.00 
237075 	24.49 	10.88 	35.48 	0.00 	34.34 	0.00 
12883 	2.14 	0.94 	3.09 	0.00 	2.95 	0.00 
9306 	1.55 	0.69 	2.25 	0.00 	2.17 	0.00 
64817 	9.67 	4.32 	14.05 	0.00 	13.50 	0.00 
27758 	4.56 	2.02 	6.60 	0.00 	6.36 	0.00 
22404 	3.65 	1.60 	5.27 	0.00 	5.10 	0.00 
555550 	51.61 	22.97 	75.19 	0.00 	72.55 	0.00 
54359 	8.18 	3.60 	11.82 	0.00 	11.27 	0.00 
126324 	18.52 	8.20 	26.86 	0.00 	25.93 	0.00 
61326 	9.10 	4.00 	13.17 	0.00 	12.73 	0.00 
122497 	16.88 	7.51 	24.52 	0.00 	23.43 	0.00 
25705 	4.35 	1.92 	6.27 	0.00 	6.01 	0.00 
52837 	6.81 	3.02 	9.84 	0.00 	9.56 	0.00 
5845 	0.98 	0.43 	1.42 	0.00 	1.37 	0.00 
184559 	26.03 	11.62 	38.03 	0.00 	36.34 	0.00 
28575 	4.76 	2.11 	6.92 	0.00 	6.61 	0.00 
43190 	6.78 	2.97 	9.81 	0.00 	9.41 	0.00 
198595 	29.31 	13.00 	42.33 	0.00 	40.91 	0.00 
10212 	1.67 	0.74 	2.42 	0.00 	2.32 	0.00 
62059 	8.60 	3.80 	12.44 	0.00 	11.96 	0.00 
60139 	8.65 	3.79 	12.48 	0.00 	11.98 	0.00 
87979 	13.33 	5.88 	19.24 	0.00 	18.74 	0.00 
35657 	5.84 	2.58 	8.47 	0.00 	8.17 	0.00 
21551 	3.70 	1.62 	5.34 	0.00 	5.14 	0.00 
24425 	3.97 	1.77 	5.75 	0.00 	5.58 	0.00 
46406 	7.05 	3.15 	10.22 	0.00 	9.99 	0.00 
17958 	2.96 	1.31 	4.29 	0.00 	4.15 	0.00 
1147755 	91.95 	41.35 	133.65 	0.00 	127.79 	0.00 
15816 	2.67 	1.17 	3.86 	0.00 	3.71 	0.00 
28420 	4.82 	2.14 	7.02 	0.00 	6.71 	0.00 
93627 	14.68 	6.45 	21.19 	0.00 	20.37 	0.00 
99484 	14.71 	6.47 	21.19 	0.00 	20.58 	0.00 
220637 	18.63 	8.29 	27.10 	0.00 	26.03 	0.00 
22377 	3.72 	1.64 	5.39 	0.00 	5.21 	0.00 
189338 	24.24 	10.69 	35.21 	0.00 	33.66 	0.00 
153590 	17.69 	7.85 	25.72 	0.00 	24.58 	0.00 
13232 	2.15 	0.96 	3.12 	0.00 	3.02 	0.00 
49012 	7.50 	3.33 	10.80 	0.00 	10.44 	0.00 
43093 	5.55 	2.46 	8.01 	0.00 	7.76 	0.00 
56182 	9.31 	4.14 	13.53 	0.00 	12.98 	0.00 
14275 	2.38 	1.05 	3.44 	0.00 	3.29 	0.00 
41272 	6.25 	2.75 	9.07 	0.00 	8.73 	0.00 
182969 	22.13 	9.84 	32.04 	0.00 	30.83 	0.00 
21478 	3.60 	1.59 	5.21 	0.00 	5.03 	0.00 
147161 	22.34 	9.85 	32.36 	0.00 	30.97 	0.00 
47084 	6.72 	2.99 	9.73 	0.00 	9.35 	0.00 
139506 	22.05 	9.69 	31.83 	0.00 	30.50 	0.00 
95271 	14.29 	6.33 	20.71 	0.00 	19.95 	0.00 
21941 	3.62 	1.59 	5.23 	0.00 	5.04 	0.00 
140399 	21.10 	9.29 	30.37 	0.00 	29.46 	0.00 
70261 	10.81 	4.77 	15.69 	0.00 	14.98 	0.00 
65451 	10.47 	4.65 	15.24 	0.00 	14.65 	0.00 
36476 	5.38 	2.40 	7.77 	0.00 	7.50 	0.00 
62200 	9.47 	4.25 	13.80 	0.00 	13.35 	0.00 
48738 	7.67 	3.41 	11.09 	0.00 	10.64 	0.00 
75242 	11.90 	5.27 	17.22 	0.00 	16.51 	0.00 
14606 	2.42 	1.08 	3.52 	0.00 	3.38 	0.00 
34827 	5.26 	2.34 	7.63 	0.00 	7.38 	0.00 
4515 	0.74 	0.33 	1.07 	0.00 	1.04 	0.00 
36451 	6.09 	2.67 	8.80 	0.00 	8.50 	0.00 
260823 	31.96 	14.07 	46.40 	0.00 	44.57 	0.00 
46245 	6.35 	2.81 	9.19 	0.00 	9.00 	0.00 
1258774 	97.01 	43.14 	141.02 	0.00 	135.19 	0.00 
22055 	3.64 	1.60 	5.28 	0.00 	5.08 	0.00 
13172 	2.21 	0.99 	3.21 	0.00 	3.10 	0.00 
54668 	7.91 	3.48 	11.41 	0.00 	11.09 	0.00 
127226 	19.51 	8.59 	28.17 	0.00 	27.42 	0.00 
70956 	11.78 	5.21 	17.05 	0.00 	16.43 	0.00 
85251 	10.70 	4.77 	15.54 	0.00 	14.86 	0.00 
39454 	6.67 	2.93 	9.66 	0.00 	9.24 	0.00 
2592 	0.47 	0.21 	0.68 	0.00 	0.66 	0.00 
4267 	0.78 	0.34 	1.12 	0.00 	1.08 	0.00 
5843 	1.04 	0.46 	1.50 	0.00 	1.45 	0.00 
2280 	0.40 	0.17 	0.57 	0.00 	0.55 	0.00 
4001 	0.70 	0.31 	1.01 	0.00 	0.97 	0.00 
2586 	0.46 	0.20 	0.67 	0.00 	0.65 	0.00 
3785 	0.67 	0.29 	0.96 	0.00 	0.93 	0.00 
3653 	0.65 	0.28 	0.93 	0.00 	0.90 	0.00 
1813 	0.31 	0.14 	0.45 	0.00 	0.43 	0.00 
76244 	7.01 	3.11 	10.15 	0.00 	9.81 	0.00 
2570 	0.45 	0.20 	0.66 	0.00 	0.64 	0.00 
12327 	1.60 	0.70 	2.31 	0.00 	2.23 	0.00 
2637 	0.47 	0.21 	0.69 	0.00 	0.66 	0.00 
2731 	0.49 	0.22 	0.71 	0.00 	0.68 	0.00 
2660 	0.47 	0.21 	0.68 	0.00 	0.66 	0.00 
4493 	0.78 	0.34 	1.13 	0.00 	1.08 	0.00 
2181 	0.38 	0.17 	0.55 	0.00 	0.53 	0.00 
5917 	1.06 	0.47 	1.54 	0.00 	1.49 	0.00 
2967 	0.52 	0.23 	0.75 	0.00 	0.74 	0.00 
7450 	1.31 	0.58 	1.90 	0.00 	1.82 	0.00 
9910 	1.80 	0.79 	2.60 	0.00 	2.50 	0.00 
9489 	1.69 	0.75 	2.46 	0.00 	2.38 	0.00 
7440 	1.34 	0.59 	1.94 	0.00 	1.86 	0.00 
32055 	3.93 	1.74 	5.69 	0.00 	5.49 	0.00 
9129 	1.62 	0.72 	2.35 	0.00 	2.26 	0.00 
3355 	0.60 	0.26 	0.86 	0.00 	0.83 	0.00 
2023 	0.37 	0.16 	0.53 	0.00 	0.51 	0.00 
8036 	1.43 	0.63 	2.07 	0.00 	2.00 	0.00 
4827 	0.86 	0.38 	1.24 	0.00 	1.20 	0.00 
12797 	1.64 	0.72 	2.38 	0.00 	2.28 	0.00 
6038 	1.06 	0.47 	1.53 	0.00 	1.47 	0.00 
2766 	0.49 	0.22 	0.71 	0.00 	0.69 	0.00 
17744 	2.56 	1.13 	3.68 	0.00 	3.56 	0.00 
851 	0.15 	0.07 	0.22 	0.00 	0.21 	0.00 
15930 	2.89 	1.26 	4.17 	0.00 	3.97 	0.00 
4160 	0.74 	0.33 	1.07 	0.00 	1.03 	0.00 
1382 	0.25 	0.11 	0.36 	0.00 	0.34 	0.00 
4765 	0.85 	0.37 	1.23 	0.00 	1.18 	0.00 
821 	0.14 	0.06 	0.20 	0.00 	0.20 	0.00 
28099 	3.14 	1.38 	4.53 	0.00 	4.35 	0.00 
2149 	0.39 	0.17 	0.56 	0.00 	0.54 	0.00 
23693 	2.73 	1.20 	3.95 	0.00 	3.80 	0.00 
2362 	0.42 	0.19 	0.62 	0.00 	0.60 	0.00 
9065 	1.60 	0.71 	2.31 	0.00 	2.23 	0.00 
7096 	1.28 	0.56 	1.86 	0.00 	1.79 	0.00 
12206 	2.14 	0.95 	3.10 	0.00 	2.99 	0.00 
71174 	8.18 	3.62 	11.83 	0.00 	11.41 	0.00 
4490 	0.80 	0.35 	1.16 	0.00 	1.12 	0.00 
26502 	2.81 	1.26 	4.06 	0.00 	3.92 	0.00 
3548 	0.62 	0.27 	0.89 	0.00 	0.86 	0.00 
2139 	0.38 	0.17 	0.55 	0.00 	0.53 	0.00 
97360 	10.10 	4.48 	14.66 	0.00 	13.94 	0.00 
181189 	11.81 	5.25 	17.10 	0.00 	16.46 	0.00 
29308 	4.87 	2.15 	7.06 	0.00 	6.80 	0.00 
29402 	4.79 	2.12 	6.94 	0.00 	6.68 	0.00 
40962 	6.05 	2.67 	8.83 	0.00 	8.45 	0.00 
137843 	16.05 	7.07 	23.11 	0.00 	22.47 	0.00 
207957 	27.61 	12.31 	40.03 	0.00 	38.82 	0.00 
43072 	6.46 	2.87 	9.37 	0.00 	8.97 	0.00 
107702 	15.69 	6.90 	22.80 	0.00 	21.83 	0.00 
37375 	5.40 	2.38 	7.78 	0.00 	7.59 	0.00 
43270 	5.43 	2.39 	7.83 	0.00 	7.51 	0.00 
1215614 	60.55 	26.60 	87.36 	0.00 	85.41 	0.00 
54090 	7.89 	3.49 	11.44 	0.00 	10.97 	0.00 
106993 	12.38 	5.59 	17.94 	0.00 	17.45 	0.00 
39291 	5.51 	2.44 	7.99 	0.00 	7.66 	0.00 
225281 	25.05 	11.14 	36.43 	0.00 	35.19 	0.00 
75956 	8.60 	3.79 	12.44 	0.00 	11.94 	0.00 
164152 	19.09 	8.53 	27.72 	0.00 	26.90 	0.00 
29513 	3.92 	1.75 	5.70 	0.00 	5.51 	0.00 
1393386 	54.60 	24.21 	79.05 	0.00 	76.75 	0.00 
43277 	6.82 	2.98 	9.86 	0.00 	9.48 	0.00 
31244 	5.20 	2.28 	7.49 	0.00 	7.27 	0.00 
95361 	15.44 	6.80 	22.33 	0.00 	21.58 	0.00 
169019 	20.20 	8.95 	29.25 	0.00 	28.23 	0.00 
53867 	7.79 	3.47 	11.31 	0.00 	10.92 	0.00 
40311 	6.00 	2.67 	8.69 	0.00 	8.36 	0.00 
810231 	45.99 	20.32 	66.40 	0.00 	64.37 	0.00 
76825 	9.19 	4.05 	13.28 	0.00 	12.83 	0.00 
32486 	4.53 	1.98 	6.52 	0.00 	6.29 	0.00 
16067 	2.72 	1.19 	3.94 	0.00 	3.79 	0.00 
28299 	4.23 	1.85 	6.11 	0.00 	5.95 	0.00 
45012 	7.08 	3.12 	10.24 	0.00 	9.83 	0.00 
29993 	4.43 	1.95 	6.39 	0.00 	6.11 	0.00 
44171 	7.19 	3.18 	10.36 	0.00 	10.06 	0.00 
60346 	8.39 	3.72 	12.11 	0.00 	11.68 	0.00 
102272 	14.17 	6.17 	20.34 	0.00 	19.75 	0.00 
33774 	5.11 	2.28 	7.39 	0.00 	7.10 	0.00 
69193 	9.99 	4.38 	14.36 	0.00 	13.82 	0.00 
63882 	9.46 	4.15 	13.67 	0.00 	13.29 	0.00 
226203 	22.05 	9.80 	32.00 	0.00 	30.70 	0.00 
8598 	0.89 	0.39 	1.29 	0.00 	1.24 	0.00 
63160 	8.69 	3.85 	12.57 	0.00 	12.13 	0.00 
181683 	22.57 	10.00 	32.70 	0.00 	31.45 	0.00 
46300 	6.79 	3.02 	9.87 	0.00 	9.64 	0.00 
302101 	32.47 	14.50 	47.00 	0.00 	45.58 	0.00 
436858 	30.91 	13.61 	44.42 	0.00 	43.31 	0.00 
66442 	8.67 	3.85 	12.62 	0.00 	12.10 	0.00 
44651 	6.47 	2.87 	9.45 	0.00 	9.07 	0.00 
225683 	25.67 	11.43 	37.25 	0.00 	36.26 	0.00 
67384 	7.56 	3.35 	10.98 	0.00 	10.57 	0.00 
180458 	23.38 	10.33 	33.79 	0.00 	32.52 	0.00 
24275 	4.02 	1.79 	5.81 	0.00 	5.62 	0.00 
41256 	6.23 	2.74 	9.03 	0.00 	8.59 	0.00 
104892 	13.16 	5.83 	19.04 	0.00 	18.16 	0.00 
14610 	2.44 	1.07 	3.53 	0.00 	3.38 	0.00 
537418 	43.45 	19.22 	62.78 	0.00 	60.81 	0.00 
15285 	2.55 	1.13 	3.70 	0.00 	3.58 	0.00 
46342 	6.28 	2.78 	9.08 	0.00 	8.75 	0.00 
36321 	5.91 	2.60 	8.57 	0.00 	8.28 	0.00 
87608 	13.24 	5.81 	19.06 	0.00 	18.37 	0.00 
15006 	2.45 	1.07 	3.51 	0.00 	3.45 	0.00 
40823 	6.18 	2.73 	8.94 	0.00 	8.68 	0.00 
19690 	3.28 	1.45 	4.76 	0.00 	4.54 	0.00 
37107 	6.19 	2.72 	8.91 	0.00 	8.57 	0.00 
57495 	8.39 	3.73 	12.20 	0.00 	11.78 	0.00 
29379 	4.82 	2.13 	6.98 	0.00 	6.69 	0.00 
166037 	23.12 	10.12 	33.41 	0.00 	32.32 	0.00 
42778 	6.68 	2.90 	9.57 	0.00 	9.27 	0.00 
71268 	9.99 	4.37 	14.45 	0.00 	13.95 	0.00 
34787 	5.89 	2.61 	8.53 	0.00 	8.21 	0.00 
124512 	15.96 	7.08 	23.14 	0.00 	22.37 	0.00 
80500 	11.35 	5.05 	16.41 	0.00 	15.93 	0.00 
61389 	7.49 	3.31 	10.81 	0.00 	10.48 	0.00 
80495 	11.59 	5.10 	16.76 	0.00 	16.14 	0.00 
56629 	7.40 	3.25 	10.70 	0.00 	10.32 	0.00 
50342 	6.99 	3.10 	10.11 	0.00 	9.76 	0.00 
378486 	38.20 	16.99 	55.25 	0.00 	53.00 	0.00 
544964 	45.10 	19.92 	65.20 	0.00 	63.28 	0.00 
200194 	24.66 	10.92 	35.83 	0.00 	34.53 	0.00 
46416 	7.76 	3.41 	11.20 	0.00 	10.74 	0.00 
94133 	12.85 	5.67 	18.55 	0.00 	17.86 	0.00 
57070 	7.75 	3.41 	11.23 	0.00 	10.81 	0.00 
28712 	3.84 	1.68 	5.58 	0.00 	5.33 	0.00 
13806 	2.24 	0.99 	3.24 	0.00 	3.14 	0.00 
238843 	28.40 	12.60 	41.15 	0.00 	39.61 	0.00 
61943 	8.88 	3.90 	12.82 	0.00 	12.33 	0.00 
116657 	17.46 	7.69 	25.08 	0.00 	24.25 	0.00 
37647 	5.64 	2.48 	8.14 	0.00 	7.85 	0.00 
127985 	15.81 	7.00 	22.91 	0.00 	21.99 	0.00 
22847 	3.84 	1.70 	5.58 	0.00 	5.34 	0.00 
390073 	36.27 	16.22 	52.67 	0.00 	51.56 	0.00 
23265 	3.66 	1.63 	5.32 	0.00 	5.17 	0.00 
48028 	6.38 	2.84 	9.23 	0.00 	8.92 	0.00 
48574 	6.87 	3.07 	10.01 	0.00 	9.56 	0.00 
15143 	2.47 	1.10 	3.56 	0.00 	3.44 	0.00 
2287 	0.36 	0.16 	0.53 	0.00 	0.51 	0.00 
285650 	17.97 	7.95 	26.04 	0.00 	25.11 	0.00 
5923 	0.94 	0.42 	1.36 	0.00 	1.30 	0.00 
126922 	12.87 	5.75 	18.79 	0.00 	18.07 	0.00 
6085 	0.97 	0.43 	1.41 	0.00 	1.36 	0.00 
14872 	2.08 	0.91 	3.01 	0.00 	2.87 	0.00 
76172 	11.16 	4.90 	16.11 	0.00 	15.54 	0.00 
5511 	0.88 	0.39 	1.28 	0.00 	1.24 	0.00 
27791 	2.91 	1.29 	4.22 	0.00 	4.05 	0.00 
43660 	7.10 	3.12 	10.27 	0.00 	9.86 	0.00 
4772 	0.78 	0.34 	1.12 	0.00 	1.07 	0.00 
4169 	0.65 	0.29 	0.95 	0.00 	0.91 	0.00 
61384 	6.42 	2.88 	9.35 	0.00 	8.94 	0.00 
27548 	4.46 	1.98 	6.44 	0.00 	6.24 	0.00 
54345 	7.81 	3.48 	11.31 	0.00 	10.95 	0.00 
4335 	0.69 	0.31 	1.00 	0.00 	0.97 	0.00 
6275 	1.00 	0.44 	1.44 	0.00 	1.39 	0.00 
2809 	0.46 	0.20 	0.66 	0.00 	0.64 	0.00 
14238 	2.26 	1.01 	3.28 	0.00 	3.16 	0.00 
3732 	0.59 	0.26 	0.86 	0.00 	0.83 	0.00 
13061 	2.10 	0.92 	3.03 	0.00 	2.90 	0.00 
14076 	2.24 	1.00 	3.24 	0.00 	3.14 	0.00 
25783 	2.81 	1.26 	4.08 	0.00 	3.97 	0.00 
6384 	1.00 	0.44 	1.46 	0.00 	1.40 	0.00 
11055 	1.77 	0.78 	2.57 	0.00 	2.44 	0.00 
46005 	5.29 	2.32 	7.64 	0.00 	7.31 	0.00 
15362 	2.41 	1.07 	3.48 	0.00 	3.35 	0.00 
9190 	1.48 	0.66 	2.15 	0.00 	2.08 	0.00 
11241 	1.79 	0.80 	2.60 	0.00 	2.51 	0.00 
5537 	0.89 	0.39 	1.29 	0.00 	1.23 	0.00 
51168 	7.97 	3.54 	11.57 	0.00 	11.13 	0.00 
35032 	5.57 	2.48 	8.10 	0.00 	7.78 	0.00 
44843 	6.70 	2.94 	9.65 	0.00 	9.26 	0.00 
9706 	1.56 	0.69 	2.25 	0.00 	2.18 	0.00 
7520 	1.22 	0.54 	1.75 	0.00 	1.70 	0.00 
16861 	2.69 	1.20 	3.91 	0.00 	3.77 	0.00 
42298 	6.24 	2.76 	9.10 	0.00 	8.74 	0.00 
37282 	5.65 	2.47 	8.16 	0.00 	7.80 	0.00 
32629 	5.25 	2.32 	7.58 	0.00 	7.30 	0.00 
20466 	3.32 	1.47 	4.84 	0.00 	4.59 	0.00 
22899 	3.06 	1.35 	4.43 	0.00 	4.28 	0.00 
13811 	2.23 	1.00 	3.25 	0.00 	3.11 	0.00 
71326 	9.12 	4.02 	13.25 	0.00 	12.63 	0.00 
11550 	1.80 	0.79 	2.59 	0.00 	2.50 	0.00 
10566 	1.70 	0.76 	2.46 	0.00 	2.37 	0.00 
12235 	1.98 	0.88 	2.89 	0.00 	2.78 	0.00 
823953 	41.30 	18.43 	60.07 	0.00 	57.63 	0.00 
40163 	5.71 	2.51 	8.23 	0.00 	7.96 	0.00 
50976 	7.32 	3.24 	10.56 	0.00 	10.16 	0.00 
31381 	4.25 	1.89 	6.12 	0.00 	5.88 	0.00 
16588 	2.63 	1.17 	3.82 	0.00 	3.67 	0.00 
12032 	1.88 	0.82 	2.73 	0.00 	2.61 	0.00 
80308 	9.07 	3.99 	13.18 	0.00 	12.58 	0.00 
46418 	6.08 	2.70 	8.79 	0.00 	8.38 	0.00 
38085 	5.09 	2.27 	7.37 	0.00 	7.13 	0.00 
70765 	9.37 	4.14 	13.66 	0.00 	13.13 	0.00 
11517 	1.88 	0.83 	2.72 	0.00 	2.63 	0.00 
3779 	0.59 	0.27 	0.86 	0.00 	0.83 	0.00 
95500 	13.03 	5.82 	18.89 	0.00 	18.08 	0.00 
25819 	3.80 	1.68 	5.48 	0.00 	5.28 	0.00 
43514 	6.66 	2.95 	9.68 	0.00 	9.25 	0.00 
45602 	6.00 	2.63 	8.69 	0.00 	8.32 	0.00 
44464 	6.27 	2.77 	9.08 	0.00 	8.72 	0.00 
20612 	2.40 	1.07 	3.47 	0.00 	3.34 	0.00 
7645 	1.22 	0.54 	1.76 	0.00 	1.71 	0.00 
699241 	36.51 	16.41 	53.25 	0.00 	51.71 	0.00 
87142 	11.23 	4.96 	16.23 	0.00 	15.48 	0.00 
51105 	6.25 	2.84 	9.14 	0.00 	8.80 	0.00 
11661 	1.88 	0.83 	2.73 	0.00 	2.62 	0.00 
8798 	1.38 	0.61 	2.00 	0.00 	1.90 	0.00 
20585 	2.58 	1.14 	3.72 	0.00 	3.60 	0.00 
29207 	4.27 	1.89 	6.21 	0.00 	5.98 	0.00 
132441 	14.70 	6.57 	21.33 	0.00 	20.44 	0.00 
17201 	1.93 	0.85 	2.80 	0.00 	2.69 	0.00 
118841 	16.74 	7.44 	24.23 	0.00 	23.39 	0.00 
2005 	0.33 	0.15 	0.48 	0.00 	0.47 	0.00 
7871 	1.29 	0.57 	1.86 	0.00 	1.80 	0.00 
7940 	1.33 	0.58 	1.92 	0.00 	1.85 	0.00 
24835 	3.38 	1.50 	4.91 	0.00 	4.74 	0.00 
227519 	19.79 	8.70 	28.60 	0.00 	27.49 	0.00 
24411 	3.62 	1.58 	5.19 	0.00 	5.03 	0.00 
91859 	11.64 	5.13 	16.82 	0.00 	16.29 	0.00 
72531 	8.02 	3.54 	11.60 	0.00 	11.15 	0.00 
8604 	1.42 	0.62 	2.05 	0.00 	1.98 	0.00 
95120 	9.99 	4.46 	14.46 	0.00 	14.07 	0.00 
390193 	27.80 	12.32 	40.23 	0.00 	38.85 	0.00 
50099 	7.42 	3.26 	10.73 	0.00 	10.38 	0.00 
131661 	14.74 	6.47 	21.26 	0.00 	20.66 	0.00 
33775 	4.75 	2.11 	6.90 	0.00 	6.61 	0.00 
350973 	23.19 	10.28 	33.73 	0.00 	32.35 	0.00 
12122 	2.00 	0.89 	2.90 	0.00 	2.79 	0.00 
852064 	19.88 	8.83 	28.93 	0.00 	27.73 	0.00 
86261 	7.48 	3.28 	10.74 	0.00 	10.40 	0.00 
1848 	0.31 	0.14 	0.45 	0.00 	0.43 	0.00 
27520 	4.23 	1.84 	6.13 	0.00 	5.86 	0.00 
426508 	34.99 	15.25 	50.66 	0.00 	48.66 	0.00 
84111 	10.25 	4.51 	14.78 	0.00 	14.20 	0.00 
28226 	3.23 	1.43 	4.67 	0.00 	4.52 	0.00 
7483 	1.23 	0.55 	1.79 	0.00 	1.72 	0.00 
27719 	2.93 	1.30 	4.25 	0.00 	4.09 	0.00 
620044 	21.66 	9.69 	31.43 	0.00 	30.69 	0.00 
1513 	0.26 	0.11 	0.37 	0.00 	0.36 	0.00 
112737 	12.22 	5.41 	17.69 	0.00 	17.16 	0.00 
40322 	5.77 	2.55 	8.36 	0.00 	8.04 	0.00 
55094 	7.50 	3.30 	10.81 	0.00 	10.36 	0.00 
68060 	10.06 	4.44 	14.63 	0.00 	13.97 	0.00 
23283 	3.19 	1.40 	4.63 	0.00 	4.43 	0.00 
24550 	3.35 	1.48 	4.86 	0.00 	4.64 	0.00 
188473 	20.59 	9.16 	29.91 	0.00 	28.90 	0.00 
104575 	16.88 	7.51 	24.47 	0.00 	23.74 	0.00 
185013 	29.61 	13.10 	42.89 	0.00 	41.61 	0.00 
140406 	21.21 	9.29 	30.56 	0.00 	29.35 	0.00 
4815 	0.87 	0.38 	1.25 	0.00 	1.20 	0.00 
67706 	10.74 	4.74 	15.47 	0.00 	14.94 	0.00 
159790 	20.16 	8.82 	29.05 	0.00 	28.20 	0.00 
536858 	69.35 	30.99 	100.67 	0.00 	96.30 	0.00 
38961 	6.68 	2.95 	9.59 	0.00 	9.32 	0.00 
81015 	13.14 	5.77 	19.01 	0.00 	18.29 	0.00 
39647 	6.24 	2.74 	9.03 	0.00 	8.75 	0.00 
67995 	9.65 	4.25 	13.97 	0.00 	13.54 	0.00 
1190139 	94.86 	42.41 	137.54 	0.00 	133.57 	0.00 
87904 	14.65 	6.40 	21.15 	0.00 	20.45 	0.00 
249190 	30.74 	13.54 	44.52 	0.00 	42.79 	0.00 
285839 	30.10 	13.25 	43.32 	0.00 	42.14 	0.00 
576382 	26.99 	11.94 	39.05 	0.00 	38.01 	0.00 
30908 	5.05 	2.23 	7.28 	0.00 	7.06 	0.00 
278466 	26.45 	11.82 	38.29 	0.00 	37.23 	0.00 
132806 	21.07 	9.23 	30.46 	0.00 	29.47 	0.00 
8869 	1.57 	0.70 	2.28 	0.00 	2.20 	0.00 
156700 	24.45 	10.69 	35.41 	0.00 	33.77 	0.00 
15032 	2.70 	1.18 	3.91 	0.00 	3.84 	0.00 
67873 	11.64 	5.07 	16.83 	0.00 	16.09 	0.00 
38221 	6.50 	2.87 	9.41 	0.00 	9.14 	0.00 
46144 	7.35 	3.26 	10.65 	0.00 	10.25 	0.00 
88475 	13.87 	6.13 	20.07 	0.00 	19.51 	0.00 
44758 	7.58 	3.33 	11.01 	0.00 	10.63 	0.00 
25144 	4.68 	2.07 	6.76 	0.00 	6.54 	0.00 
214025 	20.16 	9.05 	29.19 	0.00 	28.51 	0.00 
560543 	66.33 	29.63 	96.44 	0.00 	92.95 	0.00 
88210 	13.11 	5.79 	18.98 	0.00 	18.35 	0.00 
137928 	17.35 	7.64 	25.13 	0.00 	24.11 	0.00 
385107 	32.32 	14.45 	46.94 	0.00 	45.24 	0.00 
166275 	23.57 	10.45 	34.23 	0.00 	33.09 	0.00 
321351 	36.39 	16.02 	52.53 	0.00 	50.66 	0.00 
114511 	17.00 	7.49 	24.54 	0.00 	23.70 	0.00 
42565 	7.02 	3.08 	10.09 	0.00 	9.80 	0.00 
113694 	17.35 	7.72 	25.20 	0.00 	24.10 	0.00 
46473 	7.30 	3.21 	10.56 	0.00 	10.21 	0.00 
184522 	29.53 	13.06 	42.58 	0.00 	41.03 	0.00 
846043 	78.98 	34.84 	114.34 	0.00 	111.58 	0.00 
18205 	2.74 	1.20 	3.98 	0.00 	3.81 	0.00 
339329 	32.12 	14.38 	46.45 	0.00 	44.96 	0.00 
94012 	13.53 	5.95 	19.52 	0.00 	18.85 	0.00 
49462 	8.75 	3.86 	12.63 	0.00 	12.29 	0.00 
46581 	8.57 	3.79 	12.36 	0.00 	11.98 	0.00 
1585107 	29.52 	13.06 	42.68 	0.00 	41.20 	0.00 
61073 	10.82 	4.79 	15.63 	0.00 	15.04 	0.00 
17229 	3.14 	1.39 	4.54 	0.00 	4.38 	0.00 
147246 	22.98 	10.22 	33.38 	0.00 	32.34 	0.00 
40660 	6.80 	2.98 	9.80 	0.00 	9.38 	0.00 
76847 	12.95 	5.72 	18.73 	0.00 	18.10 	0.00 
6351 	1.15 	0.51 	1.67 	0.00 	1.62 	0.00 
43465 	7.85 	3.47 	11.38 	0.00 	10.93 	0.00 
42133 	7.62 	3.35 	10.99 	0.00 	10.70 	0.00 
426106 	44.66 	19.71 	64.55 	0.00 	62.60 	0.00 
45631 	7.29 	3.24 	10.60 	0.00 	10.23 	0.00 
54169 	8.54 	3.77 	12.34 	0.00 	11.90 	0.00 
41113 	6.54 	2.90 	9.47 	0.00 	9.16 	0.00 
209549 	32.85 	14.50 	47.60 	0.00 	45.58 	0.00 
54689 	9.85 	4.40 	14.27 	0.00 	13.88 	0.00 
360473 	51.24 	22.70 	74.24 	0.00 	71.76 	0.00 
28207 	5.13 	2.27 	7.44 	0.00 	7.18 	0.00 
458333 	56.19 	24.77 	81.20 	0.00 	78.70 	0.00 
126064 	16.37 	7.27 	23.78 	0.00 	22.99 	0.00 
62437 	10.61 	4.66 	15.32 	0.00 	14.74 	0.00 
656650 	61.74 	27.43 	89.11 	0.00 	86.27 	0.00 
18441 	2.35 	1.04 	3.40 	0.00 	3.26 	0.00 
22800 	2.87 	1.27 	4.17 	0.00 	3.96 	0.00 
15568 	2.45 	1.08 	3.52 	0.00 	3.37 	0.00 
26579 	3.70 	1.64 	5.38 	0.00 	5.15 	0.00 
8690 	1.35 	0.60 	1.96 	0.00 	1.88 	0.00 
24172 	3.14 	1.39 	4.53 	0.00 	4.34 	0.00 
21623 	3.04 	1.34 	4.40 	0.00 	4.22 	0.00 
101404 	12.15 	5.36 	17.51 	0.00 	16.89 	0.00 
64976 	8.28 	3.66 	12.02 	0.00 	11.53 	0.00 
50864 	5.27 	2.34 	7.65 	0.00 	7.39 	0.00 
17335 	2.30 	1.01 	3.32 	0.00 	3.18 	0.00 
21084 	3.19 	1.42 	4.61 	0.00 	4.45 	0.00 
7833 	1.18 	0.52 	1.71 	0.00 	1.65 	0.00 
12308 	1.86 	0.82 	2.68 	0.00 	2.59 	0.00 
18440 	2.46 	1.10 	3.57 	0.00 	3.43 	0.00 
123650 	14.60 	6.44 	21.17 	0.00 	20.37 	0.00 
18228 	2.81 	1.23 	4.07 	0.00 	3.90 	0.00 
12408 	1.87 	0.83 	2.71 	0.00 	2.60 	0.00 
98629 	12.80 	5.70 	18.49 	0.00 	17.89 	0.00 
18296 	2.76 	1.23 	3.99 	0.00 	3.86 	0.00 
43764 	5.35 	2.36 	7.72 	0.00 	7.41 	0.00 
22266 	2.92 	1.28 	4.22 	0.00 	4.02 	0.00 
42539 	5.68 	2.51 	8.22 	0.00 	7.92 	0.00 
33668 	4.65 	2.04 	6.72 	0.00 	6.38 	0.00 
13594 	2.05 	0.91 	2.98 	0.00 	2.85 	0.00 
37394 	5.16 	2.27 	7.43 	0.00 	7.10 	0.00 
13866 	2.12 	0.94 	3.06 	0.00 	2.95 	0.00 
17852 	2.68 	1.19 	3.87 	0.00 	3.75 	0.00 
75266 	9.31 	4.16 	13.46 	0.00 	12.86 	0.00 
26447 	3.63 	1.60 	5.24 	0.00 	5.04 	0.00 
7358 	1.13 	0.50 	1.64 	0.00 	1.58 	0.00 
17294 	2.28 	1.01 	3.33 	0.00 	3.15 	0.00 
9818 	1.51 	0.67 	2.19 	0.00 	2.09 	0.00 
269740 	28.66 	12.83 	41.65 	0.00 	39.68 	0.00 
14058 	2.10 	0.94 	3.05 	0.00 	2.93 	0.00 
13044 	1.93 	0.87 	2.81 	0.00 	2.72 	0.00 
22309 	3.40 	1.51 	4.92 	0.00 	4.77 	0.00 
76355 	10.02 	4.41 	14.53 	0.00 	13.84 	0.00 
16255 	2.48 	1.09 	3.57 	0.00 	3.44 	0.00 
16742 	2.57 	1.14 	3.72 	0.00 	3.58 	0.00 
45549 	5.68 	2.56 	8.22 	0.00 	7.92 	0.00 
44751 	5.65 	2.51 	8.17 	0.00 	7.94 	0.00 
7537 	1.14 	0.51 	1.66 	0.00 	1.61 	0.00 
9627 	1.45 	0.64 	2.12 	0.00 	2.04 	0.00 
37893 	5.17 	2.28 	7.48 	0.00 	7.14 	0.00 
8697 	1.32 	0.59 	1.92 	0.00 	1.84 	0.00 
8200 	1.26 	0.56 	1.83 	0.00 	1.75 	0.00 
25283 	3.56 	1.57 	5.14 	0.00 	4.94 	0.00 
10512 	1.55 	0.69 	2.26 	0.00 	2.18 	0.00 
20374 	2.67 	1.19 	3.88 	0.00 	3.74 	0.00 
11217 	1.70 	0.76 	2.45 	0.00 	2.37 	0.00 
24217 	3.27 	1.46 	4.73 	0.00 	4.57 	0.00 
20771 	3.16 	1.39 	4.55 	0.00 	4.40 	0.00 
64223 	7.93 	3.51 	11.44 	0.00 	11.07 	0.00 
8470 	1.32 	0.58 	1.90 	0.00 	1.83 	0.00 
11138 	1.70 	0.75 	2.45 	0.00 	2.37 	0.00 
414025 	33.21 	14.86 	48.47 	0.00 	47.02 	0.00 
17882 	2.41 	1.06 	3.48 	0.00 	3.37 	0.00 
27873 	3.39 	1.50 	4.90 	0.00 	4.72 	0.00 
120881 	14.04 	6.30 	20.31 	0.00 	19.55 	0.00 
11274 	1.71 	0.75 	2.48 	0.00 	2.39 	0.00 
8184 	1.24 	0.55 	1.79 	0.00 	1.73 	0.00 
129155 	13.36 	5.92 	19.36 	0.00 	18.41 	0.00 
17499 	2.42 	1.08 	3.52 	0.00 	3.36 	0.00 
17107 	2.52 	1.13 	3.67 	0.00 	3.52 	0.00 
12635 	1.92 	0.85 	2.77 	0.00 	2.66 	0.00 
5214 	0.80 	0.36 	1.16 	0.00 	1.13 	0.00 
40300 	5.03 	2.21 	7.27 	0.00 	7.01 	0.00 
17711 	2.73 	1.21 	3.94 	0.00 	3.82 	0.00 
251530 	24.56 	10.98 	35.67 	0.00 	34.38 	0.00 
80478 	10.59 	4.71 	15.38 	0.00 	14.80 	0.00 
6834 	1.07 	0.47 	1.55 	0.00 	1.49 	0.00 
22505 	3.44 	1.52 	4.97 	0.00 	4.75 	0.00 
27845 	4.19 	1.85 	6.05 	0.00 	5.81 	0.00 
11112 	1.71 	0.77 	2.49 	0.00 	2.35 	0.00 
43452 	4.18 	1.83 	6.04 	0.00 	5.83 	0.00 
167607 	18.30 	8.12 	26.46 	0.00 	25.73 	0.00 
86139 	10.60 	4.69 	15.36 	0.00 	14.98 	0.00 
635657 	37.93 	16.76 	54.80 	0.00 	53.28 	0.00 
137137 	20.39 	9.05 	29.55 	0.00 	28.48 	0.00 
26996 	4.21 	1.85 	6.07 	0.00 	5.85 	0.00 
414218 	37.34 	16.64 	54.25 	0.00 	52.23 	0.00 
60118 	7.99 	3.52 	11.52 	0.00 	11.02 	0.00 
35029 	4.96 	2.17 	7.14 	0.00 	6.90 	0.00 
51178 	7.58 	3.36 	10.96 	0.00 	10.64 	0.00 
38214 	5.84 	2.61 	8.48 	0.00 	8.20 	0.00 
41165 	5.97 	2.65 	8.65 	0.00 	8.34 	0.00 
73569 	9.99 	4.41 	14.46 	0.00 	13.85 	0.00 
34701 	4.80 	2.13 	6.97 	0.00 	6.65 	0.00 
169726 	17.65 	7.88 	25.62 	0.00 	24.43 	0.00 
29541 	4.66 	2.06 	6.77 	0.00 	6.49 	0.00 
178080 	22.78 	10.08 	32.97 	0.00 	31.75 	0.00 
25786 	4.00 	1.77 	5.75 	0.00 	5.57 	0.00 
150254 	18.60 	8.19 	26.88 	0.00 	25.82 	0.00 
67093 	9.19 	4.03 	13.28 	0.00 	12.81 	0.00 
530109 	55.99 	24.85 	81.00 	0.00 	78.62 	0.00 
75523 	9.89 	4.42 	14.39 	0.00 	13.85 	0.00 
22619 	3.49 	1.54 	5.06 	0.00 	4.89 	0.00 
336676 	36.33 	16.16 	52.82 	0.00 	50.90 	0.00 
28041 	4.32 	1.91 	6.25 	0.00 	6.02 	0.00 
69220 	9.86 	4.41 	14.29 	0.00 	13.78 	0.00 
87584 	12.09 	5.33 	17.48 	0.00 	16.79 	0.00 
10620 	1.62 	0.72 	2.35 	0.00 	2.27 	0.00 
69361 	9.69 	4.33 	14.03 	0.00 	13.54 	0.00 
20485 	2.96 	1.30 	4.28 	0.00 	4.10 	0.00 
311998 	36.41 	16.23 	52.88 	0.00 	50.54 	0.00 
34518 	4.96 	2.23 	7.18 	0.00 	6.91 	0.00 
30914 	4.20 	1.87 	6.12 	0.00 	5.83 	0.00 
10984 	1.71 	0.75 	2.46 	0.00 	2.39 	0.00 
40552 	5.65 	2.52 	8.20 	0.00 	7.89 	0.00 
82212 	12.02 	5.30 	17.44 	0.00 	16.66 	0.00 
98902 	13.57 	6.02 	19.71 	0.00 	18.88 	0.00 
130609 	16.13 	7.15 	23.35 	0.00 	22.53 	0.00 
208439 	25.69 	11.42 	37.19 	0.00 	36.01 	0.00 
461583 	38.41 	16.96 	55.39 	0.00 	53.27 	0.00 
21605 	3.38 	1.49 	4.89 	0.00 	4.72 	0.00 
315256 	36.48 	16.28 	52.82 	0.00 	51.53 	0.00 
115539 	13.84 	6.15 	20.11 	0.00 	19.26 	0.00 
30570 	4.28 	1.89 	6.18 	0.00 	6.00 	0.00 
35785 	5.74 	2.55 	8.32 	0.00 	7.90 	0.00 
266666 	31.25 	13.89 	45.45 	0.00 	43.48 	0.00 
16835 	2.65 	1.18 	3.85 	0.00 	3.71 	0.00 
23845 	3.81 	1.68 	5.52 	0.00 	5.28 	0.00 
190021 	18.10 	8.15 	26.35 	0.00 	25.30 	0.00 
215200 	22.98 	10.14 	33.27 	0.00 	32.07 	0.00 
16230 	2.57 	1.14 	3.72 	0.00 	3.56 	0.00 
2817 	0.45 	0.20 	0.66 	0.00 	0.64 	0.00 
1483 	0.24 	0.11 	0.35 	0.00 	0.34 	0.00 
9770 	1.62 	0.72 	2.35 	0.00 	2.26 	0.00 
3835 	0.63 	0.28 	0.92 	0.00 	0.87 	0.00 
15138 	1.51 	0.68 	2.20 	0.00 	2.11 	0.00 
29849 	3.32 	1.48 	4.84 	0.00 	4.66 	0.00 
4330 	0.71 	0.31 	1.02 	0.00 	0.99 	0.00 
9234 	1.52 	0.67 	2.21 	0.00 	2.12 	0.00 
21340 	2.06 	0.93 	3.00 	0.00 	2.89 	0.00 
5970 	0.99 	0.43 	1.43 	0.00 	1.38 	0.00 
4659 	0.77 	0.34 	1.11 	0.00 	1.07 	0.00 
18963 	2.00 	0.89 	2.91 	0.00 	2.80 	0.00 
5487 	0.90 	0.40 	1.30 	0.00 	1.25 	0.00 
3101 	0.49 	0.22 	0.71 	0.00 	0.69 	0.00 
4227 	0.68 	0.30 	0.98 	0.00 	0.94 	0.00 
7518 	1.25 	0.56 	1.82 	0.00 	1.74 	0.00 
2464 	0.40 	0.18 	0.58 	0.00 	0.56 	0.00 
7842 	1.31 	0.58 	1.87 	0.00 	1.80 	0.00 
4435 	0.72 	0.32 	1.05 	0.00 	1.00 	0.00 
2009 	0.33 	0.15 	0.48 	0.00 	0.46 	0.00 
6446 	1.06 	0.47 	1.54 	0.00 	1.47 	0.00 
3620 	0.59 	0.26 	0.86 	0.00 	0.84 	0.00 
3753 	0.62 	0.27 	0.90 	0.00 	0.86 	0.00 
3660 	0.60 	0.27 	0.87 	0.00 	0.84 	0.00 
1318 	0.21 	0.09 	0.31 	0.00 	0.30 	0.00 
18534 	1.73 	0.76 	2.50 	0.00 	2.39 	0.00 
7685 	1.26 	0.55 	1.81 	0.00 	1.75 	0.00 
1452 	0.25 	0.11 	0.36 	0.00 	0.34 	0.00 
3312 	0.55 	0.24 	0.79 	0.00 	0.77 	0.00 
2162 	0.35 	0.16 	0.51 	0.00 	0.49 	0.00 
1030 	0.17 	0.07 	0.24 	0.00 	0.24 	0.00 
5242 	0.87 	0.38 	1.26 	0.00 	1.21 	0.00 
12046 	1.60 	0.70 	2.31 	0.00 	2.21 	0.00 
7566 	1.26 	0.56 	1.82 	0.00 	1.75 	0.00 
26861 	3.46 	1.53 	5.01 	0.00 	4.83 	0.00 
59802 	8.36 	3.66 	12.09 	0.00 	11.50 	0.00 
3997 	0.65 	0.29 	0.94 	0.00 	0.90 	0.00 
5036 	0.81 	0.36 	1.18 	0.00 	1.14 	0.00 
5985 	0.99 	0.44 	1.44 	0.00 	1.39 	0.00 
2507 	0.42 	0.18 	0.60 	0.00 	0.58 	0.00 
28222 	4.37 	1.94 	6.33 	0.00 	6.09 	0.00 
2195 	0.36 	0.16 	0.53 	0.00 	0.51 	0.00 
2441 	0.39 	0.17 	0.57 	0.00 	0.55 	0.00 
190294 	13.68 	6.06 	19.79 	0.00 	19.18 	0.00 
35905 	3.98 	1.75 	5.77 	0.00 	5.57 	0.00 
6954 	1.16 	0.52 	1.69 	0.00 	1.63 	0.00 
113222 	12.98 	5.74 	18.85 	0.00 	18.04 	0.00 
3075 	0.51 	0.23 	0.74 	0.00 	0.71 	0.00 
2396 	0.40 	0.18 	0.58 	0.00 	0.56 	0.00 
10926 	1.80 	0.79 	2.60 	0.00 	2.50 	0.00 
2441 	0.41 	0.18 	0.59 	0.00 	0.56 	0.00 
14925 	2.46 	1.08 	3.56 	0.00 	3.42 	0.00 
6663 	1.09 	0.48 	1.59 	0.00 	1.52 	0.00 
3276 	0.54 	0.24 	0.78 	0.00 	0.75 	0.00 
1444 	0.24 	0.11 	0.35 	0.00 	0.34 	0.00 
39792 	4.30 	1.90 	6.19 	0.00 	6.01 	0.00 
10578 	1.73 	0.77 	2.50 	0.00 	2.39 	0.00 
5836 	0.99 	0.43 	1.42 	0.00 	1.38 	0.00 
8732 	1.43 	0.63 	2.06 	0.00 	2.00 	0.00 
15947 	2.59 	1.13 	3.75 	0.00 	3.60 	0.00 
5691 	0.95 	0.42 	1.38 	0.00 	1.32 	0.00 
24583 	2.90 	1.29 	4.19 	0.00 	4.01 	0.00 
3135 	0.52 	0.23 	0.75 	0.00 	0.72 	0.00 
5622 	0.94 	0.41 	1.35 	0.00 	1.29 	0.00 
2020 	0.33 	0.15 	0.48 	0.00 	0.46 	0.00 
11289 	1.48 	0.65 	2.14 	0.00 	2.05 	0.00 
81098 	9.73 	4.30 	14.06 	0.00 	13.65 	0.00 
62540 	8.54 	3.78 	12.32 	0.00 	11.98 	0.00 
42017 	6.70 	2.97 	9.70 	0.00 	9.37 	0.00 
18675 	2.98 	1.32 	4.32 	0.00 	4.17 	0.00 
34724 	5.49 	2.43 	7.94 	0.00 	7.75 	0.00 
8256 	1.33 	0.59 	1.94 	0.00 	1.84 	0.00 
38167 	5.73 	2.55 	8.33 	0.00 	7.99 	0.00 
57122 	7.40 	3.30 	10.74 	0.00 	10.39 	0.00 
15311 	2.46 	1.09 	3.58 	0.00 	3.45 	0.00 
62293 	9.12 	4.06 	13.21 	0.00 	12.76 	0.00 
723701 	52.79 	23.53 	76.52 	0.00 	73.43 	0.00 
50348 	6.63 	2.95 	9.64 	0.00 	9.19 	0.00 
12311 	1.97 	0.87 	2.86 	0.00 	2.73 	0.00 
20075 	3.13 	1.38 	4.52 	0.00 	4.37 	0.00 
54386 	8.02 	3.55 	11.61 	0.00 	11.12 	0.00 
40543 	5.31 	2.36 	7.71 	0.00 	7.37 	0.00 
44529 	7.14 	3.18 	10.35 	0.00 	9.96 	0.00 
19330 	3.11 	1.37 	4.49 	0.00 	4.33 	0.00 
43742 	6.45 	2.88 	9.37 	0.00 	9.01 	0.00 
52603 	7.40 	3.25 	10.75 	0.00 	10.21 	0.00 
30887 	4.36 	1.93 	6.32 	0.00 	6.07 	0.00 
24541 	3.92 	1.73 	5.68 	0.00 	5.44 	0.00 
17285 	2.74 	1.22 	3.99 	0.00 	3.83 	0.00 
74407 	10.75 	4.79 	15.61 	0.00 	15.04 	0.00 
14245 	2.30 	1.02 	3.33 	0.00 	3.21 	0.00 
67161 	7.15 	3.24 	10.41 	0.00 	10.10 	0.00 
370258 	41.59 	18.49 	60.03 	0.00 	58.44 	0.00 
7186 	1.16 	0.51 	1.69 	0.00 	1.63 	0.00 
28205 	4.52 	2.01 	6.57 	0.00 	6.31 	0.00 
27411 	4.01 	1.76 	5.85 	0.00 	5.59 	0.00 
60765 	9.15 	4.06 	13.27 	0.00 	12.77 	0.00 
19358 	2.48 	1.10 	3.59 	0.00 	3.44 	0.00 
29990 	4.75 	2.09 	6.90 	0.00 	6.62 	0.00 
13717 	2.20 	0.97 	3.20 	0.00 	3.06 	0.00 
34482 	4.98 	2.21 	7.21 	0.00 	6.96 	0.00 
26778 	4.22 	1.86 	6.10 	0.00 	5.87 	0.00 
8900 	1.42 	0.63 	2.06 	0.00 	1.98 	0.00 
19641 	3.19 	1.40 	4.60 	0.00 	4.46 	0.00 
12494 	2.01 	0.89 	2.91 	0.00 	2.78 	0.00 
56613 	8.58 	3.87 	12.49 	0.00 	12.00 	0.00 
19438 	3.07 	1.35 	4.42 	0.00 	4.27 	0.00 
480180 	51.62 	23.01 	74.86 	0.00 	72.67 	0.00 
8170 	1.32 	0.58 	1.91 	0.00 	1.86 	0.00 
29442 	4.20 	1.85 	6.10 	0.00 	5.87 	0.00 
137133 	17.49 	7.86 	25.48 	0.00 	24.32 	0.00 
44664 	6.46 	2.86 	9.40 	0.00 	9.03 	0.00 
12997 	2.08 	0.92 	3.01 	0.00 	2.91 	0.00 
35712 	5.69 	2.55 	8.25 	0.00 	8.00 	0.00 
55167 	7.76 	3.45 	11.31 	0.00 	10.84 	0.00 
24138 	3.87 	1.70 	5.56 	0.00 	5.33 	0.00 
105387 	13.22 	5.83 	19.16 	0.00 	18.54 	0.00 
29699 	4.69 	2.08 	6.81 	0.00 	6.58 	0.00 
33564 	4.62 	2.05 	6.67 	0.00 	6.45 	0.00 
89104 	11.49 	5.11 	16.73 	0.00 	16.06 	0.00 
56114 	8.46 	3.73 	12.23 	0.00 	11.71 	0.00 
107710 	14.00 	6.23 	20.31 	0.00 	19.47 	0.00 
27663 	4.51 	1.99 	6.50 	0.00 	6.27 	0.00 
12589 	2.02 	0.89 	2.93 	0.00 	2.81 	0.00 
48832 	7.79 	3.48 	11.31 	0.00 	10.92 	0.00 
196615 	23.57 	10.59 	34.21 	0.00 	32.92 	0.00 
6780 	1.08 	0.48 	1.56 	0.00 	1.50 	0.00 
23869 	3.80 	1.70 	5.53 	0.00 	5.29 	0.00 
33647 	4.85 	2.14 	7.03 	0.00 	6.73 	0.00 
23567 	3.78 	1.66 	5.47 	0.00 	5.28 	0.00 
8402 	1.35 	0.59 	1.95 	0.00 	1.90 	0.00 
5403 	0.88 	0.39 	1.27 	0.00 	1.22 	0.00 
43052 	6.38 	2.79 	9.21 	0.00 	8.84 	0.00 
17863 	2.83 	1.26 	4.09 	0.00 	3.95 	0.00 
79774 	10.37 	4.56 	14.96 	0.00 	14.25 	0.00 
34708 	5.12 	2.24 	7.37 	0.00 	7.05 	0.00 
57595 	8.71 	3.86 	12.61 	0.00 	12.12 	0.00 
74017 	9.89 	4.39 	14.32 	0.00 	13.71 	0.00 
315402 	34.49 	15.23 	49.78 	0.00 	48.19 	0.00 
23741 	3.82 	1.68 	5.54 	0.00 	5.31 	0.00 
15892 	2.57 	1.13 	3.70 	0.00 	3.58 	0.00 
101494 	14.71 	6.50 	21.35 	0.00 	20.78 	0.00 
1001274 	68.02 	30.40 	98.92 	0.00 	95.08 	0.00 
14725 	2.37 	1.05 	3.45 	0.00 	3.32 	0.00 
20633 	3.24 	1.43 	4.69 	0.00 	4.53 	0.00 
14350 	2.33 	1.03 	3.37 	0.00 	3.23 	0.00 
166270 	21.18 	9.47 	30.73 	0.00 	29.68 	0.00 
187662 	23.11 	10.30 	33.43 	0.00 	32.12 	0.00 
67837 	9.61 	4.30 	13.90 	0.00 	13.46 	0.00 
8384 	1.32 	0.59 	1.91 	0.00 	1.85 	0.00 
19396 	2.50 	1.10 	3.62 	0.00 	3.46 	0.00 
20460 	3.22 	1.40 	4.65 	0.00 	4.49 	0.00 
5855 	0.96 	0.42 	1.39 	0.00 	1.33 	0.00 
42332 	5.71 	2.54 	8.30 	0.00 	8.00 	0.00 
29573 	4.72 	2.09 	6.86 	0.00 	6.59 	0.00 
132623 	16.99 	7.62 	24.80 	0.00 	23.93 	0.00 
17870 	2.88 	1.29 	4.16 	0.00 	4.05 	0.00 
36810 	5.28 	2.35 	7.62 	0.00 	7.40 	0.00 
28103 	4.47 	1.97 	6.44 	0.00 	6.24 	0.00 
227198 	25.08 	11.34 	36.82 	0.00 	35.53 	0.00 
133030 	18.27 	8.14 	26.64 	0.00 	25.50 	0.00 
56930 	7.31 	3.20 	10.52 	0.00 	10.12 	0.00 
20436 	3.32 	1.47 	4.84 	0.00 	4.67 	0.00 
54330 	8.31 	3.64 	12.00 	0.00 	11.57 	0.00 
5163191 	168.96 	75.14 	246.17 	0.00 	235.58 	0.00 
63644 	9.17 	4.02 	13.21 	0.00 	12.78 	0.00 
5815 	0.77 	0.34 	1.12 	0.00 	1.09 	0.00 
5570 	0.90 	0.39 	1.30 	0.00 	1.25 	0.00 
184667 	22.03 	9.84 	31.95 	0.00 	30.93 	0.00 
3781 	0.62 	0.27 	0.90 	0.00 	0.87 	0.00 
76840 	11.09 	4.93 	16.10 	0.00 	15.49 	0.00 
1048933 	75.76 	33.87 	109.77 	0.00 	105.59 	0.00 
34382 	5.14 	2.26 	7.40 	0.00 	7.14 	0.00 
75741 	11.59 	5.13 	16.80 	0.00 	16.04 	0.00 
21884 	2.59 	1.14 	3.75 	0.00 	3.62 	0.00 
52363 	7.28 	3.20 	10.52 	0.00 	10.12 	0.00 
34502 	4.91 	2.17 	7.10 	0.00 	6.85 	0.00 
22778 	3.72 	1.64 	5.39 	0.00 	5.19 	0.00 
33847 	3.68 	1.64 	5.31 	0.00 	5.13 	0.00 
3366 	0.55 	0.24 	0.79 	0.00 	0.76 	0.00 
85624 	12.42 	5.46 	17.90 	0.00 	17.41 	0.00 
20602 	2.72 	1.21 	3.95 	0.00 	3.80 	0.00 
1481 	0.24 	0.11 	0.35 	0.00 	0.34 	0.00 
8705 	1.45 	0.64 	2.11 	0.00 	2.02 	0.00 
3448 	0.57 	0.25 	0.83 	0.00 	0.80 	0.00 
13342 	2.21 	0.98 	3.19 	0.00 	3.07 	0.00 
34018 	5.54 	2.45 	8.05 	0.00 	7.76 	0.00 
2279 	0.37 	0.17 	0.54 	0.00 	0.52 	0.00 
240759 	21.70 	9.65 	31.43 	0.00 	30.47 	0.00 
5053 	0.82 	0.36 	1.20 	0.00 	1.15 	0.00 
38906 	5.06 	2.23 	7.30 	0.00 	7.07 	0.00 
163771 	22.23 	9.75 	32.24 	0.00 	30.94 	0.00 
19034 	3.10 	1.38 	4.50 	0.00 	4.36 	0.00 
13956 	2.26 	0.99 	3.26 	0.00 	3.13 	0.00 
111150 	15.68 	6.89 	22.43 	0.00 	21.62 	0.00 
30187 	3.86 	1.70 	5.60 	0.00 	5.39 	0.00 
35259 	5.10 	2.27 	7.38 	0.00 	7.12 	0.00 
393 	0.06 	0.03 	0.09 	0.00 	0.09 	0.00 
746 	0.12 	0.05 	0.18 	0.00 	0.17 	0.00 
49381 	5.90 	2.62 	8.61 	0.00 	8.17 	0.00 
4432 	0.73 	0.32 	1.05 	0.00 	1.01 	0.00 
254 	0.04 	0.02 	0.06 	0.00 	0.06 	0.00 
3504 	0.60 	0.26 	0.86 	0.00 	0.83 	0.00 
30833 	3.09 	1.37 	4.48 	0.00 	4.31 	0.00 
3400 	0.55 	0.25 	0.80 	0.00 	0.78 	0.00 
6914 	1.13 	0.50 	1.64 	0.00 	1.56 	0.00 
322344 	28.46 	12.51 	41.22 	0.00 	39.74 	0.00 
47940 	6.79 	2.97 	9.81 	0.00 	9.37 	0.00 
13091 	2.09 	0.94 	3.02 	0.00 	2.94 	0.00 
19113 	2.78 	1.23 	4.02 	0.00 	3.84 	0.00 
18479 	3.05 	1.35 	4.44 	0.00 	4.26 	0.00 
16257 	2.66 	1.17 	3.86 	0.00 	3.67 	0.00 
16509 	2.73 	1.21 	3.94 	0.00 	3.82 	0.00 
73512 	11.04 	4.86 	15.89 	0.00 	15.39 	0.00 
22777 	3.34 	1.48 	4.82 	0.00 	4.64 	0.00 
3226 	0.52 	0.23 	0.76 	0.00 	0.73 	0.00 
10689 	1.74 	0.77 	2.52 	0.00 	2.43 	0.00 
2258556 	91.08 	40.62 	131.76 	0.00 	127.49 	0.00 
18510 	2.96 	1.31 	4.28 	0.00 	4.13 	0.00 
83 	0.01 	0.01 	0.02 	0.00 	0.02 	0.00 
278074 	16.60 	7.45 	24.07 	0.00 	23.42 	0.00 
5516 	0.91 	0.40 	1.31 	0.00 	1.27 	0.00 
13262 	2.16 	0.95 	3.11 	0.00 	2.99 	0.00 
9887 	1.61 	0.71 	2.33 	0.00 	2.23 	0.00 
4553 	0.75 	0.33 	1.08 	0.00 	1.04 	0.00 
3938 	0.63 	0.28 	0.91 	0.00 	0.88 	0.00 
34584 	4.56 	2.00 	6.62 	0.00 	6.35 	0.00 
54528 	4.60 	2.03 	6.67 	0.00 	6.40 	0.00 
10529 	1.73 	0.76 	2.49 	0.00 	2.40 	0.00 
7930 	1.31 	0.57 	1.89 	0.00 	1.82 	0.00 
231164 	23.89 	10.71 	34.86 	0.00 	33.48 	0.00 
636 	0.10 	0.05 	0.15 	0.00 	0.14 	0.00 
46688 	7.18 	3.19 	10.42 	0.00 	10.02 	0.00 
2092 	0.34 	0.15 	0.50 	0.00 	0.48 	0.00 
138020 	8.40 	3.73 	12.17 	0.00 	11.71 	0.00 
23876 	3.97 	1.76 	5.77 	0.00 	5.52 	0.00 
4657 	0.76 	0.33 	1.09 	0.00 	1.05 	0.00 
8869 	1.02 	0.45 	1.48 	0.00 	1.43 	0.00 
19047 	3.10 	1.37 	4.50 	0.00 	4.33 	0.00 
583 	0.10 	0.04 	0.14 	0.00 	0.13 	0.00 
704055 	55.89 	25.10 	81.56 	0.00 	78.10 	0.00 
21350 	2.24 	0.98 	3.23 	0.00 	3.13 	0.00 
12218 	2.00 	0.88 	2.89 	0.00 	2.78 	0.00 
1095 	0.18 	0.08 	0.26 	0.00 	0.25 	0.00 
63309 	8.20 	3.65 	11.81 	0.00 	11.43 	0.00 
46439 	6.08 	2.70 	8.79 	0.00 	8.50 	0.00 
13746 	2.22 	0.99 	3.21 	0.00 	3.08 	0.00 
14312 	1.52 	0.68 	2.21 	0.00 	2.13 	0.00 
367445 	20.39 	9.04 	29.57 	0.00 	28.42 	0.00 
10164 	1.01 	0.44 	1.46 	0.00 	1.41 	0.00 
17620 	2.87 	1.27 	4.16 	0.00 	4.02 	0.00 
1919 	0.31 	0.14 	0.44 	0.00 	0.43 	0.00 
76967 	10.30 	4.54 	14.90 	0.00 	14.29 	0.00 
27099 	3.63 	1.61 	5.27 	0.00 	5.06 	0.00 
23018 	3.81 	1.68 	5.49 	0.00 	5.32 	0.00 
122976 	18.57 	8.17 	26.88 	0.00 	25.82 	0.00 
9737 	1.62 	0.71 	2.33 	0.00 	2.24 	0.00 
14413 	1.94 	0.86 	2.82 	0.00 	2.72 	0.00 
44602 	7.20 	3.21 	10.45 	0.00 	10.10 	0.00 
120398 	7.41 	3.29 	10.75 	0.00 	10.34 	0.00 
7627 	1.24 	0.55 	1.79 	0.00 	1.74 	0.00 
88248 	12.95 	5.74 	18.82 	0.00 	18.09 	0.00 
11240 	1.82 	0.81 	2.64 	0.00 	2.55 	0.00 
118228 	7.21 	3.22 	10.50 	0.00 	10.08 	0.00 
3225 	0.54 	0.24 	0.77 	0.00 	0.75 	0.00 
3241 	0.53 	0.23 	0.75 	0.00 	0.73 	0.00 
11814 	1.91 	0.85 	2.78 	0.00 	2.67 	0.00 
13348 	1.57 	0.69 	2.28 	0.00 	2.19 	0.00 
6913 	1.13 	0.50 	1.64 	0.00 	1.59 	0.00 
890 	0.15 	0.07 	0.21 	0.00 	0.20 	0.00 
16109 	2.67 	1.18 	3.87 	0.00 	3.72 	0.00 
102908 	10.11 	4.54 	14.75 	0.00 	14.08 	0.00 
14700 	1.41 	0.63 	2.06 	0.00 	1.96 	0.00 
361923 	39.18 	17.23 	56.41 	0.00 	54.54 	0.00 
9731 	1.60 	0.71 	2.31 	0.00 	2.22 	0.00 
53130 	7.56 	3.39 	10.96 	0.00 	10.53 	0.00 
10493 	1.72 	0.76 	2.50 	0.00 	2.40 	0.00 
8408 	1.38 	0.62 	2.01 	0.00 	1.94 	0.00 
26615 	4.52 	1.98 	6.54 	0.00 	6.26 	0.00 
62639 	7.21 	3.16 	10.38 	0.00 	9.97 	0.00 
5827 	0.95 	0.42 	1.37 	0.00 	1.32 	0.00 
3485 	0.58 	0.26 	0.84 	0.00 	0.81 	0.00 
16320 	1.97 	0.87 	2.85 	0.00 	2.76 	0.00 
3267 	0.54 	0.24 	0.78 	0.00 	0.75 	0.00 
201240 	13.15 	5.87 	19.01 	0.00 	18.51 	0.00 
24334 	4.01 	1.77 	5.79 	0.00 	5.59 	0.00 
3084 	0.51 	0.22 	0.74 	0.00 	0.70 	0.00 
211927 	25.86 	11.59 	37.60 	0.00 	35.96 	0.00 
8672 	1.47 	0.65 	2.12 	0.00 	2.02 	0.00 
60584 	7.57 	3.36 	10.95 	0.00 	10.72 	0.00 
9159 	1.50 	0.67 	2.17 	0.00 	2.10 	0.00 
1022 	0.17 	0.07 	0.24 	0.00 	0.24 	0.00 
1358 	0.22 	0.10 	0.32 	0.00 	0.31 	0.00 
3944 	0.63 	0.28 	0.91 	0.00 	0.88 	0.00 
7338 	1.21 	0.53 	1.75 	0.00 	1.68 	0.00 
8919 	1.02 	0.46 	1.50 	0.00 	1.44 	0.00 
2217153 	89.32 	39.79 	129.73 	0.00 	124.63 	0.00 
126877 	9.08 	4.04 	13.20 	0.00 	12.74 	0.00 
911 	0.15 	0.07 	0.22 	0.00 	0.21 	0.00 
12022 	1.32 	0.59 	1.92 	0.00 	1.84 	0.00 
1506 	0.24 	0.11 	0.35 	0.00 	0.34 	0.00 
32187 	4.36 	1.94 	6.34 	0.00 	6.08 	0.00 
107106 	9.95 	4.42 	14.42 	0.00 	14.02 	0.00 
1487178 	68.20 	30.34 	99.09 	0.00 	95.69 	0.00 
14187 	2.27 	1.01 	3.30 	0.00 	3.18 	0.00 
21037 	3.43 	1.52 	4.98 	0.00 	4.80 	0.00 
1512 	0.25 	0.11 	0.36 	0.00 	0.35 	0.00 
38515 	6.31 	2.80 	9.17 	0.00 	8.77 	0.00 
3187 	0.52 	0.23 	0.76 	0.00 	0.73 	0.00 
25323 	2.91 	1.29 	4.24 	0.00 	4.07 	0.00 
47987 	4.80 	2.13 	6.94 	0.00 	6.69 	0.00 
51837 	8.54 	3.76 	12.34 	0.00 	11.83 	0.00 
83673 	9.13 	4.09 	13.29 	0.00 	12.85 	0.00 
66611 	9.11 	4.00 	13.21 	0.00 	12.54 	0.00 
44193 	7.12 	3.17 	10.34 	0.00 	9.92 	0.00 
10087 	1.17 	0.52 	1.70 	0.00 	1.63 	0.00 
33308 	4.54 	2.01 	6.55 	0.00 	6.28 	0.00 
6681 	1.07 	0.48 	1.55 	0.00 	1.49 	0.00 
321011 	12.84 	5.73 	18.59 	0.00 	17.95 	0.00 
39384 	5.38 	2.36 	7.81 	0.00 	7.40 	0.00 
5199 	0.85 	0.38 	1.23 	0.00 	1.18 	0.00 
125357 	12.05 	5.33 	17.48 	0.00 	16.69 	0.00 
12578 	1.30 	0.57 	1.87 	0.00 	1.81 	0.00 
21693 	2.59 	1.16 	3.77 	0.00 	3.62 	0.00 
654568 	42.49 	19.04 	61.82 	0.00 	59.45 	0.00 
44815 	6.74 	2.98 	9.73 	0.00 	9.34 	0.00 
6761 	0.68 	0.31 	0.99 	0.00 	0.95 	0.00 
60390 	9.64 	4.26 	13.90 	0.00 	13.46 	0.00 
36498 	4.78 	2.12 	6.96 	0.00 	6.67 	0.00 
42052 	6.79 	3.06 	9.88 	0.00 	9.58 	0.00 
7452 	1.20 	0.54 	1.75 	0.00 	1.67 	0.00 
17903 	2.38 	1.05 	3.46 	0.00 	3.32 	0.00 
14028 	1.63 	0.72 	2.35 	0.00 	2.26 	0.00 
11168 	1.32 	0.58 	1.90 	0.00 	1.84 	0.00 
16622 	2.71 	1.18 	3.90 	0.00 	3.80 	0.00 
44462 	6.81 	3.04 	9.86 	0.00 	9.54 	0.00 
38734 	5.57 	2.48 	8.07 	0.00 	7.81 	0.00 
20550 	2.68 	1.19 	3.89 	0.00 	3.75 	0.00 
84915 	12.66 	5.64 	18.36 	0.00 	17.76 	0.00 
13178 	2.13 	0.95 	3.08 	0.00 	2.95 	0.00 
413487 	35.55 	15.66 	51.41 	0.00 	49.69 	0.00 
11981 	1.99 	0.88 	2.89 	0.00 	2.77 	0.00 
5869 	0.96 	0.43 	1.39 	0.00 	1.35 	0.00 
29110 	4.80 	2.13 	6.94 	0.00 	6.69 	0.00 
7661 	1.25 	0.56 	1.82 	0.00 	1.75 	0.00 
37006 	5.88 	2.57 	8.52 	0.00 	8.22 	0.00 
49813 	7.42 	3.24 	10.77 	0.00 	10.23 	0.00 
6521 	1.07 	0.48 	1.57 	0.00 	1.49 	0.00 
10172 	1.66 	0.74 	2.40 	0.00 	2.30 	0.00 
22488 	2.69 	1.19 	3.89 	0.00 	3.74 	0.00 
2818 	0.46 	0.20 	0.67 	0.00 	0.64 	0.00 
3041 	0.50 	0.22 	0.72 	0.00 	0.69 	0.00 
8403 	1.38 	0.61 	2.00 	0.00 	1.93 	0.00 
1019089 	45.60 	20.53 	66.15 	0.00 	64.16 	0.00 
2869 	0.46 	0.20 	0.67 	0.00 	0.65 	0.00 
20090 	3.26 	1.43 	4.70 	0.00 	4.53 	0.00 
118778 	16.84 	7.52 	24.39 	0.00 	23.29 	0.00 
13275 	2.22 	0.98 	3.20 	0.00 	3.09 	0.00 
3938 	0.65 	0.29 	0.95 	0.00 	0.91 	0.00 
37267 	5.09 	2.23 	7.35 	0.00 	7.04 	0.00 
8681 	1.40 	0.62 	2.02 	0.00 	1.94 	0.00 
72257 	9.07 	4.00 	13.10 	0.00 	12.62 	0.00 
1327 	0.22 	0.10 	0.32 	0.00 	0.31 	0.00 
4297 	0.70 	0.31 	1.01 	0.00 	0.98 	0.00 
3438 	0.57 	0.25 	0.81 	0.00 	0.79 	0.00 
5513 	0.89 	0.39 	1.29 	0.00 	1.24 	0.00 
2130 	0.35 	0.16 	0.51 	0.00 	0.49 	0.00 
6684 	0.68 	0.30 	0.98 	0.00 	0.95 	0.00 
2783153 	85.41 	37.92 	123.70 	0.00 	119.78 	0.00 
12790 	1.43 	0.64 	2.08 	0.00 	1.99 	0.00 
18704 	1.93 	0.86 	2.79 	0.00 	2.68 	0.00 
1742 	0.28 	0.12 	0.41 	0.00 	0.40 	0.00 
5048 	0.84 	0.37 	1.21 	0.00 	1.17 	0.00 
835825 	46.14 	20.54 	67.01 	0.00 	64.88 	0.00 
19095 	2.81 	1.24 	4.09 	0.00 	3.89 	0.00 
2243 	0.36 	0.16 	0.53 	0.00 	0.50 	0.00 
9450 	1.53 	0.68 	2.22 	0.00 	2.15 	0.00 
3464 	0.57 	0.25 	0.82 	0.00 	0.79 	0.00 
12157 	1.96 	0.88 	2.86 	0.00 	2.74 	0.00 
17795 	2.91 	1.30 	4.21 	0.00 	4.05 	0.00 
135856 	8.21 	3.67 	11.96 	0.00 	11.51 	0.00 
1859 	0.30 	0.14 	0.44 	0.00 	0.43 	0.00 
44568 	6.73 	2.97 	9.76 	0.00 	9.45 	0.00 
955810 	38.19 	17.09 	55.54 	0.00 	53.58 	0.00 
158267 	22.29 	9.89 	32.43 	0.00 	31.14 	0.00 
37913 	5.13 	2.26 	7.43 	0.00 	7.11 	0.00 
16742 	2.65 	1.17 	3.86 	0.00 	3.75 	0.00 
33087 	4.94 	2.18 	7.15 	0.00 	6.92 	0.00 
24255 	3.92 	1.71 	5.64 	0.00 	5.42 	0.00 
3724 	0.62 	0.28 	0.90 	0.00 	0.87 	0.00 
5781 	0.95 	0.42 	1.37 	0.00 	1.31 	0.00 
1200 	0.20 	0.09 	0.28 	0.00 	0.28 	0.00 
785816 	43.26 	19.25 	62.40 	0.00 	61.17 	0.00 
28743 	4.59 	2.05 	6.70 	0.00 	6.39 	0.00 
10183 	1.63 	0.72 	2.35 	0.00 	2.27 	0.00 
19525 	3.18 	1.41 	4.60 	0.00 	4.42 	0.00 
16698 	2.19 	0.97 	3.17 	0.00 	3.03 	0.00 
17917 	2.53 	1.13 	3.66 	0.00 	3.53 	0.00 
342029 	31.41 	14.17 	45.58 	0.00 	43.75 	0.00 
6752 	0.65 	0.29 	0.95 	0.00 	0.91 	0.00 
25062 	3.57 	1.58 	5.15 	0.00 	4.97 	0.00 
1117 	0.18 	0.08 	0.26 	0.00 	0.25 	0.00 
6921 	1.16 	0.52 	1.67 	0.00 	1.62 	0.00 
19188 	2.74 	1.21 	3.97 	0.00 	3.82 	0.00 
7009 	1.15 	0.51 	1.67 	0.00 	1.62 	0.00 
21435 	2.06 	0.91 	3.00 	0.00 	2.86 	0.00 
118661 	16.27 	7.14 	23.49 	0.00 	22.54 	0.00 
119636 	14.64 	6.56 	21.34 	0.00 	20.41 	0.00 
26539 	3.88 	1.72 	5.64 	0.00 	5.43 	0.00 
164789 	17.31 	7.83 	25.24 	0.00 	24.57 	0.00 
34631 	4.08 	1.81 	5.92 	0.00 	5.69 	0.00 
3074 	0.50 	0.22 	0.72 	0.00 	0.70 	0.00 
8242 	1.31 	0.59 	1.91 	0.00 	1.83 	0.00 
5442 	0.88 	0.39 	1.28 	0.00 	1.24 	0.00 
3782 	0.62 	0.27 	0.90 	0.00 	0.86 	0.00 
5766 	0.94 	0.42 	1.36 	0.00 	1.30 	0.00 
8152 	1.22 	0.54 	1.76 	0.00 	1.69 	0.00 
43032 	5.43 	2.39 	7.87 	0.00 	7.53 	0.00 
9260 	1.48 	0.65 	2.14 	0.00 	2.07 	0.00 
6323 	1.01 	0.44 	1.46 	0.00 	1.41 	0.00 
10555 	1.71 	0.75 	2.48 	0.00 	2.38 	0.00 
8744 	1.39 	0.62 	2.02 	0.00 	1.96 	0.00 
1342 	0.22 	0.10 	0.31 	0.00 	0.30 	0.00 
2007 	0.32 	0.14 	0.46 	0.00 	0.45 	0.00 
1218320 	31.56 	14.04 	45.71 	0.00 	44.34 	0.00 
12446 	1.98 	0.87 	2.87 	0.00 	2.75 	0.00 
44289 	5.72 	2.52 	8.22 	0.00 	7.90 	0.00 
25016 	3.98 	1.75 	5.78 	0.00 	5.55 	0.00 
18088 	2.52 	1.11 	3.65 	0.00 	3.51 	0.00 
33439 	5.28 	2.33 	7.62 	0.00 	7.33 	0.00 
68193 	6.87 	3.03 	9.93 	0.00 	9.53 	0.00 
29756 	4.06 	1.80 	5.90 	0.00 	5.66 	0.00 
769685 	35.97 	16.10 	52.04 	0.00 	50.67 	0.00 
22842 	2.95 	1.29 	4.25 	0.00 	4.11 	0.00 
132469 	13.79 	6.03 	19.84 	0.00 	19.09 	0.00 
2417 	0.39 	0.17 	0.56 	0.00 	0.54 	0.00 
280674 	15.76 	7.04 	22.95 	0.00 	22.29 	0.00 
101601 	9.86 	4.39 	14.26 	0.00 	13.87 	0.00 
18264 	2.40 	1.05 	3.47 	0.00 	3.36 	0.00 
962 	0.15 	0.07 	0.22 	0.00 	0.22 	0.00 
379595 	18.65 	8.31 	27.10 	0.00 	26.09 	0.00 
17091 	2.77 	1.21 	4.00 	0.00 	3.85 	0.00 
9167 	1.45 	0.64 	2.10 	0.00 	2.03 	0.00 
4482 	0.72 	0.32 	1.04 	0.00 	1.01 	0.00 
37483 	7.04 	3.10 	10.20 	0.00 	9.83 	0.00 
27803 	5.11 	2.26 	7.39 	0.00 	7.18 	0.00 
62173 	10.22 	4.57 	14.85 	0.00 	14.31 	0.00 
60782 	10.00 	4.41 	14.45 	0.00 	13.94 	0.00 
44998 	7.58 	3.34 	10.98 	0.00 	10.49 	0.00 
57167 	10.17 	4.49 	14.65 	0.00 	14.19 	0.00 
37751 	6.32 	2.78 	9.14 	0.00 	8.85 	0.00 
32095 	6.09 	2.69 	8.87 	0.00 	8.51 	0.00 
162051 	21.44 	9.48 	31.08 	0.00 	30.19 	0.00 
6168 	1.15 	0.50 	1.66 	0.00 	1.60 	0.00 
49119 	8.55 	3.76 	12.40 	0.00 	11.95 	0.00 
7080 	1.31 	0.58 	1.90 	0.00 	1.83 	0.00 
25212 	4.73 	2.10 	6.84 	0.00 	6.60 	0.00 
29479 	5.44 	2.37 	7.86 	0.00 	7.55 	0.00 
31789 	6.20 	2.72 	8.97 	0.00 	8.72 	0.00 
4620 	0.91 	0.40 	1.32 	0.00 	1.26 	0.00 
24783 	4.17 	1.84 	6.04 	0.00 	5.82 	0.00 
38302 	7.24 	3.19 	10.49 	0.00 	10.09 	0.00 
477821 	35.60 	15.87 	51.75 	0.00 	49.66 	0.00 
34880 	5.79 	2.52 	8.33 	0.00 	8.08 	0.00 
16892 	1.78 	0.79 	2.59 	0.00 	2.50 	0.00 
7509 	1.48 	0.65 	2.13 	0.00 	2.07 	0.00 
238375 	15.29 	6.78 	22.15 	0.00 	21.33 	0.00 
93149 	13.40 	5.84 	19.26 	0.00 	18.54 	0.00 
100173 	7.17 	3.17 	10.39 	0.00 	10.02 	0.00 
22776 	4.40 	1.94 	6.36 	0.00 	6.18 	0.00 
72335 	14.19 	6.25 	20.57 	0.00 	20.00 	0.00 
79380 	14.97 	6.70 	21.72 	0.00 	20.96 	0.00 
28960 	5.52 	2.47 	8.00 	0.00 	7.81 	0.00 
24588 	2.74 	1.21 	3.96 	0.00 	3.82 	0.00 
23235 	4.53 	2.03 	6.56 	0.00 	6.36 	0.00 
44627 	8.42 	3.73 	12.13 	0.00 	11.83 	0.00 
32006 	6.20 	2.73 	8.97 	0.00 	8.66 	0.00 
19531 	3.76 	1.66 	5.44 	0.00 	5.28 	0.00 
135626 	21.71 	9.69 	31.59 	0.00 	30.47 	0.00 
143975 	20.15 	8.83 	29.01 	0.00 	27.93 	0.00 
23692 	2.24 	1.01 	3.25 	0.00 	3.15 	0.00 
6722 	0.81 	0.36 	1.16 	0.00 	1.13 	0.00 
92289 	14.29 	6.25 	20.57 	0.00 	19.70 	0.00 
7124 	1.38 	0.61 	1.99 	0.00 	1.92 	0.00 
12131 	2.39 	1.05 	3.43 	0.00 	3.30 	0.00 
45250 	7.93 	3.50 	11.50 	0.00 	11.21 	0.00 
450000 	25.16 	11.12 	36.45 	0.00 	35.25 	0.00 
39757 	6.96 	3.08 	10.06 	0.00 	9.69 	0.00 
56274 	10.27 	4.62 	14.96 	0.00 	14.44 	0.00 
21875 	2.28 	1.01 	3.30 	0.00 	3.23 	0.00 
17647 	3.43 	1.52 	4.98 	0.00 	4.81 	0.00 
15675 	1.70 	0.75 	2.44 	0.00 	2.36 	0.00 
6825 	1.36 	0.60 	1.97 	0.00 	1.90 	0.00 
26412 	2.12 	0.94 	3.07 	0.00 	2.99 	0.00 
41429 	7.62 	3.37 	11.03 	0.00 	10.71 	0.00 
29937 	5.23 	2.32 	7.55 	0.00 	7.32 	0.00 
68906 	9.07 	4.07 	13.23 	0.00 	12.77 	0.00 
33852 	6.52 	2.87 	9.42 	0.00 	9.16 	0.00 
17770 	2.10 	0.94 	3.05 	0.00 	2.98 	0.00 
17339 	3.42 	1.50 	4.92 	0.00 	4.80 	0.00 
22996 	4.55 	2.01 	6.58 	0.00 	6.35 	0.00 
17741 	3.46 	1.53 	5.03 	0.00 	4.86 	0.00 
6802 	0.69 	0.31 	1.00 	0.00 	0.97 	0.00 
97001 	16.15 	7.10 	23.30 	0.00 	22.53 	0.00 
55247 	10.22 	4.51 	14.80 	0.00 	14.39 	0.00 
31051 	5.76 	2.55 	8.30 	0.00 	8.13 	0.00 
30467 	5.98 	2.63 	8.60 	0.00 	8.37 	0.00 
7469 	1.45 	0.64 	2.10 	0.00 	2.04 	0.00 
12606 	2.46 	1.09 	3.54 	0.00 	3.42 	0.00 
52541 	3.57 	1.60 	5.19 	0.00 	5.04 	0.00 
239985 	21.70 	9.51 	31.30 	0.00 	30.19 	0.00 
368401 	48.54 	21.83 	70.97 	0.00 	67.98 	0.00 
14564 	2.80 	1.25 	4.05 	0.00 	3.93 	0.00 
3537 	0.67 	0.30 	0.97 	0.00 	0.94 	0.00 
160454 	2.93 	1.31 	4.27 	0.00 	4.08 	0.00 
19448 	2.34 	1.04 	3.41 	0.00 	3.28 	0.00 
6407 	0.67 	0.29 	0.96 	0.00 	0.93 	0.00 
5204 	1.00 	0.44 	1.45 	0.00 	1.40 	0.00 
51887 	9.07 	3.99 	13.05 	0.00 	12.75 	0.00 
10366 	1.97 	0.87 	2.83 	0.00 	2.75 	0.00 
41559 	4.15 	1.84 	6.04 	0.00 	5.84 	0.00 
15974 	3.07 	1.37 	4.45 	0.00 	4.30 	0.00 
29422 	5.67 	2.50 	8.22 	0.00 	7.94 	0.00 
6022 	0.62 	0.28 	0.90 	0.00 	0.87 	0.00 
11574 	2.24 	0.99 	3.25 	0.00 	3.15 	0.00 
11948 	2.33 	1.02 	3.35 	0.00 	3.25 	0.00 
1241854 	49.73 	22.25 	71.89 	0.00 	69.51 	0.00 
25509 	0.58 	0.26 	0.84 	0.00 	0.81 	0.00 
14409 	0.27 	0.12 	0.39 	0.00 	0.37 	0.00 
69509 	12.30 	5.41 	17.84 	0.00 	17.18 	0.00 
15915 	3.10 	1.38 	4.50 	0.00 	4.36 	0.00 
28046 	4.65 	2.08 	6.77 	0.00 	6.53 	0.00 
67768 	12.76 	5.69 	18.45 	0.00 	17.91 	0.00 
86800 	13.64 	6.08 	19.77 	0.00 	19.07 	0.00 
26333 	2.56 	1.14 	3.73 	0.00 	3.57 	0.00 
7217 	1.34 	0.59 	1.94 	0.00 	1.89 	0.00 
13343 	2.66 	1.17 	3.83 	0.00 	3.69 	0.00 
17644 	3.23 	1.43 	4.70 	0.00 	4.55 	0.00 
37607 	6.83 	3.01 	9.85 	0.00 	9.52 	0.00 
23680 	4.60 	2.05 	6.66 	0.00 	6.42 	0.00 
15269 	2.98 	1.33 	4.32 	0.00 	4.15 	0.00 
19638 	3.89 	1.72 	5.63 	0.00 	5.46 	0.00 
12514 	2.41 	1.07 	3.52 	0.00 	3.35 	0.00 
35901 	6.98 	3.12 	10.19 	0.00 	9.75 	0.00 
138376 	8.01 	3.59 	11.66 	0.00 	11.37 	0.00 
110764 	17.92 	7.98 	26.03 	0.00 	25.16 	0.00 
52504 	3.78 	1.67 	5.49 	0.00 	5.27 	0.00 
32536 	6.47 	2.82 	9.35 	0.00 	8.99 	0.00 
350863 	32.77 	14.57 	47.67 	0.00 	45.73 	0.00 
53228 	9.72 	4.31 	14.05 	0.00 	13.63 	0.00 
2280 	0.44 	0.19 	0.64 	0.00 	0.63 	0.00 
24924 	2.69 	1.20 	3.90 	0.00 	3.77 	0.00 
37401 	6.70 	2.99 	9.73 	0.00 	9.34 	0.00 
75933 	11.70 	5.14 	16.94 	0.00 	16.35 	0.00 
7147 	1.39 	0.62 	2.02 	0.00 	1.96 	0.00 
26208 	5.19 	2.27 	7.50 	0.00 	7.19 	0.00 
16930 	3.26 	1.44 	4.71 	0.00 	4.56 	0.00 
11060 	2.18 	0.96 	3.16 	0.00 	3.07 	0.00 
15854 	3.12 	1.37 	4.50 	0.00 	4.32 	0.00 
26358 	5.22 	2.30 	7.55 	0.00 	7.27 	0.00 
7287 	0.63 	0.28 	0.91 	0.00 	0.88 	0.00 
403351 	32.11 	14.24 	46.44 	0.00 	44.79 	0.00 
36522 	7.14 	3.14 	10.33 	0.00 	9.93 	0.00 
12959 	2.54 	1.11 	3.66 	0.00 	3.51 	0.00 
79828 	10.18 	4.57 	14.75 	0.00 	14.39 	0.00 
13651 	2.71 	1.18 	3.89 	0.00 	3.74 	0.00 
41804 	1.36 	0.61 	1.97 	0.00 	1.91 	0.00 
14734 	0.35 	0.15 	0.50 	0.00 	0.48 	0.00 
13598 	1.37 	0.60 	1.97 	0.00 	1.92 	0.00 
234485 	5.03 	2.25 	7.30 	0.00 	7.01 	0.00 
8842 	1.73 	0.76 	2.51 	0.00 	2.44 	0.00 
32751 	6.52 	2.84 	9.39 	0.00 	9.07 	0.00 
11268 	2.20 	0.97 	3.19 	0.00 	3.07 	0.00 
98172 	13.50 	5.97 	19.55 	0.00 	18.85 	0.00 
15216 	2.99 	1.31 	4.30 	0.00 	4.11 	0.00 
20449 	3.97 	1.75 	5.75 	0.00 	5.57 	0.00 
184795 	13.06 	5.69 	18.85 	0.00 	18.23 	0.00 
249289 	5.33 	2.36 	7.74 	0.00 	7.42 	0.00 
12126 	2.32 	1.02 	3.34 	0.00 	3.24 	0.00 
12333 	2.41 	1.07 	3.50 	0.00 	3.37 	0.00 
76835 	15.02 	6.63 	21.70 	0.00 	20.82 	0.00 
3900 	0.74 	0.33 	1.07 	0.00 	1.03 	0.00 
15940 	3.15 	1.39 	4.58 	0.00 	4.39 	0.00 
35930 	6.55 	2.90 	9.49 	0.00 	9.13 	0.00 
24229 	4.83 	2.12 	6.94 	0.00 	6.72 	0.00 
18247 	3.54 	1.56 	5.11 	0.00 	4.95 	0.00 
34947 	4.54 	2.01 	6.60 	0.00 	6.34 	0.00 
64533 	12.59 	5.55 	18.17 	0.00 	17.50 	0.00 
11976 	1.63 	0.73 	2.36 	0.00 	2.26 	0.00 
96848 	5.67 	2.51 	8.18 	0.00 	7.93 	0.00 
30013 	5.96 	2.61 	8.64 	0.00 	8.27 	0.00 
22013 	3.43 	1.51 	4.95 	0.00 	4.77 	0.00 
8531 	1.67 	0.74 	2.41 	0.00 	2.32 	0.00 
102075 	9.61 	4.21 	13.91 	0.00 	13.33 	0.00 
2505 	0.49 	0.22 	0.71 	0.00 	0.68 	0.00 
106217 	15.66 	6.83 	22.49 	0.00 	21.81 	0.00 
84058 	14.58 	6.37 	21.05 	0.00 	20.09 	0.00 
90510 	15.16 	6.59 	21.85 	0.00 	21.11 	0.00 
34621 	5.92 	2.63 	8.61 	0.00 	8.35 	0.00 
2190728 	111.87 	48.94 	161.38 	0.00 	156.84 	0.00 
286171 	40.91 	18.07 	59.07 	0.00 	56.89 	0.00 
49137 	7.20 	3.19 	10.41 	0.00 	10.02 	0.00 
24765 	2.73 	1.21 	3.96 	0.00 	3.81 	0.00 
23282 	4.48 	1.97 	6.47 	0.00 	6.26 	0.00 
87584 	14.76 	6.50 	21.27 	0.00 	20.54 	0.00 
12017 	2.32 	1.03 	3.36 	0.00 	3.25 	0.00 
72133 	12.75 	5.65 	18.56 	0.00 	17.96 	0.00 
47996 	9.04 	3.99 	13.04 	0.00 	12.62 	0.00 
23516 	4.59 	2.02 	6.62 	0.00 	6.42 	0.00 
14996 	2.91 	1.26 	4.16 	0.00 	4.02 	0.00 
910420 	83.22 	37.21 	121.07 	0.00 	117.18 	0.00 
18081 	3.50 	1.55 	5.08 	0.00 	4.92 	0.00 
136874 	19.24 	8.41 	27.77 	0.00 	26.84 	0.00 
210737 	19.17 	8.43 	27.75 	0.00 	26.53 	0.00 
12594 	2.39 	1.06 	3.47 	0.00 	3.38 	0.00 
830792 	66.15 	29.43 	95.89 	0.00 	92.66 	0.00 
540205 	44.45 	19.76 	64.24 	0.00 	62.42 	0.00 
50476 	9.22 	4.11 	13.35 	0.00 	13.06 	0.00 
301731 	42.31 	18.63 	61.16 	0.00 	58.99 	0.00 
4249 	0.83 	0.37 	1.20 	0.00 	1.16 	0.00 
67246 	7.25 	3.21 	10.52 	0.00 	10.16 	0.00 
242182 	29.20 	12.99 	42.43 	0.00 	40.72 	0.00 
51930 	6.18 	2.74 	8.92 	0.00 	8.66 	0.00 
281751 	31.17 	13.78 	45.18 	0.00 	43.68 	0.00 
83778 	9.64 	4.25 	13.99 	0.00 	13.45 	0.00 
83059 	13.53 	5.89 	19.53 	0.00 	18.75 	0.00 
507774 	35.43 	15.68 	51.61 	0.00 	49.52 	0.00 
4594 	0.89 	0.39 	1.29 	0.00 	1.24 	0.00 
117964 	15.10 	6.70 	21.87 	0.00 	21.12 	0.00 
44452 	4.47 	1.97 	6.45 	0.00 	6.21 	0.00 
16542 	2.44 	1.07 	3.52 	0.00 	3.39 	0.00 
44414 	6.02 	2.67 	8.72 	0.00 	8.24 	0.00 
8985 	1.34 	0.59 	1.94 	0.00 	1.85 	0.00 
11803 	1.73 	0.77 	2.51 	0.00 	2.40 	0.00 
34504 	5.11 	2.27 	7.43 	0.00 	7.20 	0.00 
24619 	3.73 	1.66 	5.41 	0.00 	5.16 	0.00 
28212 	2.84 	1.28 	4.12 	0.00 	4.02 	0.00 
14127 	2.07 	0.91 	2.99 	0.00 	2.88 	0.00 
67484 	8.48 	3.75 	12.25 	0.00 	11.76 	0.00 
28799 	4.30 	1.89 	6.23 	0.00 	5.96 	0.00 
56238 	7.41 	3.26 	10.71 	0.00 	10.40 	0.00 
112055 	14.01 	6.16 	20.29 	0.00 	19.50 	0.00 
185222 	20.69 	9.28 	30.07 	0.00 	28.91 	0.00 
15734 	2.28 	1.00 	3.27 	0.00 	3.19 	0.00 
21318 	3.18 	1.41 	4.58 	0.00 	4.40 	0.00 
35355 	5.22 	2.30 	7.55 	0.00 	7.29 	0.00 
54909 	6.39 	2.83 	9.24 	0.00 	8.94 	0.00 
32381 	3.81 	1.69 	5.50 	0.00 	5.33 	0.00 
27013 	4.07 	1.79 	5.90 	0.00 	5.67 	0.00 
20471 	3.02 	1.34 	4.36 	0.00 	4.19 	0.00 
60330 	7.63 	3.38 	11.10 	0.00 	10.74 	0.00 
27499 	3.74 	1.65 	5.40 	0.00 	5.20 	0.00 
23839 	3.53 	1.57 	5.11 	0.00 	4.96 	0.00 
24090 	3.61 	1.60 	5.25 	0.00 	5.03 	0.00 
98739 	9.69 	4.32 	14.05 	0.00 	13.54 	0.00 
13569 	2.06 	0.91 	2.98 	0.00 	2.86 	0.00 
17893 	2.60 	1.15 	3.77 	0.00 	3.64 	0.00 
25341 	3.79 	1.68 	5.49 	0.00 	5.34 	0.00 
41587 	3.97 	1.76 	5.77 	0.00 	5.57 	0.00 
7329 	1.10 	0.49 	1.60 	0.00 	1.54 	0.00 
7478 	1.09 	0.49 	1.58 	0.00 	1.53 	0.00 
8366 	1.25 	0.56 	1.82 	0.00 	1.74 	0.00 
34005 	5.16 	2.27 	7.45 	0.00 	7.08 	0.00 
14126 	2.13 	0.93 	3.07 	0.00 	2.93 	0.00 
55199 	6.65 	2.93 	9.69 	0.00 	9.22 	0.00 
76765 	9.49 	4.21 	13.85 	0.00 	13.22 	0.00 
29026 	3.78 	1.69 	5.50 	0.00 	5.29 	0.00 
10180 	1.57 	0.69 	2.25 	0.00 	2.17 	0.00 
14350 	2.18 	0.97 	3.16 	0.00 	3.03 	0.00 
13309 	1.95 	0.87 	2.82 	0.00 	2.72 	0.00 
16542 	2.44 	1.08 	3.54 	0.00 	3.37 	0.00 
6900 	1.01 	0.45 	1.46 	0.00 	1.40 	0.00 
8614 	1.32 	0.58 	1.91 	0.00 	1.83 	0.00 
23789 	3.07 	1.36 	4.45 	0.00 	4.23 	0.00 
23856 	2.90 	1.27 	4.20 	0.00 	4.06 	0.00 
41646 	5.95 	2.63 	8.63 	0.00 	8.33 	0.00 
8736 	1.33 	0.59 	1.94 	0.00 	1.86 	0.00 
16006 	2.38 	1.04 	3.42 	0.00 	3.32 	0.00 
5426 	0.80 	0.35 	1.15 	0.00 	1.11 	0.00 
84341 	9.29 	4.13 	13.47 	0.00 	13.02 	0.00 
22611 	3.30 	1.45 	4.76 	0.00 	4.59 	0.00 
92789 	9.32 	4.16 	13.51 	0.00 	12.98 	0.00 
7413 	1.11 	0.49 	1.61 	0.00 	1.55 	0.00 
8765 	1.32 	0.58 	1.91 	0.00 	1.83 	0.00 
8238 	1.25 	0.55 	1.81 	0.00 	1.74 	0.00 
1561743 	41.84 	18.60 	60.67 	0.00 	59.08 	0.00 
1069992 	62.08 	27.33 	89.86 	0.00 	87.46 	0.00 
29800 	4.16 	1.84 	6.02 	0.00 	5.84 	0.00 
142234 	19.11 	8.47 	27.73 	0.00 	26.83 	0.00 
199207 	19.71 	8.68 	28.55 	0.00 	27.60 	0.00 
19476 	2.73 	1.19 	3.94 	0.00 	3.81 	0.00 
1022458 	63.57 	28.37 	92.58 	0.00 	89.36 	0.00 
167048 	13.79 	6.11 	20.02 	0.00 	19.26 	0.00 
69286 	11.42 	5.02 	16.51 	0.00 	15.87 	0.00 
36543 	5.25 	2.32 	7.61 	0.00 	7.37 	0.00 
########	256.21 	112.88 	370.22 	0.00 	358.90 	0.00 
1218 	0.23 	0.10 	0.34 	0.00 	0.33 	0.00 
166926 	18.76 	8.27 	27.15 	0.00 	26.23 	0.00 
256972 	22.24 	9.88 	32.34 	0.00 	31.22 	0.00 
19326 	3.68 	1.61 	5.32 	0.00 	5.14 	0.00 
91535 	14.59 	6.47 	21.13 	0.00 	20.33 	0.00 
281346 	25.61 	11.31 	37.02 	0.00 	35.71 	0.00 
10228 	1.96 	0.87 	2.84 	0.00 	2.74 	0.00 
15206 	2.17 	0.95 	3.14 	0.00 	3.00 	0.00 
434820 	36.53 	16.24 	53.15 	0.00 	51.44 	0.00 
143288 	10.54 	4.63 	15.24 	0.00 	14.68 	0.00 
104554 	17.28 	7.59 	24.86 	0.00 	24.09 	0.00 
40483 	7.18 	3.15 	10.34 	0.00 	10.01 	0.00 
3153842 	82.17 	36.74 	119.43 	0.00 	114.91 	0.00 
430767 	39.51 	17.37 	57.07 	0.00 	55.31 	0.00 
20464 	3.86 	1.70 	5.58 	0.00 	5.41 	0.00 
2703934 	170.23 	75.54 	246.72 	0.00 	238.72 	0.00 
1682917 	54.64 	24.11 	79.29 	0.00 	76.17 	0.00 
57800 	5.83 	2.57 	8.43 	0.00 	8.16 	0.00 
2339231 	137.18 	60.87 	198.55 	0.00 	191.55 	0.00 
3471947 	145.29 	63.99 	210.33 	0.00 	201.47 	0.00 
828876 	15.55 	6.89 	22.52 	0.00 	21.66 	0.00 
789563 	40.39 	17.85 	58.42 	0.00 	56.37 	0.00 
233992 	24.22 	10.73 	35.12 	0.00 	33.94 	0.00 
287446 	33.69 	14.78 	48.57 	0.00 	46.80 	0.00 
732446 	25.69 	11.43 	37.01 	0.00 	35.96 	0.00 
447770 	32.18 	14.24 	46.52 	0.00 	44.81 	0.00 
1899797 	56.71 	24.93 	82.62 	0.00 	79.19 	0.00 
274378 	22.44 	10.01 	32.47 	0.00 	31.55 	0.00 
188623 	25.56 	11.27 	36.82 	0.00 	35.54 	0.00 
3233 	0.62 	0.28 	0.90 	0.00 	0.88 	0.00 
46751 	8.40 	3.71 	12.20 	0.00 	11.78 	0.00 
432450 	22.92 	10.18 	33.18 	0.00 	32.11 	0.00 
514117 	45.31 	20.14 	65.63 	0.00 	63.56 	0.00 
49059 	9.28 	4.06 	13.40 	0.00 	13.03 	0.00 
583123 	33.70 	14.97 	49.03 	0.00 	47.60 	0.00 
104124 	8.09 	3.55 	11.71 	0.00 	11.39 	0.00 
68369 	10.68 	4.71 	15.48 	0.00 	14.89 	0.00 
14588 	2.81 	1.24 	4.07 	0.00 	3.88 	0.00 
471333 	43.52 	19.19 	63.37 	0.00 	60.71 	0.00 
57657 	10.40 	4.59 	14.97 	0.00 	14.42 	0.00 
882169 	51.45 	22.87 	74.32 	0.00 	72.23 	0.00 
224399 	11.45 	5.09 	16.59 	0.00 	16.11 	0.00 
79221 	11.73 	5.16 	16.90 	0.00 	16.39 	0.00 
23225 	3.27 	1.45 	4.74 	0.00 	4.56 	0.00 
1136814 	53.07 	23.50 	76.81 	0.00 	73.55 	0.00 
30027 	4.83 	2.11 	6.93 	0.00 	6.71 	0.00 
201767 	31.64 	13.95 	45.88 	0.00 	44.15 	0.00 
21436 	3.85 	1.71 	5.55 	0.00 	5.42 	0.00 
35573 	6.29 	2.80 	9.13 	0.00 	8.85 	0.00 
59262 	10.04 	4.45 	14.57 	0.00 	14.03 	0.00 
16693 	2.59 	1.15 	3.74 	0.00 	3.62 	0.00 
553796 	47.55 	21.19 	69.22 	0.00 	66.58 	0.00 
88640 	13.65 	6.00 	19.79 	0.00 	19.08 	0.00 
26188 	4.21 	1.88 	6.14 	0.00 	5.89 	0.00 
44475 	5.64 	2.51 	8.21 	0.00 	7.88 	0.00 
45739 	7.39 	3.25 	10.74 	0.00 	10.29 	0.00 
101698 	12.95 	5.71 	18.72 	0.00 	18.03 	0.00 
4453 	0.77 	0.34 	1.11 	0.00 	1.07 	0.00 
15894 	2.29 	1.01 	3.33 	0.00 	3.19 	0.00 
104321 	12.58 	5.56 	18.27 	0.00 	17.62 	0.00 
9186 	1.67 	0.74 	2.41 	0.00 	2.34 	0.00 
51933 	8.29 	3.64 	11.95 	0.00 	11.63 	0.00 
38675 	6.20 	2.74 	8.98 	0.00 	8.61 	0.00 
19224 	3.45 	1.53 	4.99 	0.00 	4.80 	0.00 
24495 	4.28 	1.90 	6.19 	0.00 	6.08 	0.00 
5964 	1.02 	0.45 	1.47 	0.00 	1.42 	0.00 
21181 	3.83 	1.68 	5.50 	0.00 	5.34 	0.00 
86822 	11.61 	5.10 	16.73 	0.00 	16.18 	0.00 
27827 	5.10 	2.26 	7.36 	0.00 	7.14 	0.00 
46718 	7.93 	3.48 	11.41 	0.00 	10.99 	0.00 
173764 	14.32 	6.34 	20.77 	0.00 	20.06 	0.00 
20405 	3.64 	1.59 	5.25 	0.00 	5.07 	0.00 
118529 	12.61 	5.54 	18.20 	0.00 	17.50 	0.00 
17387 	3.11 	1.36 	4.48 	0.00 	4.35 	0.00 
7066 	0.88 	0.39 	1.28 	0.00 	1.24 	0.00 
1213 	0.21 	0.09 	0.30 	0.00 	0.29 	0.00 
19975 	2.97 	1.32 	4.31 	0.00 	4.15 	0.00 
28803 	4.53 	1.99 	6.53 	0.00 	6.27 	0.00 
81407 	10.47 	4.68 	15.23 	0.00 	14.68 	0.00 
138432 	21.08 	9.17 	30.34 	0.00 	29.24 	0.00 
14522 	2.57 	1.14 	3.71 	0.00 	3.58 	0.00 
40636 	6.36 	2.80 	9.21 	0.00 	8.89 	0.00 
15883 	2.79 	1.23 	4.04 	0.00 	3.90 	0.00 
4177 	0.76 	0.34 	1.10 	0.00 	1.07 	0.00 
979548 	32.02 	14.23 	46.54 	0.00 	44.94 	0.00 
46805 	7.07 	3.11 	10.18 	0.00 	9.83 	0.00 
38793 	6.89 	3.04 	9.93 	0.00 	9.57 	0.00 
36214 	6.01 	2.64 	8.67 	0.00 	8.42 	0.00 
183790 	18.63 	8.23 	27.04 	0.00 	26.28 	0.00 
88713 	11.84 	5.25 	17.18 	0.00 	16.61 	0.00 
7609 	1.36 	0.60 	1.97 	0.00 	1.89 	0.00 
258010 	24.01 	10.70 	34.86 	0.00 	33.66 	0.00 
43143 	7.10 	3.10 	10.20 	0.00 	9.83 	0.00 
45576 	8.11 	3.60 	11.76 	0.00 	11.46 	0.00 
71821 	9.85 	4.38 	14.30 	0.00 	13.84 	0.00 
13830 	2.45 	1.08 	3.55 	0.00 	3.44 	0.00 
198844 	17.94 	7.88 	25.81 	0.00 	25.01 	0.00 
17989 	3.30 	1.45 	4.76 	0.00 	4.52 	0.00 
164241 	18.83 	8.37 	27.29 	0.00 	26.42 	0.00 
14729 	2.63 	1.17 	3.83 	0.00 	3.66 	0.00 
93619 	14.89 	6.59 	21.54 	0.00 	20.65 	0.00 
65335 	9.72 	4.25 	14.02 	0.00 	13.38 	0.00 
13677 	2.47 	1.08 	3.55 	0.00 	3.42 	0.00 
16856 	3.08 	1.37 	4.46 	0.00 	4.31 	0.00 
42771 	6.97 	3.09 	10.09 	0.00 	9.80 	0.00 
116289 	13.94 	6.16 	20.24 	0.00 	19.42 	0.00 
21276 	3.83 	1.68 	5.54 	0.00 	5.32 	0.00 
29788 	5.33 	2.33 	7.68 	0.00 	7.46 	0.00 
30395 	5.40 	2.38 	7.80 	0.00 	7.57 	0.00 
21800 	3.96 	1.75 	5.74 	0.00 	5.50 	0.00 
109292 	16.81 	7.34 	24.19 	0.00 	23.41 	0.00 
16046 	2.91 	1.29 	4.22 	0.00 	4.06 	0.00 
137528 	20.64 	9.19 	29.82 	0.00 	28.75 	0.00 
15525 	2.84 	1.25 	4.12 	0.00 	3.92 	0.00 
412041 	49.94 	22.18 	72.43 	0.00 	70.05 	0.00 
53104 	9.11 	4.04 	13.21 	0.00 	12.76 	0.00 
25284 	4.50 	1.97 	6.48 	0.00 	6.25 	0.00 
172616 	17.71 	7.82 	25.67 	0.00 	24.82 	0.00 
75270 	10.24 	4.51 	14.80 	0.00 	14.27 	0.00 
52774 	7.51 	3.30 	10.80 	0.00 	10.39 	0.00 
65807 	10.44 	4.66 	15.13 	0.00 	14.59 	0.00 
38162 	3.75 	1.68 	5.46 	0.00 	5.25 	0.00 
9208 	1.60 	0.71 	2.32 	0.00 	2.25 	0.00 
96146 	11.04 	4.86 	15.99 	0.00 	15.45 	0.00 
19611 	3.38 	1.51 	4.90 	0.00 	4.74 	0.00 
79342 	8.59 	3.83 	12.53 	0.00 	12.04 	0.00 
2533 	0.44 	0.19 	0.64 	0.00 	0.62 	0.00 
29351 	4.07 	1.81 	5.90 	0.00 	5.65 	0.00 
8711 	1.48 	0.66 	2.14 	0.00 	2.06 	0.00 
30265 	3.70 	1.64 	5.38 	0.00 	5.17 	0.00 
12360 	2.11 	0.93 	3.06 	0.00 	2.91 	0.00 
46424 	5.10 	2.27 	7.41 	0.00 	7.07 	0.00 
11810 	2.02 	0.89 	2.93 	0.00 	2.84 	0.00 
22539 	3.18 	1.41 	4.61 	0.00 	4.42 	0.00 
21784 	2.89 	1.28 	4.19 	0.00 	4.03 	0.00 
8692 	1.50 	0.66 	2.19 	0.00 	2.09 	0.00 
7470 	1.28 	0.57 	1.86 	0.00 	1.80 	0.00 
51557 	7.76 	3.42 	11.28 	0.00 	10.76 	0.00 
16110 	2.20 	0.96 	3.19 	0.00 	3.04 	0.00 
14580 	2.13 	0.95 	3.09 	0.00 	2.99 	0.00 
7588 	1.31 	0.58 	1.91 	0.00 	1.83 	0.00 
42019 	6.11 	2.71 	8.83 	0.00 	8.48 	0.00 
13615 	1.89 	0.84 	2.75 	0.00 	2.63 	0.00 
4834 	0.85 	0.38 	1.24 	0.00 	1.18 	0.00 
536703 	27.72 	12.40 	40.46 	0.00 	38.82 	0.00 
1881 	0.36 	0.16 	0.52 	0.00 	0.50 	0.00 
9997 	1.94 	0.86 	2.80 	0.00 	2.71 	0.00 
8907 	1.65 	0.73 	2.39 	0.00 	2.33 	0.00 
3786 	0.71 	0.31 	1.03 	0.00 	0.99 	0.00 
6457 	1.23 	0.55 	1.78 	0.00 	1.72 	0.00 
4963 	0.95 	0.41 	1.37 	0.00 	1.31 	0.00 
35050 	6.13 	2.70 	8.82 	0.00 	8.54 	0.00 
671450 	13.98 	6.11 	20.14 	0.00 	19.38 	0.00 
2327 	0.45 	0.20 	0.66 	0.00 	0.63 	0.00 
372392 	31.94 	14.23 	46.17 	0.00 	44.43 	0.00 
16942 	2.36 	1.04 	3.40 	0.00 	3.30 	0.00 
61438 	8.55 	3.77 	12.33 	0.00 	11.89 	0.00 
752705 	54.48 	24.21 	79.32 	0.00 	76.08 	0.00 
26519 	5.10 	2.26 	7.34 	0.00 	7.12 	0.00 
51278 	7.57 	3.35 	10.98 	0.00 	10.64 	0.00 
66764 	9.08 	4.00 	13.11 	0.00 	12.72 	0.00 
6379 	1.23 	0.55 	1.78 	0.00 	1.72 	0.00 
17145 	3.28 	1.45 	4.76 	0.00 	4.59 	0.00 
17225 	2.83 	1.25 	4.09 	0.00 	3.92 	0.00 
936 	0.18 	0.08 	0.26 	0.00 	0.25 	0.00 
6946 	1.31 	0.57 	1.90 	0.00 	1.83 	0.00 
672541 	22.34 	9.99 	32.30 	0.00 	31.24 	0.00 
1457 	0.27 	0.12 	0.40 	0.00 	0.39 	0.00 
607389 	28.35 	12.66 	41.07 	0.00 	39.59 	0.00 
1449 	0.28 	0.12 	0.40 	0.00 	0.39 	0.00 
9109 	1.71 	0.76 	2.50 	0.00 	2.40 	0.00 
58951 	9.86 	4.33 	14.23 	0.00 	13.74 	0.00 
7799 	1.53 	0.67 	2.21 	0.00 	2.11 	0.00 
358137 	29.37 	12.97 	42.40 	0.00 	40.75 	0.00 
17010 	2.40 	1.05 	3.45 	0.00 	3.35 	0.00 
5744 	1.08 	0.48 	1.56 	0.00 	1.50 	0.00 
25579 	3.49 	1.55 	5.07 	0.00 	4.89 	0.00 
14020 	2.68 	1.19 	3.88 	0.00 	3.78 	0.00 
172207 	15.59 	6.82 	22.58 	0.00 	21.60 	0.00 
738 	0.14 	0.06 	0.21 	0.00 	0.20 	0.00 
15275 	1.98 	0.88 	2.87 	0.00 	2.79 	0.00 
28461 	4.84 	2.14 	7.01 	0.00 	6.81 	0.00 
48115 	7.46 	3.29 	10.77 	0.00 	10.41 	0.00 
31091 	3.95 	1.75 	5.73 	0.00 	5.49 	0.00 
20041 	3.23 	1.42 	4.67 	0.00 	4.47 	0.00 
5076 	0.97 	0.42 	1.40 	0.00 	1.34 	0.00 
18408 	3.56 	1.57 	5.14 	0.00 	4.96 	0.00 
4817 	0.90 	0.40 	1.30 	0.00 	1.26 	0.00 
3897 	0.75 	0.33 	1.09 	0.00 	1.05 	0.00 
19375 	3.04 	1.33 	4.39 	0.00 	4.23 	0.00 
13048 	1.68 	0.74 	2.45 	0.00 	2.35 	0.00 
180150 	16.43 	7.26 	23.61 	0.00 	22.93 	0.00 
7524 	1.46 	0.64 	2.11 	0.00 	2.04 	0.00 
12983 	2.48 	1.10 	3.59 	0.00 	3.48 	0.00 
27155 	4.25 	1.87 	6.13 	0.00 	5.89 	0.00 
6752 	1.28 	0.57 	1.86 	0.00 	1.80 	0.00 
820 	0.16 	0.07 	0.23 	0.00 	0.22 	0.00 
8323 	1.60 	0.71 	2.31 	0.00 	2.22 	0.00 
2488 	0.48 	0.21 	0.69 	0.00 	0.66 	0.00 
7290 	1.37 	0.61 	1.98 	0.00 	1.93 	0.00 
32282 	5.16 	2.28 	7.48 	0.00 	7.26 	0.00 
26571 	4.46 	1.97 	6.45 	0.00 	6.23 	0.00 
5182 	0.99 	0.43 	1.42 	0.00 	1.38 	0.00 
307295 	31.90 	14.19 	46.16 	0.00 	44.93 	0.00 
11033 	2.12 	0.93 	3.06 	0.00 	2.97 	0.00 
330545 	24.01 	10.60 	34.79 	0.00 	33.72 	0.00 
70014 	3.28 	1.46 	4.79 	0.00 	4.60 	0.00 
20018 	3.49 	1.54 	5.08 	0.00 	4.84 	0.00 
945706 	83.33 	36.88 	120.12 	0.00 	116.16 	0.00 
934761 	93.66 	41.62 	135.78 	0.00 	131.17 	0.00 
181040 	31.21 	13.66 	44.92 	0.00 	43.38 	0.00 
163246 	24.93 	11.05 	36.11 	0.00 	34.69 	0.00 
894746 	83.12 	37.01 	120.74 	0.00 	115.98 	0.00 
252266 	38.83 	17.19 	56.37 	0.00 	54.12 	0.00 
149018 	25.21 	11.14 	36.50 	0.00 	35.31 	0.00 
111035 	19.41 	8.50 	28.16 	0.00 	27.06 	0.00 
181128 	26.98 	11.89 	39.08 	0.00 	37.94 	0.00 
607085 	52.33 	23.16 	75.84 	0.00 	73.58 	0.00 
219616 	36.31 	15.86 	52.53 	0.00 	50.77 	0.00 
713018 	12.91 	5.70 	18.77 	0.00 	17.99 	0.00 
