POP	PLE1	PLE2	PLE3	PLE4	PLE5	PLE6
36050	103.66	134.76	116.46	126.24	63.67	182.29
109118	369.26	477.69	387.9	473.78	255.7	611.21
252931	525.1	721.58	368.73	899.58	638.59	512.17
111559	331.4	432.65	293.56	490.59	332.85	394.24
226095	593.23	782.33	400.86	1008.61	664.05	487.35
9005	26.26	33.91	23.21	38.06	27.2	29.74
226577	632.72	851.22	411.88	1105.12	668.74	598.94
78854	246.13	315.48	232.1	339.1	228.51	317.9
150065	432.64	580.61	344.41	689.64	424.46	474.58
50685	154.21	198.47	171.66	188.51	94.47	270.4
54166	157.05	204.04	164.21	206.96	117.41	251.73
338304	870.44	1163.64	552.47	1524.67	1027.26	670.81
99441	293.98	383.71	259.51	433.6	289.11	359.42
161242	459.57	628.66	302.62	808.55	467.69	459.35
44561	122.71	157.95	139.71	146.6	62.44	230.84
6558933	8047.18	11324.5	2513.9	17299.1	17580.15	2226.43
383703	725.09	924.16	770.59	906.64	520.5	1167.5
1409425	2411.09	3324.79	1736.83	4145.69	3404.5	2366.13
245603	455.9	602.04	401.42	683.7	529.13	559.93
410403	769.82	1009.08	773.6	1031.07	636.3	1191.78
846865	1229.42	1628.51	664	2260.25	2349.84	445.83
564684	976.88	1273.21	656.33	1638.82	1664.64	586.2
518716	801.67	1043.85	477.48	1418.81	1548.05	298.35
566331	927.45	1222.44	607.42	1596.08	1703.7	461.84
140542	254.45	329.35	272.55	324.06	182.45	425.64
200715	340.58	459.65	255.07	568.92	470.71	348.53
253498	413.56	534.17	477.41	497.83	243.2	756.6
326318	629.3	825.56	639.6	838.07	513.82	989.46
234213	459.42	597.22	440.54	639.4	458.93	635.03
456303	808.44	1104.46	591.15	1361.81	1098.6	848.15
412278	685.74	898.97	495.89	1132.64	992.09	616.19
225627	614.43	814.14	577.15	879.99	523.25	890.28
130754	233.24	299.47	255.24	290.12	155.86	396.81
568151	921.71	1221.33	628.84	1567	1426.83	743.44
71539	163.47	216.53	171.58	215.57	124.88	259.13
125173	259.86	333.43	289.14	317.12	151.23	469.83
1002131	1612.9	2189.24	1061.14	2813.84	2396.64	1451.87
99131	214.65	271.33	237.64	258.6	124.69	375.15
143679	280.79	363.22	325.56	329.88	147.95	532.14
109390	212.1	283.96	198.6	305.1	202.88	311.55
1392	2.36	3.05	2.83	2.69	1.04	4.76
7381	12.76	16.49	15.56	14.5	5.48	26.02
74265	127.57	163.15	144.05	152.68	77.68	223.92
425750	810.7	1071.73	718.71	1198.38	887.67	1037.03
133422	264.3	344.36	264.29	356.39	211.18	421.32
163398	294.26	383.13	319.27	369.9	204.87	496.73
438413	778.39	1046.04	552.48	1315.62	1054.08	822.94
227613	435.97	582.64	426.15	615.37	384.42	663.95
164926	328.65	427.2	338.11	439.82	287.42	492.17
143293	270.58	346.04	282.4	344.73	197.71	435.99
254229	512.74	662.76	465.29	731.02	523.56	676.12
81196	148.29	192.81	159.61	188.21	106.5	244.83
18674	31.61	41.22	38.55	36.15	14.06	63.01
4394	5.75	7.36	6.85	6.63	2.52	11.76
652877	1152.47	1553.56	818.22	1964.11	1625.62	1089.72
28141	57.28	74.06	67.35	67.19	28.37	109.17
161143	347.88	447.64	388.08	422.22	207.82	604.83
134451	287.59	371.37	326.94	352.22	160.86	527.22
248286	579.39	751.3	611.7	753.99	421.99	947.24
232120	446.25	585.75	414.9	629.65	448.79	601.81
486281	903.89	1198.11	816.85	1327.5	969.91	1191.98
85545	209.19	269.89	237.28	249.68	127.31	372.7
265570	514.9	677	505.17	718.11	481.93	764.2
170971	334.95	442.47	312.74	481.6	343.78	457.31
14200	24.64	32.94	18.26	40.7	36.13	22.49
514611	928.86	1218.18	723.56	1456.72	1276.76	919.06
194366	364.16	476.58	296.36	562.05	493.02	366.48
221968	436.2	566.63	411.03	618.16	453.08	584.83
731374	1145.88	1570.27	730.63	2039.57	1835.64	839.12
357982	634.17	830.21	485.22	1002.72	908.39	586.87
272514	485.04	641.81	374.44	773.69	687.66	459.4
93183	174.65	225.09	184.76	224.38	127.98	281.94
369385	689.89	921.92	574.92	1080.87	828.41	820.39
326278	658.83	850.22	646.45	906.31	622.6	934.19
649427	1089.52	1494.22	839.4	1801.03	1459.45	1168.48
554636	971.89	1304.84	718.14	1624.65	1470.45	868.59
304773	558.27	739.86	462.37	864.8	663.16	667.35
394355	725.13	950.5	574.17	1139.19	994.06	716.47
689288	1197.28	1582.89	816.58	2034.02	2041.64	743.51
292753	599.21	810.96	540.5	898.36	595.75	842.28
11345	23.05	29.33	22.24	31.19	22.5	31.27
259103	504.35	664.94	498.47	691.7	446.31	767.94
178324	329.39	431.62	348.26	427.32	256.59	527.23
134428	227.55	296.13	256.57	278.23	140.11	408.17
164169	312.52	402.78	332.83	396.55	225.07	516.41
78263	149.8	197.72	145.58	210.54	139.14	219.53
64579	130.52	167.03	141.13	163.32	84.02	222.2
275110	529.02	702.16	521.09	735.23	474.55	807.04
170041	319.91	414.7	324.8	426.64	267.48	490.09
89326	160.63	207.32	173.19	204.6	118.19	263.47
6722	10.81	13.78	12.95	12.27	4.68	21.58
184589	338	433.04	362.78	421.35	224.31	579.22
72731	137.04	174.73	160.83	160.85	67.16	257.49
557743	1084.75	1433.76	903.9	1672.06	1264.62	1293.54
263665	520.36	687.19	495.09	734.17	490.17	757.72
198064	399.82	527.92	378.2	570.67	404.33	546.52
285312	550.73	727.45	502.88	810.21	584.5	714.2
126009	238.8	309.1	191.26	372.61	327.86	233.05
387910	623.22	823.94	374.6	1111.73	1194.69	268.37
241737	367.58	494.22	227.56	652.96	637.45	242.97
574290	943.18	1275.98	628.59	1636.77	1410.11	833.68
302801	521.21	682.07	352.9	884.7	884.02	330.88
862878	1332.32	1775.76	780.44	2417.16	2417.86	702.1
274328	501.04	673.91	382.78	813.13	648.63	539.12
30076	60.44	77.54	57.34	83.8	64.23	76.59
252610	426.67	554.35	294.28	707.7	659.53	327.21
252696	453.89	579.45	324.96	732.68	731.77	321.71
110391	202.98	263.24	215.05	263.9	151.66	327.03
164782	337.96	445.09	328.25	475.27	310.08	496.81
8708	14.07	18.24	16.43	16.54	6.11	28.02
464977	884.81	1185.62	776.3	1324.07	994.06	1131.69
154829	302.72	396.45	303.82	416.95	251.39	476.27
219716	388.81	507.55	427.63	492.69	257.74	675.89
139245	294.68	380.77	326.08	361.23	178.09	529.44
414612	743.77	993.21	585.02	1178.36	963.17	815.74
77900	140.55	178.74	157.05	171.12	86.9	245.06
484715	924.25	1240.06	833.58	1391.27	982.71	1253.36
115839	229.46	306.12	228.4	314.72	205.6	341.2
170991	339.24	450.21	306.39	504.24	345.7	468.66
95540	167.49	213.15	183.25	207.24	110.02	288.24
1705589	2039.54	2838.37	1021.24	4009.09	3807.56	1184.48
225609	425.92	566.75	387.67	629.11	437.13	590
365376	694.7	925.71	644.39	1009.8	686.19	982.01
90045	149.81	191.91	168.04	183.39	89.59	269.44
355407	652.64	851.44	697.51	828.64	457.14	1106.12
292883	587.44	788.47	542.23	857.2	571.93	845.07
123593	229.29	306.82	207.19	341.79	240.41	314.97
86433	167.14	222.16	158.01	241.97	165.59	237.25
7303	11.73	14.97	13.98	13.11	5.11	23.41
13493	26.64	35.04	26.63	36.38	22.87	40.84
391258	762.34	1026.62	677.91	1165.67	787.21	1055.95
458419	928.43	1173.95	856.88	1286.42	905.47	1261.47
244060	489.89	632.69	478.01	671.24	452.43	703.08
366785	728.66	943.02	645.81	1062.08	858.8	850.47
121133	238.92	306.08	199.86	352.9	304.61	246.07
329507	505.68	668.62	291.41	905.47	899.42	269.07
0	0	0	0	0	0	0
69784	159.3	205.82	171.44	201.29	115.19	256.84
85694	152.04	203.09	125.08	238.94	206.28	161.4
3933654	4452.51	6186.42	1575.31	9276.77	9208.45	1497.04
230182	409.49	555.74	302.49	684.13	559.45	417.96
132639	240.56	311.84	183.8	382.9	367.65	191.96
290262	530.52	689.51	408.22	849.31	740.28	509.39
367343	661.74	879	515.34	1046.12	914.24	643.26
2692010	3854.64	5463.38	1443.73	8098.93	7599.54	1415.99
1097	1.82	2.3	2.15	2.06	0.78	3.63
249601	472.94	623.75	442.5	680.51	462.23	672.65
202437	442.46	572.51	471.56	565.17	315.33	722.63
242728	450.07	591.92	473.81	588.44	340.02	743.4
67293	138.52	178.49	154.36	167.23	79.49	248.47
304338	578.81	753.95	584.73	779.23	472.74	899.52
136548	237.87	304.11	260.7	290.21	148.01	415.72
194407	353.1	453.98	379.89	445.31	236.44	598.26
404986	707.58	968.43	533.29	1184.63	901.6	794.32
1188647	1796.23	2459.94	917.57	3446.36	3212.52	905.79
661318	967.78	1293.43	515.96	1793.81	1819.77	394.48
505718	910.66	1210.04	701.75	1465.46	1231.62	930.73
460011	704.61	949.54	440.68	1250.81	1241.32	422.96
149429	256.91	336.19	179.43	428.04	399.03	200.91
273361	511.86	664.87	412.57	798.05	666.66	542.57
118155	210.35	276.81	158.51	337.92	319.17	177.79
113598	191.4	253.12	125.28	327.61	328.7	114.78
310211	553.76	724.15	440.02	867.8	747.46	554.49
269402	510.15	666.91	541.49	662.7	369.23	855.3
199249	368.34	483.41	380.71	497.05	291.2	598.31
180389	341.12	440.7	337.81	459.79	292.69	505.48
285574	492.06	651.96	363.22	804.62	727.85	436.46
233658	471.98	604.2	453.74	646.63	444.4	669.84
89489	165.11	212.92	178.23	207.88	114.41	276.06
2356248	2710.21	3838.33	1109.33	5612.09	5595.11	1077.43
167688	332.89	430.72	317.74	463.83	314.03	473.79
590305	1139.76	1470.78	938.64	1732.27	1487.23	1147.33
846373	1310.53	1795.35	606.21	2578.81	2457.12	536.97
183327	333.54	440.96	268.83	529.85	432.91	362.93
452484	745.66	1000.37	517.92	1266.56	1083.32	657.92
344589	703.39	898.41	678.43	972.29	677.68	962.6
274862	543.28	692.05	472.75	797.56	647.03	621.1
224837	420.09	552.12	355.91	637.08	549.84	440.53
392442	742.82	987.27	614.42	1147.59	909.23	851.3
272627	503.05	659.19	399.63	790.72	663.78	532.81
330424	630.94	812.89	654.07	826.49	498.93	987.67
732963	1338.53	1775.01	1076.33	2097.16	1763.22	1420.52
346760	666.44	867.95	669	904.22	607.94	968.26
315174	615.25	793.9	544.99	898.83	710.98	724.63
698497	1249.87	1685.59	989.8	2033.2	1725.7	1268.16
373609	636.94	827.64	717.45	777.82	405.1	1131.28
280274	525.77	678.92	420.73	807.2	731.59	500.67
255826	412.58	532.29	473.9	488.38	238.1	752.84
85291	158.27	205.99	171.16	202.75	113.74	265.21
383533	575.4	794.19	315.77	1081.48	972.37	367.24
550201	863.33	1192.89	626.61	1482.36	1198.57	883.75
46184	112.88	144.13	116.59	145.97	89.13	172.98
230856	442.64	581.41	427.18	623.03	419.16	638.7
209285	403.34	522.53	363.07	587.12	432.02	522.63
114198	223.27	291.14	197.47	330.65	257.68	265.29
149610	303.17	395.93	289.51	423.98	290.65	422.08
773696	1164.91	1582.26	484.98	2341.93	2192.66	526.54
271744	507.74	688.7	458.56	755.97	538.9	681.88
241646	470.18	621.3	443.31	677.35	461.66	667.74
375354	735.19	972.97	657.86	1074.08	799.5	947.68
94520	167.05	212.53	180.73	208.11	109.99	286.51
106324	210.3	270.46	216.52	273.55	154.85	342.88
133292	261.41	343.11	254.21	363.78	239.22	385.93
9258	13.42	18.22	5.39	26.74	27.89	3.39
477227	922.94	1241.28	848.01	1350.8	934.99	1294.96
75	0.13	0.16	0.15	0.14	0.06	0.25
240586	471.45	618.79	456.34	663.9	449.91	674.5
297252	553.08	731.57	502.35	817.97	563.19	772.96
223504	416.98	538	434.41	539.4	315.72	663.39
506495	927.49	1186.96	718.02	1443.91	1316.4	850.06
276419	537.83	690.48	456.24	801.55	682.45	580.1
204590	361.11	468.46	273.53	574.7	553.85	288.33
216199	427.25	554.85	423.02	576.84	357.51	647.98
90223	172.94	221.75	149.29	252.26	220.62	182.13
1056382	1731.21	2385.7	1155.58	3087.46	2646.01	1449.59
346902	698.98	915.25	581.89	1073.95	879.18	768.17
283137	568.71	752.22	482.49	868.83	672.99	665.64
1446442	2595.89	3468.55	1914.76	4287.73	3632.42	2503.79
256561	503.53	672.61	400.67	800.02	664.05	537.35
900673	1654.91	2219.81	1250.53	2724.72	2327.05	1639.96
458116	971.51	1248.11	905.16	1364.83	953.99	1324.3
541889	1000.75	1333.21	760.8	1635.93	1460.04	904.84
709728	1172.4	1556.13	712.48	2098.18	2070.29	622.77
423557	749.27	990.61	526.38	1255.67	1166.65	588.87
927215	1445.98	1978.23	862.64	2650.1	2539.43	888.31
561680	890.96	1248.85	494.62	1684.84	1500.97	562.42
1366089	2285.91	3100.69	1457.34	4027.94	3465.02	1818.27
138326	263.95	347.64	200.84	424.36	361.04	258
680369	1269.98	1673	952.61	2045.64	1744.73	1228.53
233788	440.75	578.68	319.06	726.3	619.13	406.74
996844	1727.17	2352.94	1182.39	2973.55	2512.18	1534.73
347323	688.48	912.05	714.23	927.77	540.11	1078.99
1138430	2384.95	3180.71	2269.14	3416.71	2301.14	3424.44
238687	471.91	625.77	387.02	738.1	591.45	521.85
695137	1323.6	1771.06	1109.2	2051.46	1598.32	1595.4
559077	1168.67	1553.95	1147.54	1646.43	1085.05	1719.37
148269	245.57	317.73	282.44	294.63	137.72	453.68
193324	360.97	472.94	391.16	460.87	248	607
244218	445.28	588.06	333.98	724.88	631.52	413.23
471804	890.45	1192.16	648.64	1478.09	1220.86	881.17
1012045	1661.46	2282.84	1072.56	2999.85	2619.59	1278.86
1208402	1981.22	2675.03	1186.79	3548.47	3298.6	1261.57
2357840	3118.6	4281.12	1306.84	6361.64	6117.87	1335.21
343769	538.31	716.52	312.83	984.63	986.57	251.79
530329	1098.51	1435.37	1107.28	1495.63	930.81	1709.02
191467	365.15	484.42	384.36	486.85	278.06	598.79
296529	594.77	799.24	528.11	899.72	661.27	776.49
1918409	2916.03	4058.53	1419.71	5712.39	5267.07	1383.04
166042	293	392.69	216.26	486.52	434.3	256.26
616939	1234.76	1667.42	1067.96	1898.84	1423.2	1564.04
1395288	2712.05	3632.86	2316.08	4200.68	3195.22	3423.51
448401	738.18	987.54	499.63	1276.23	1141.17	613.26
425332	880.8	1165.94	801.22	1290.26	914.08	1185.79
270887	574.43	747.41	541.46	808.26	570.23	785.41
675030	1260.43	1676.94	983.2	2022.18	1654.91	1359.35
531457	1034.39	1377.93	874.25	1609.79	1221.19	1229.36
286342	548.23	730.51	420.08	881.9	749.44	552.86
244018	504.4	660.93	484.21	710.2	483.54	726.32
1019049	1930.75	2574.28	1511.25	3062.46	2496.39	2106.66
211516	577.37	745.47	550.29	801.25	477.06	784.31
268251	720.03	925.77	636.94	1059.63	712.93	792.36
119738	319.49	421.29	327.2	433.63	227.8	500.72
67841	118.11	152.23	146.04	129.32	41.76	251.49
177455	475.75	629.78	463.71	660.9	372.25	692.52
58341	144.02	184.06	165.43	171.01	65.55	273.65
59674	113.02	144.34	133.39	128.91	47.03	223.39
73253	200.48	260.64	209.17	263.39	142.54	313.17
96526	253.32	326.45	285.43	308.5	150.03	443.28
42677	88.46	113.32	105.47	101.95	40.58	170.24
167195	466.49	625.04	425.27	695.7	366.86	666.96
264266	690.86	911.12	646.28	996.83	556.53	962.68
135036	377.82	505.48	362.81	543.98	280.33	581.63
171606	471.44	605.53	466.19	634.78	393.62	633.71
367457	962.96	1271.67	860.98	1426.93	900.96	1168.47
40690	109.2	141.56	130.42	125.91	48.43	215.67
196641	537.02	706.5	526.53	746.04	425.4	776.97
86681	272.56	348.37	284.7	346.28	182.95	431.34
123329	334.1	430.74	350.7	432.73	219.59	545
21048	58.87	74.21	69.88	66.76	27.83	111.1
94595	260.89	333.36	269.85	336.72	187.85	392.59
104663	284.95	369.48	270.72	396.25	248.46	368.6
74371	193.65	249.17	159.64	294.19	210.84	185.29
155850	421.53	547.97	400.09	589.26	359.04	565.63
167627	448.98	589.28	386.16	673.18	462.34	459.31
85913	221.95	290.83	183.4	336.96	221.66	237.57
214087	582.95	761.94	595.42	786.27	439.12	872.78
222418	567.31	727.18	467.97	846.88	593.33	571.27
40013	110.15	143.09	108.66	149.66	88.65	154.36
329370	905.6	1155.52	810.77	1282.24	821.52	1081.45
161920	411.52	556.45	306.14	683.98	431.29	442.18
121264	315.79	414.96	264.1	482.38	326.74	328.97
57612	155.83	199.02	167.42	194.64	100.65	254.13
138933	387.36	500.81	392.26	514.41	306.26	550.18
242204	622.94	815.38	533.73	929.72	583.82	739.55
44813	118.08	151.26	132.96	142.43	70.05	204.56
19160	53.69	69.45	54.61	71.49	40.84	77.13
11310	23	29.54	28.03	25.92	8.23	48.07
6635	13.32	17.1	16.37	14.92	4.88	27.91
27951	56.19	71.27	68.99	60.67	20.16	117.42
7790	15.33	19.39	18.88	16.47	5.45	31.21
17336	54.61	70.05	62.41	63.97	30.05	98.08
54793	136.25	176.55	152.54	166.07	77.73	237.62
76041	234.98	298.98	258.3	287.3	141.76	405.83
294558	769.7	1010.98	721.69	1086.14	661.02	1019.34
41288	108.81	137.89	127.45	123.92	52.15	204.27
19666	39.91	50.44	48.73	43.62	14.3	81.38
13556	44.12	57.08	45.7	58	29.42	70.72
50125	138.5	177.65	153.36	169.42	79.98	240.38
242030	680.8	878.64	670.31	929.54	554.49	944.49
96733	240.82	303.68	276.25	281.96	130.67	438.17
339370	882.55	1148.35	773.28	1295.39	843.46	1019.69
198880	550.01	698.32	503.23	770.61	507.1	650.63
136741	349.51	467.43	311.27	521.96	316.92	440.03
73854	166.13	210.45	193.5	188.76	74.62	320.33
93116	238.87	303.22	276.91	275.3	112.85	453.83
50515	125.92	160.58	144.98	147.19	66.41	231.54
81464	154.3	199.03	187.09	173.44	65.3	311.44
50778	138.51	181.4	144.72	183.37	103.36	213.31
51963	137.18	175.33	146.67	172.91	90.15	220.51
46076	125.17	161.21	137.12	153.63	72.35	217.72
9094	18.5	23.62	22.97	20.18	6.68	38.38
101361	259.65	340.05	283.17	329.45	152.89	456.13
124059	344.87	442.63	396.31	410.42	186.89	622.56
112468	307.16	399.33	344.92	374.29	182.05	534.34
188613	372.44	522.1	211.82	704.21	579.24	341.82
1151525	1901.01	2563.79	1064.11	3490.62	3213.24	912.62
216904	553.21	726.96	557.06	739.6	446.8	835.17
1470	2.63	3.31	3.17	2.93	1.05	5.32
650229	1119.45	1503.23	622.11	2045.12	1709.05	583.09
1007515	1846.61	2449.69	1093.77	3299.61	2703.51	1046.71
153910	423.3	549.64	481.72	510.45	258.19	748.64
643662	1258.79	1653.83	912.64	2051.05	1620.38	1035.92
677725	1048.66	1406.71	526.8	1986.21	1887.94	431.62
610304	1328	1741.17	1301.61	1838.89	1183.09	1913.44
262029	535.92	705.39	462.63	805.52	622.43	610.88
384283	820.66	1069.35	807.9	1119.6	740.15	1175.57
442873	876.15	1171.59	691.25	1388.57	995.43	954.3
848174	1454.12	1934.86	846.98	2606.1	2291.63	970.64
564946	924.77	1215.76	563.69	1641.5	1581.02	434.76
1376301	2205.92	3101.06	1133.85	4307.57	3663.73	1584.35
714251	1428.53	1888.85	1272.45	2123.16	1573.83	1758.91
227048	400.02	534.09	262.1	686.01	589.49	310.78
1345712	2485.44	3273.18	1584.65	4284.55	3492.58	1547.57
617523	1191.91	1579.77	979.05	1839.7	1436.95	1286.51
202122	314.55	422.28	169.27	576.66	577.17	111.82
194253	364.3	483.9	247.47	625.04	516.96	245.02
1724268	3408.36	4621.89	2435.88	5765	4250.83	3224.42
164405	354.77	459.42	357.1	479.94	311.38	521.35
682076	1416.52	1828.51	1319.88	1996.95	1432.82	1844.37
877014	2297.23	2956.13	2265.02	3135.89	1790.87	3424.67
1502646	3126.69	4135.55	2563.23	4834.84	3113.36	3933.71
2236183	5966.55	7893.11	5938.01	8120.3	4743.85	9052.91
870756	2335.7	2987.39	2453.05	3028.98	1670.07	3671.09
641291	1590.29	2037.88	1804.59	1923.25	893.73	2879.87
656830	1718.79	2269.24	1721.98	2386.07	1305.92	2668.33
900928	2429.2	3144.7	2662.43	3029.04	1604.27	4166.97
545159	1467.89	1913.93	1533.79	1928.24	1062.54	2312.32
969319	2536.18	3310.64	2623.37	3370	1855.87	4042.54
2228651	5871.39	7597.12	5838.46	7894.02	4637.68	8879.92
1055666	2848.61	3610.95	3074.49	3511.81	1905.52	4693.82
696499	1860.32	2387.72	2065.22	2298.08	1129.5	3229.09
2922545	7671.92	10175.94	7128.65	11212.41	6440.89	11393.48
1273302	3514.81	4537.34	3677.56	4563.78	2572.92	5557.06
1048533	2662.24	3460.54	2589.64	3636.38	2122.18	3866.12
413204	1126.27	1455.73	1164.44	1486.96	837.45	1731.34
3117790	8379.91	11253.37	8113.06	11981.64	6934.81	12863.47
1844346	4588.13	6083.18	4309.26	6546.39	3747.83	6877.6
1011902	2627.64	3449.05	2732.81	3505.42	1906.03	4243.91
685957	1564.4	1958.96	1830.53	1766.6	776.09	2889.64
1762674	4597.84	6004.17	4576	6299.5	3801.13	6731.48
449937	1098.59	1475.08	1046.66	1593.74	934.41	1586.15
2713807	5345.46	7305.55	4456.97	8477.13	5511.25	7207.99
1507566	4106.71	5252.95	4383.78	5183.02	2985.6	6446.62
1641078	4515.39	5778.82	4667.88	5832.03	3441	6977.23
2909548	7702.17	10064.69	7839.84	10338.35	6208.6	11493.02
1484046	3868.9	5036.12	3805.46	5291.84	3112.02	5770.86
1231029	3013.41	3818.32	3440.84	3553.56	1688.83	5377.94
323779	686.34	893.53	679.1	941.15	598.48	1027.61
367706	811.6	1092.57	705.77	1246.58	836.23	1110.77
166433	355.59	461.85	362.17	478.85	295.27	543.41
363128	742.28	988.66	649.2	1121.99	826.42	923.75
475318	991.79	1294.18	882.01	1464.93	1037.75	1275.67
327208	690.82	912.22	641.39	999.28	702.64	912.06
316568	725.02	964.07	726.28	996.31	595	1153.8
318015	634.26	817.39	670.62	811.11	468.05	1030.48
95227	168.3	216.85	191.7	203.34	99	306.42
141979	330.74	428.42	374.92	393.78	201.07	577.51
69903	162.02	209.08	182.62	195.23	98.6	285.35
45477	93.15	124.4	102.42	120.47	68.27	159.49
252835	540.95	714.32	523.17	762.59	528.39	757.57
412240	778.79	1018.47	840.58	992.41	522.91	1348.47
471545	1026.6	1397.41	924.86	1541.53	1001.06	1475.04
311161	604.61	787.16	653.97	761.89	411.89	1020.98
215264	445.85	570.89	463.27	572.55	333.73	695.92
247212	507.08	659.01	554.38	640.84	338.15	868.02
155479	336.42	439.15	328	460.16	312.57	477.24
447137	878.96	1149.29	634.01	1431.31	1285.89	674.13
288260	637.13	816.89	642.97	841.87	530.78	962.25
1113299	2248.2	3070.92	1493.62	3936.91	3180.24	2294.24
325234	665.01	875.49	598.15	978.67	712.6	838.89
165074	346.31	451.27	370.43	446.39	258.26	570.4
352328	653.87	859.74	443.59	1099.74	953.41	520.37
333287	726.75	950.41	716.68	995.19	649.84	1054.41
742950	1494.54	2043.86	1194.59	2423.03	1754.54	1824.23
302629	591.15	796.9	444.44	968.16	768.34	600.76
328513	653.15	845.33	667.77	861.91	521.86	1023.93
269398	575.47	737.8	527.57	819.49	598.83	738.74
182759	346.86	451.55	384.65	433.58	232.52	591.76
1289849	2304.74	3135.34	1486.39	4058.95	3302.51	2101.64
190514	380.66	528.73	286.22	649.71	474.94	410.28
170934	354.67	456.38	370.3	457.03	285.95	545.86
178217	368.16	483.57	333.68	531.85	384.05	479.08
1218	2.21	2.84	2.69	2.47	0.93	4.56
227454	466.52	621.38	441.25	673.15	477.39	637.37
433365	889.52	1210.15	711.03	1451.74	1043.64	1077.41
147079	306.36	397.14	310.85	407.69	249.95	474.11
124071	254.88	333.72	216.64	386.58	286.81	301.51
309629	652.33	870.68	627.62	928.54	629.75	929.88
229422	474.87	627.81	460.44	666.24	430.73	699.47
232932	467.3	597.87	503.47	583.73	322.44	770.28
360917	720.94	933.87	749.05	939.97	528.35	1166.11
215142	497.9	647.23	534.58	634.21	342.9	833.61
475399	1002.6	1331.09	943.27	1459.92	979.55	1392.73
935294	1899.29	2580.91	1431.46	3155.33	2274.61	2229.85
298870	595.95	773.95	639.5	759.83	418.41	999
254735	543.68	709.21	509.99	771.96	531.25	741.02
84147	146.64	185.93	164.23	176.48	85.47	267.64
212242	469.66	608.08	470.29	636.62	401.73	689.32
351428	727.2	961.05	767.95	968.79	578.63	1185.73
201736	388.08	506.16	422.4	490.43	258.34	669.76
305277	659.05	862.73	677.51	867.77	517.04	1046.82
421916	910.06	1242.24	826.02	1385.31	913.79	1291.25
188250	403.55	530.95	393.42	563.05	383.36	568.75
152606	283	362.99	313.48	345.87	174.01	491.48
152711	324.4	422.49	314.77	443.24	294.44	466.5
257326	557.91	730.79	547.01	769.8	497.81	815.63
303312	618.22	816.17	541.82	924.16	656.78	798.62
220587	447.31	581.25	466.42	586.27	334.35	719.72
325294	673.2	899.66	609.71	995.17	657.47	947.36
153554	324.5	422.33	331.31	435.28	265.36	503.63
223825	473.68	619.91	417.56	696.46	527.72	578.43
161579	389.1	503.29	435.29	480.59	249.9	683.06
275554	597.51	776.35	582.79	817.83	533.58	863.01
214563	402.9	519.34	456.04	485.31	238.86	712.88
275905	539.23	711.53	385.27	889.33	789.98	414.18
375295	768.86	1008.74	623.98	1196.99	913.75	863.29
285003	572.33	743.86	432.63	910.22	745.6	543.07
272903	546.15	729.26	442.37	862.86	667.9	604.88
492041	1023.85	1382.51	775.59	1689.4	1313.47	1081.58
416306	841.66	1100.77	646.68	1334.28	1073.3	849.15
251460	531.5	692.1	478.85	773.43	563.52	670.75
271710	588.07	775.74	566.37	828.1	548.46	837.3
221629	481.02	621.15	463.29	661.14	449.16	668.2
496348	1022.01	1354.52	911.48	1505.62	1094.17	1328.16
414947	839.02	1118.98	751.39	1242.27	888.1	1092.12
300832	633.8	828.62	662.13	829.83	480.31	1038.97
306502	609.19	782.54	638.14	787.37	442.67	987.46
275037	589.68	758.51	556.81	819.54	589.46	767.21
316663	662.65	856.61	526.03	1038.98	876.04	631.79
176178	363.11	463.08	372.31	465.05	282.48	558.78
445801	884.75	1184.08	690.25	1427.42	1124.74	908.4
208362	423.53	549.95	446.86	542.26	312.85	692.53
194899	393.79	522.52	342.12	597.36	490.34	426.79
189368	400.34	525.24	345.04	605.66	450.62	478.28
259151	567.86	751.66	565.03	784.88	535.64	815.26
312814	671.16	888.12	609	998.01	728.62	851.82
289147	587.22	772.04	460.92	932.46	754.86	576.08
1427700	2600.24	3589.38	1778.61	4583.7	3550.91	2834.8
451667	941.61	1242.91	808.68	1427.32	1043.4	1175.39
221263	477.06	615.64	475.38	639.88	425.04	691.83
455329	953.52	1277.52	721.25	1555.25	1171.61	1086.23
309030	600.85	767.79	632.21	768.43	416.16	987.28
437924	886.59	1172.38	926.52	1191.66	692.59	1446.8
401951	820.61	1084.83	853.14	1099.53	633.5	1338.84
548262	1170.22	1557.01	995.11	1798.1	1218.07	1553.98
428603	911.83	1203.25	917.01	1248.59	746.02	1428.41
280544	553.93	731.12	427.61	897.43	725.39	543.69
381401	806.31	1048.03	754.95	1142.44	775.58	1104.32
236479	488.18	623.56	473.42	662.41	457.04	673.25
292476	576.79	762.72	449.49	920	738.89	594.57
127831	230.61	291.86	270.88	264.51	104.41	449.82
228119	547.78	726.11	599.16	704.85	366.04	941.43
280140	604.41	789.32	598.94	831.71	504.52	920.17
559667	1122.24	1549.4	828.46	1908.23	1463.56	1182.3
248430	502.53	637.56	527.38	629.75	357.15	806.56
147419	316.57	406.37	359.96	378.06	167.22	589.23
223739	444.55	568.17	471.59	568.24	319.55	733.88
182812	376.08	489.95	404.82	472.08	276.86	611.88
281628	587.92	749.74	583	777.53	518.03	841.01
180316	397.2	519.23	404.54	534.41	357.26	581.5
232470	472.97	603.69	491.33	604.2	348.27	743.48
301118	641.6	852.3	634.64	897.9	578.83	938.39
268344	527.69	684.91	563.08	673.56	374.86	871.88
334391	667.97	859.39	711.51	859.05	475.72	1094.17
236466	494.69	657.46	500.49	673.78	405.87	788.98
644614	1373.18	1882.99	1184.31	2150.01	1505.64	1802.5
240657	464.75	600.88	509.63	577.18	312.76	795.91
424277	904.03	1197.19	844.83	1287.97	896.1	1229.86
601203	1232.52	1677.65	983.69	1959.44	1523.15	1399.62
104475	230.62	299.45	224.03	320.03	220.13	317.63
57048	108.14	136.86	126.79	122.65	46.1	212.89
86827	214.75	282.06	233.95	272.47	142.77	372.37
182180	347.45	475.61	227.7	606.38	508.22	289.23
135395	283.13	372.97	279.94	392.07	239.77	434.1
173191	355.56	464.77	303.94	534.81	395.04	423.66
236629	476.52	645.93	342.64	808.3	645.7	465.41
182251	358.17	478.63	294.33	561.94	455.19	376.3
133514	284.07	374.5	278.51	399.36	266.3	407.7
106434	221.24	283.33	255.43	261.39	116.09	413.78
216490	448.53	590.63	450.23	615.3	353.98	717.23
554011	989.52	1329.31	637.45	1731.01	1495.07	838.44
########	23261.22	32680.51	14083.04	43228.97	34298.41	23348.34
909025	1557.78	2161.19	885.03	2928.99	2431.55	1303.22
382961	797.72	1031.62	795.23	1079.04	653.23	1235.25
461140	910.06	1198.93	947.38	1205.15	718.5	1457.73
462334	948.68	1257.25	952.25	1286.57	795.99	1476.65
589312	1279.12	1672.31	1291.05	1707.51	1103.72	1904.59
381790	823.66	1080.76	793.39	1150.67	772.78	1181.76
423994	889.64	1159.17	845.24	1252.82	872.09	1218.32
1059610	1919.37	2617.79	1290.6	3365.64	2743.65	1841.61
687973	1386.03	1812.38	1089.39	2195.29	1796.82	1384.73
696851	1445.89	1861.25	1113.17	2243.49	1866.01	1398.51
429090	893.44	1162.84	732.82	1380.68	1141.47	893.49
312242	675.37	871.93	676.92	908.6	592.41	997.34
267349	554.54	734.11	591.2	734.28	431.15	911.39
495016	965.4	1243.8	698.94	1549.1	1438.21	691.97
890908	1763.68	2378.63	1443.4	2817.91	1996.09	2166.75
205320	436.38	575.85	446.14	595.08	342.27	706.34
544700	1036.39	1420.04	750.88	1757.7	1413.29	1024.01
195912	391.35	511.43	403.58	522.35	306.08	635.67
345359	692.65	897.55	721.96	902.62	527.95	1096.9
287733	638.33	855.74	571.49	951	633.31	895.53
326306	669.53	884.71	608.1	976.31	670.67	906.64
295622	567.51	719.98	622.58	691.4	358.67	978.55
398384	839.43	1106.73	843.43	1139.41	691.76	1318.01
299347	573.58	752	632.61	719.73	374.08	995.27
505083	1082.11	1471.13	957.88	1668.05	1139.84	1447.4
363247	767.99	1006.57	680.4	1124.04	806.24	1003.74
398205	801.37	1032.24	844.99	1034.16	594.45	1294.85
822536	1846.1	2470.23	1809.13	2608.72	1598.41	2851.29
490806	841.5	1097.42	965.07	1026.57	465.33	1569.81
333024	698.48	923.67	709.83	946.1	574.68	1094.51
463730	893.25	1167.33	957.17	1147.51	628.71	1480.88
408305	862.33	1154.14	836.23	1247.41	843.57	1222.96
225079	491.55	635.4	485.89	669.19	441.55	718.25
386013	824.88	1094.52	795.28	1171.9	799.89	1147.1
89404	183.47	243.02	157.19	278.61	223.97	202.98
190667	386.55	492.24	406.11	491.12	291.73	614.98
234817	477.04	635.67	405.1	727.63	552.06	562.08
327145	689.27	918.65	646.9	993.31	663.99	980.63
304866	640.58	850.02	586.35	944.7	682.01	828.47
66617	137.81	176.74	142.32	178.91	106.23	218.01
188239	410.04	534.77	392.95	572.85	399.39	557.27
538411	1154.97	1601.04	715.87	2090.89	1470.36	1215.96
219940	552.21	742.2	427.39	898.75	543.88	644.81
482718	1089.22	1528.07	700.08	1989.33	1434.96	1119.42
118634	310.55	394.77	249.9	465.22	321.87	293.91
331308	747.2	1030.16	523.15	1293.08	820.87	757.54
3661	9.57	12.23	7.69	14.58	10.23	9.05
906054	1999.78	2773.69	1250.61	3630.62	2708.91	2044.82
393478	955.22	1244.19	719.36	1508.9	992.37	965.62
518086	1252.49	1615.74	943.17	1962.69	1340.55	1165.2
411226	1052.11	1398.52	874.77	1634.37	1016.59	1186.09
1006122	2339.86	3102.69	1774.87	3762.97	2465.56	2441.93
626359	1536.61	2088.83	1233.85	2470.18	1461.07	1846.94
254628	611.78	811.9	488.59	974.5	629.49	644.15
158917	371.11	489.65	275.77	605.48	408.16	348.72
344290	825.01	1108.52	612.28	1372	911.25	786.44
410807	980.31	1299.65	726.91	1588.79	1097.12	928.3
250065	637.8	866.7	516.14	1024.37	597.43	790.55
599254	1548.39	2155.14	1201.07	2600.52	1573.61	1861.84
1119550	2657.87	3574.06	1979.75	4355.37	2678.05	3025.19
832585	2093.43	2835.5	1686.13	3384.54	1955.64	2610.25
1728066	4082.16	5844.28	3241.21	6941.11	4095.52	5689.34
722827	1454.48	2020.87	814.59	2751.06	2001.64	1372.98
974750	2411.34	3234.78	1733.29	4078.59	2529.7	2632.47
431372	926.3	1292.46	555.16	1731.88	1252.8	902.85
1506166	3718.86	5145.39	2715.38	6379.94	3838.6	4423.2
686883	1560.22	2067.31	1135.88	2557.31	1669.32	1532.29
268953	721.43	939.47	644.02	1043.69	680.08	839.23
570156	1403.62	1843.7	1015.92	2298.93	1512.51	1384.62
416906	1002.27	1311.84	706.85	1653.13	1115.67	910.49
808590	1843.77	2558.62	1188.8	3307.52	2346.49	2003.6
561486	1296.45	1825.89	836.69	2368.88	1696.02	1401.81
872946	1682.65	2371.49	920.9	3235.6	2466.03	1481.44
297842	772.46	1032.56	611.54	1207.73	750.65	908.77
436149	1026.42	1348.5	742.65	1677.83	1139.61	1030.69
702081	1808.03	2476.8	1384.48	3020.42	1770.51	2336.49
707427	1667.77	2283.92	1218.96	2816.83	1681.53	1969.69
182630	504.07	662.18	537.02	657.29	331.57	829.74
190032	518.56	676.4	506.84	713.94	419.05	727.94
339402	936.78	1242.38	847.5	1384.88	773.47	1270.23
439798	1228.11	1593.86	1131.83	1751.61	1060.91	1517.52
703542	1553.74	2161.05	990.55	2818.84	2062.65	1582.11
823428	2235.7	2989.87	2061.17	3283.61	1911.73	3036.91
1014845	2656.56	3525.23	2105.51	4185.59	2493.85	3115.44
579585	1480.83	1985.95	1315.85	2236.85	1345.36	1868.34
685262	1722.63	2274.5	1455.24	2625.27	1582.04	2104.29
600444	1252.38	1724.82	727.88	2337.68	1696.19	1178.47
559951	1291.39	1707.62	967.2	2094.76	1393.19	1323.75
158246	339.73	461.04	235.57	580.78	367.82	348.92
486265	1224.52	1623.57	925.93	1958.43	1229.3	1297.62
1636107	3271.03	4575.97	1842.73	6262.12	4589.25	2938.37
355716	896.13	1242.15	718.61	1481.45	854.75	1138.33
249722	608.02	798.49	477.43	967.93	643.04	605.15
669656	1633.53	2253.44	1267.18	2713.15	1576.21	2047.89
425951	1094.11	1447.66	936.41	1649.24	1082.57	1173.57
294393	653.9	854.27	482.76	1047.98	701.58	639.35
3098021	7444.79	10355.98	4954.48	13301.26	9193.93	8059.75
750976	1694.89	2309.28	1241.49	2868.66	1819.65	1756.11
699628	1613.81	2112.87	1147.85	2638.22	1745.9	1527.49
2814320	6848.62	9316.04	4999.67	11532.28	6740.12	7685.34
681151	1550.15	2095.07	1165.36	2538.85	1689.7	1586.86
573852	1279.05	1787.3	792.79	2366.6	1671.28	1321.47
1953358	4428.31	6103.27	2890.8	7883.59	5631.91	4612.5
7965	14	19.01	8.02	25.71	20.87	9.26
10777	19.05	25.91	10.34	35.58	29.31	12.02
11518	22.75	30.07	14.93	38.99	30.63	20.79
10846	22.65	30.43	16.91	37.56	25.73	24.75
23667	52.11	66.57	54.97	66.09	36.26	84.61
358727	743.39	972.48	844.17	902.58	414.04	1358.64
300181	631.79	800.25	727.01	734.79	354.58	1128.77
879109	2020.98	2714.11	2151.91	2678.6	1422.87	3456.53
600994	1388.5	1809.43	1532.48	1734.34	857.45	2406.65
1002710	2311.43	2983.55	2532.97	2882.02	1464.36	4040.18
432074	914.47	1163.24	1034.86	1076.37	509.74	1660.17
510106	958.9	1202.26	1140.42	1054.56	448.94	1825.33
613994	1411.35	1875.95	1422.07	1941.49	1078.85	2253.95
736974	1672.64	2165.88	1853.31	2082.01	1005.89	2970.53
532518	1234.07	1608.68	1351.76	1551.22	788.31	2138.4
1039969	2380.06	3079.82	2519.57	3071.96	1598.94	3948.29
403071	892.45	1134.28	995.14	1058.85	502.84	1562.75
163750	347.22	442.94	407.02	400.22	192.33	627.48
415378	904.72	1206.78	940.46	1230.17	665.35	1546.81
316037	755.2	969.02	794.69	971.57	526.59	1216.24
343229	804.4	1031.08	890.35	978.54	495.42	1391.54
562420	1232.98	1645.71	1240.96	1734.06	934.87	2013.72
252960	546.25	680.07	619.33	640.96	297.44	982.97
240683	516.09	652.85	591.39	601.5	284.43	915.45
383317	861.52	1094.55	964.38	1034.42	523.8	1503.45
277099	586.99	746.69	662.13	705.35	338.52	1042.18
720383	1573.66	2137.01	1684.22	2127.5	1112.04	2723.41
475930	1129.71	1438.23	1250.8	1366.32	714.76	1899.17
791575	1901.3	2467.03	1967.5	2468.62	1426.62	2910.21
331952	782.8	985.47	864.55	945.01	487.34	1321.6
969299	2277.41	2902.71	2505.86	2770.86	1465.48	3872.89
332408	769.68	966.02	895.08	870.84	386.35	1435.36
1137626	2582.97	3402.13	2814.91	3352.28	1689.47	4444.45
265904	550.28	704.08	624.6	655.04	300.87	1012.13
643710	1485.74	1920.76	1590.28	1876.18	888.36	2629.36
484124	1065.12	1360.51	1201.98	1271.94	622.71	1878.86
586321	1436.39	1831.48	1559.01	1773.17	1002.92	2341.34
302005	715.61	904.13	787.24	866.52	464.91	1190.44
621602	1465.1	1885.37	1540.7	1894.71	1041.17	2364.04
1773851	3939.98	5357.64	3585.4	5894.29	3361.61	6233.85
681872	1510.4	1945.18	1721.52	1800	870.78	2687.28
139622	312.15	397.38	351.48	371.73	187.48	545.42
198287	431.29	575.1	428.01	602.15	328	702.37
334597	767.54	1030.2	740.34	1099.19	641.61	1150.68
366188	829.15	1085.41	906.5	1052.08	536.2	1447.02
221578	435.46	552.15	510.18	499.34	218.61	812.48
177098	437.86	569.61	469.43	566.47	294.4	739.59
256957	528.83	670.36	620.29	618.47	286.28	976.25
3368813	4563.41	6327.19	2536.41	8731.72	6707.01	3380.33
460244	982.34	1317.34	965.92	1399.58	794.35	1528.88
101118	193.91	249.65	227.46	226.06	97.44	363.21
2041999	4594.7	6259.82	4215.85	6968.32	3899.76	7283.82
437524	1023.11	1341.7	1119.1	1288.4	674.99	1742.63
501422	1250.44	1617.53	1267.6	1634.3	990.16	1876.66
290939	713.27	913.29	765.47	902.56	498.76	1153.52
405810	984.58	1273.25	969.11	1346.16	882.33	1361.92
1035550	2414.72	3101.67	2575.14	3077.55	1610.93	3940.97
868909	2100.66	2645.16	2219.93	2667.44	1457.83	3435.98
811765	1793.19	2347.51	2037.21	2212.77	1028.98	3210.03
223004	520.95	652.29	616.01	592.07	249.48	963.1
137985	282.57	363.83	326.23	333.16	149.91	525.03
296926	682.11	870.87	746.4	841.44	452.13	1147.74
213501	451.49	574.4	518.24	530.43	245.51	827.58
483052	1087.89	1418.53	1190.81	1370.52	659.13	1902.84
332924	707.88	910.43	807.4	843.64	392.18	1283.77
602866	1397.52	1819.3	1301.43	2010.5	1253.8	1916.98
516810	1215.79	1582.25	1205.52	1647.54	990.73	1808.33
665541	1437.2	1910.64	1344.2	2089.15	1224.23	2136.45
501980	1194.06	1549.27	1179.85	1639.7	957.46	1759.45
693780	1689.75	2156.69	1735.13	2207.71	1349.31	2528.05
638342	1423.7	1841.91	1576.21	1753.39	867.62	2526.13
650571	1464.92	1924.41	1616.37	1811.85	898.49	2606.2
234380	523.25	665.94	591.25	617.84	295.84	930.13
303913	701.49	914.28	796.34	865.82	425.6	1242.29
328838	764.04	1018.78	814.9	1003.3	542.56	1271.65
230433	559.94	736.09	593.53	722.49	406.77	905.95
545525	1240.52	1628.5	1376.86	1568.94	755.86	2198.58
426444	1114.08	1415.57	1258.67	1338.03	616.95	2015.14
289754	643.69	829.19	715.88	785.43	389.09	1130.2
175242	372.45	482.74	428.49	451.1	203.02	677.47
147966	340.51	432.09	374.12	413.4	201.71	605.61
307873	724.93	956.55	760.19	961.57	497.62	1208.05
244044	538.45	695.68	605.96	656.02	300.19	981.56
174127	384.28	494.33	441.08	453.84	214.74	696.13
190404	441.19	561.57	483.45	548.43	274.74	759.8
409491	962.31	1245.36	1012.12	1240.38	695.91	1544.06
315000	668.06	859.96	769.14	792.73	371.29	1209.79
424389	1006.12	1288.1	1072.13	1261.22	658.46	1679.07
272586	585.99	751.09	679.85	695.86	337.2	1051.39
300842	700.09	912.22	764.42	877.16	451.26	1202.97
266916	580.58	734.39	644.9	696.13	329	1024.5
405397	888.66	1123.45	981.81	1065.27	512.28	1553.83
667615	1480.27	1961.67	1529.12	1988.97	1037.77	2462.47
289972	670.64	868.27	744.77	828.87	421.5	1161.82
632255	1581.37	1981.72	1588.39	2065.38	1324.55	2237.54
843407	1862.13	2467.01	1732.74	2706.12	1664.1	2625.33
642890	1586.73	2036.39	1515.01	2177.16	1441.74	2161.55
619455	1528.82	1927.47	1503.7	2031.77	1299.75	2119.58
394349	915.95	1182.42	1009.21	1134.71	591.88	1585.54
639109	1443.95	1877.26	1609	1782.21	864.64	2554.99
618819	1399.61	1775.25	1525.58	1719.99	817.54	2446.39
1108518	2459.55	3287.22	2503.35	3362.45	1864.55	4055.85
469585	1154.74	1466.03	1129.68	1552.69	1016.15	1598.61
421243	995.49	1300.39	989.59	1355.86	794.44	1532.92
477917	1158.21	1513.5	1220.24	1516.14	874.15	1815.76
1205699	2850.19	3714.99	2789.3	3887.4	2210.95	4420.4
388945	888.82	1148.62	993.33	1106.96	554.52	1570.18
194872	461	590.71	508.23	565.82	301.02	770.54
171838	330.55	419.43	392.58	375.52	164.3	622.98
191231	386.44	486.86	454.71	436.98	197.43	713.74
571099	1368.16	1755.02	1469.22	1724.25	884.05	2297.98
512784	1153.5	1474.28	1285.59	1394.04	705.5	1997.81
140801	312.72	407.43	351.88	382.8	170.36	574.81
367448	851.4	1096.12	939.9	1044.89	551.23	1473
615757	1323.12	1669.46	1514.85	1539.2	718.12	2385.36
960302	2223.48	2855.6	2462.83	2724	1343.82	3864.6
200966	476.91	600.84	518.86	570.36	305.19	797.66
272658	593.81	749.03	682.49	697.51	336.11	1052.86
227524	458.16	586.04	546.02	503.98	192.62	894.35
820297	1839.02	2435.3	2026	2359.87	1142.19	3272
472156	998.39	1277.59	1124.23	1194.11	556.41	1817.92
634992	1483.65	1933.47	1592.77	1894.84	977.37	2549.47
279709	692.13	884.56	737.95	870.51	469.77	1127.14
569101	1324.86	1704.49	1458.57	1637.93	820.63	2317.48
437288	911.62	1168.74	1046.72	1079.62	507.01	1642.36
408757	887.64	1130.81	1008.53	1055.86	491.32	1613.14
537513	1219.09	1568.89	1369.51	1468.79	729.02	2103.57
226353	503.6	636.8	564.21	594.57	276.78	905.66
395862	886.27	1173.52	910.04	1213.19	627.83	1472.91
1285301	3152.28	4066.43	3359	4006.96	2334.55	4939.08
713274	1575.49	1979.84	1778.88	1863.12	951.86	2692.71
729729	1661.7	2189.8	1564.07	2382.66	1369.92	2537.06
599380	1454.38	1854.23	1539.29	1829.81	1018.41	2359.36
460468	1085.14	1363.72	1169.8	1349.36	785.82	1717.91
598008	1421.6	1876.37	1532.75	1832.75	979.85	2394.53
323064	634.73	808.93	738.64	737.71	319.74	1188.12
475642	1086.95	1421.52	1204.06	1361.54	646.06	1945.87
325203	664.3	856.13	763.98	781.23	346.69	1232.4
269189	577.7	747.19	660.3	693.04	346.19	1028.16
874327	1865	2478.97	1844.91	2614.33	1452.31	2974.46
609565	1381.74	1766.14	1547.64	1678.61	855.76	2403.01
521494	1276.59	1621.83	1410.45	1550.4	806.8	2186.59
477933	1155.89	1481.75	1163.99	1508.6	867.94	1779.83
267560	642.84	822.54	628.89	870.68	567.82	867.12
622750	1520.22	1947.03	1638.85	1902.48	1053.74	2463.64
550122	1160.88	1492.77	1321.6	1398.43	636.58	2114.49
214826	457.3	590.12	534.15	538.64	251.62	841.19
153115	314.51	405.14	362.39	372.5	168.59	578.13
256450	520.7	670.58	595.86	620.53	284.34	964.72
503973	1132.72	1507.39	1240.98	1466.47	703.38	1979.12
373562	859.19	1123.32	960.54	1067.59	536.27	1508.71
370957	899.97	1140.44	949.32	1133.54	653.96	1423.61
227174	485.01	623.28	555.13	572.26	268.54	882.18
279513	608.12	772	689.28	711.38	356.45	1068.14
166602	341.63	429.02	389.84	397.15	177.86	625.68
365808	880.58	1163.48	895.77	1190.11	669.79	1409.18
271019	645.48	831.05	689.49	825.77	450.15	1047.48
60352	98.5	125.02	118.41	109.84	43.51	194.83
424296	1002.32	1302.26	1090.07	1257.66	644.6	1745.94
412975	1034.27	1339.93	1098.94	1342.12	789.08	1581.02
365388	862.82	1094.78	928.58	1070.06	573.35	1435.79
514295	1220.98	1588.49	1264.6	1590.65	866.39	1973.47
821543	1919.81	2518.27	2072.83	2461.26	1233.79	3319.06
473930	918.79	1167.64	1068.67	1045.91	460.58	1726.91
507977	1021.69	1313.54	1195.89	1204	538.34	1923.99
790145	1677.98	2232.59	1604.33	2376.54	1417.68	2535.48
359151	836.99	1090.03	908.87	1044.14	539.39	1433.13
379927	903.5	1170.46	966.86	1154.51	637.31	1484.76
394142	941.77	1212.51	967.86	1221.53	672.38	1486.4
335260	704.94	894.03	805.06	828.92	380.82	1281.5
2684318	4201.17	5704.32	2698.57	7455.83	5551.93	3754.78
775205	1433.93	1941.6	1197.16	2266.78	1631.04	1845.93
366298	685.26	926.55	661.6	983.42	638.93	1037.33
398080	755.31	991.77	759.02	1025.73	649.4	1153.48
584792	1079.84	1463.09	943.64	1662.79	1239.91	1373.79
502063	916.53	1210.77	712.03	1484.35	1236.57	939.55
515026	999.55	1318.26	985.88	1387.26	921.62	1452.91
359303	635.89	837.91	716.36	798.43	416.75	1094.52
292967	587.59	755.76	588.83	792.44	528.41	861.07
326449	635.35	830.4	625.9	878.28	572.84	934.31
355697	658.36	858.7	708.64	845.18	483.64	1077.87
637803	997.62	1356.26	564.79	1835.26	1742.8	573.91
155406	273.31	356.85	209.75	434.45	391.28	249.02
190852	403.63	519.28	463.29	477.22	217.53	738.32
515130	904.8	1194.46	716.95	1441.29	1238.97	902.74
33164	74.97	95.79	85.06	89.05	43.9	133.84
402243	716.84	944.21	577.75	1124.77	951.43	752.43
381187	770.83	979.71	870.86	916.43	427.42	1402.27
1906164	2487.61	3470.21	741.52	5347.56	5067.48	256.07
536027	888.62	1159.49	564.13	1514.15	1521.03	549.06
365851	660.54	881.3	509.46	1066.68	935.14	640.64
186883	365.44	475.9	312.55	551.21	459.97	408.25
11820	18.83	24.22	22.23	21.82	8.1	37.84
388304	726.19	960.08	657.25	1055.14	791.36	927.93
209481	379.21	493.8	276.95	608.76	582.97	302.98
272811	512.49	674.64	445.79	767.41	606.61	612.15
323160	579.45	755.46	435.8	924.09	855.93	506
527579	881.8	1197.45	546.18	1579.39	1438.39	646.28
597973	855.97	1190.95	458.56	1657.58	1662.7	410.27
299080	583.44	771.94	563	815.5	557.68	829.08
750950	1181.14	1613.83	722.96	2134.98	1979.66	880.66
471511	819.29	1095	583.96	1368.99	1256.23	691.51
705876	1011.85	1345.84	535.88	1877.05	1887.94	435.24
296347	558.38	727.8	515.31	801.34	568.71	757.28
465317	832.14	1099.81	616.46	1352.44	1182.7	785.51
596030	838.31	1133.14	442.19	1568.16	1632.76	353.26
286838	548.98	720.92	518.04	780.78	568.66	751.92
584994	939.16	1274.55	546.46	1728.17	1549.05	667.24
229616	438.76	580.07	425.42	611.16	409.23	623.08
173010	320.54	424.25	268.53	495.38	406.14	356.58
506136	861.83	1163.89	596.15	1475.01	1301.39	783.67
264455	494.86	651.28	498.78	677	409.63	762.03
442893	798.27	1055.72	623.89	1264.73	1101.31	801.06
491353	935.8	1221.04	923.87	1288.64	826.29	1379.61
141219	264.99	346.87	220.13	401.39	335.62	285.25
802789	1253.02	1702.86	694.83	2325.8	2187.26	791.04
402181	750.07	964.2	780.84	982.88	612.79	1144.74
631476	1105.87	1470.14	875.49	1762.5	1550.06	1105.18
267085	490.62	631.57	401.17	756	677.04	468.08
585806	1114.19	1470.99	1010.85	1648.82	1154.41	1505.34
339080	634.18	834.87	499.5	994.58	865.52	628.1
404358	784.14	1021.83	698.62	1146.26	890.81	964.12
485994	842.81	1107.26	624	1375.07	1250.14	734.6
258598	480.64	635.34	409.57	723.54	603.55	540.94
367941	667.32	876.17	551.43	1027.52	851.4	726.74
107410	253.12	317.81	277.08	304.78	146.66	441.34
726556	1050.56	1414.74	567.77	1972.89	1979.54	470.38
91870	226.69	296.03	240.93	286.51	161.37	368.54
309499	464.27	621.15	264.47	841.6	875.72	222.91
264432	432.32	580.82	295.85	746.88	683.09	352.13
422493	593.69	804.41	292.65	1127.02	1175.93	230.09
1046876	1488.95	2017.91	684.94	2883.55	2797.33	566.31
255177	417.36	557.75	276.53	719.07	668.47	320.34
250275	480.74	635.67	340.23	800.62	639.96	388.85
453309	764.18	1018.66	502.44	1314.99	1239.57	566.02
340023	472.82	646.14	242.7	895.45	918.3	204.17
279089	453	611.89	338.27	746.1	667.45	425.51
1012382	1459.33	2027.96	753.28	2817.41	2659.26	758.66
416079	739.47	984.63	569.99	1194.66	995.95	774.51
1595536	2343.25	3253.42	1284.7	4426.18	4128.19	1377.21
724269	1285.78	1692.19	1007.64	2043.78	1665.69	1412.58
685336	1190.89	1612.74	860.41	2004.7	1748.81	1143.91
321162	561.44	741.02	420.14	909.84	795.73	546.3
599469	1124.53	1489.74	1020.84	1682.77	1230.4	1462.93
624959	981.41	1336.07	554.23	1824.89	1779.99	598.35
336972	656.04	863.04	661.08	887.53	558.09	1014.53
323337	577.8	760.72	469.64	900.81	767.46	615.16
1596747	2210.34	3048.73	1020.27	4357.17	4156.34	1034.99
440099	661.69	888.07	371.48	1208.32	1199.18	364.49
414959	687.87	914.61	459.19	1162.12	1101.18	544.49
186553	341.49	452.47	283.05	527.64	425.52	395.89
277698	483.33	629.37	353.28	787.05	746.43	387.65
443225	728.08	981.31	477.77	1271.35	1168.82	573.5
334240	622.46	823.94	528.12	945.65	736.82	744.52
299425	549.5	722.38	467.89	830.35	667.82	629.63
353942	683.95	890.84	631.61	984.57	720.75	898.56
838608	1536.58	2059.68	1249.49	2401.85	1856.19	1857.52
504157	854.64	1154.77	631.01	1418.54	1210.31	833.21
380677	756.43	990.75	740.13	1033.1	673.84	1135.11
309875	569.16	761.69	529.34	825.73	580.67	784.45
259187	515.18	663.65	498.99	706.69	481.12	726.28
231580	440.36	582.13	405.85	634.17	455.73	597.88
156501	290.38	381.82	251.55	433.78	329.6	360.87
436348	837.22	1113.49	809.15	1194.6	814.66	1200.26
228496	433.68	563.68	439.97	575.83	359.06	645.22
907367	1563.72	2080.98	1067.15	2674.03	2289.76	1419.72
222173	430.25	562.26	410.28	606.57	395.84	624.74
249934	478.77	617.45	517.88	591.77	333.81	785.91
3635	4.48	5.66	5.3	5.08	1.91	9.1
952720	1555.63	2095.96	959.84	2758.74	2417.67	1222.68
172609	392.74	499.84	430.37	484.71	243.24	677.43
222673	411.81	542.07	344.89	625.34	505.64	477.48
209492	477.83	610.23	530.29	580.54	303.18	841.49
208031	407.68	537.38	421.65	545.81	327.58	634.84
322537	593.43	777.07	516.15	882.46	657.37	752.7
357564	681.83	898.93	657.96	960.24	645.89	982.98
399650	727	961.51	608.96	1124.07	908.85	837.2
47418	93.24	122.53	93.3	126.5	82.63	138.77
21289	42.74	55.42	42.68	57.44	39.13	61.28
25999	51.4	67.29	47.72	72.87	55.15	66.46
5482	6.91	8.96	8.3	7.92	2.91	14.15
437867	847.04	1108.6	778.21	1232.52	899.79	1123.18
483229	836.48	1144.53	635.75	1387.71	1146.28	890.96
305009	561.33	738.17	578.45	747.55	474.75	854.58
321657	625.79	824.64	614.54	870.17	565.77	927.83
512083	977.43	1258.61	899.93	1395.5	987.34	1326.28
332957	668.35	857.43	720.57	847.78	478.93	1092.42
405780	777.48	1019.94	747.67	1081.81	735.52	1123.99
632222	1075.49	1435.29	814.79	1765.83	1496.38	1074.7
223993	417.35	540.36	429.77	548.58	337.77	649.42
528861	983.26	1295.2	785.59	1545.45	1334.03	993.55
137149	227.88	301.02	145.14	400.02	398.28	139.75
257598	440.76	576.84	296.46	739.4	740.62	290.33
540763	952.91	1249.26	665.8	1582.92	1484.33	748.75
303575	584.98	760.4	527.48	854.2	663.08	730.71
293828	509.83	669.64	360.31	846.6	796.58	398.42
526330	752.49	1010.62	406.51	1403.88	1448.11	324.17
377732	650.7	862.44	491.09	1057.1	974.42	590.04
764250	1447.39	1952.5	1170.31	2300.19	1734.77	1736.96
282307	546.91	714.11	545.74	749.97	472.41	816.65
344822	615.25	784.46	692.72	734.43	385.77	1076.47
449882	850.17	1122.14	655.7	1341.99	1123.93	859.26
331756	698.05	907.57	674.82	963.67	680.05	973.7
279559	464.74	599.29	541.01	548.91	269.46	841.66
582307	1044.75	1404.52	826.82	1672.99	1480.48	1025.41
342924	669.56	867.67	709.56	863.85	494.14	1114.27
303667	573.5	738.38	638.08	710.91	368.96	992.61
343326	686.77	875.24	678.87	913.13	630.71	954.96
348645	700.33	921.01	621.79	1034.69	849.73	797.82
541436	1133.74	1459.13	985.8	1662.39	1276.57	1368.7
159580	328.97	430.68	337.86	439.67	256.6	530.78
177043	362.06	474.9	358.85	499.45	314.01	550.6
228174	521.88	671.74	578.79	647.76	346.71	886.98
114681	226.71	292.31	264	267.01	117.51	419.96
162899	330.42	440.46	291.92	500.58	330.07	458.43
145264	295.27	377.27	343.79	341.39	150.33	554.24
137267	322.52	420.12	349.86	410.73	227.99	534.67
76592	158.5	205.19	161.04	207.6	130.65	240.81
235914	491.6	630.43	510.78	639.71	393.95	759.19
241902	498.05	638.63	478.19	683.05	472.6	701.23
455280	736.91	996.1	495.94	1281.09	1126.97	596.91
176066	357.81	466.72	298.25	545.13	446.56	383.72
234956	442.95	582.16	357.07	683.21	563.39	479.19
440984	903.93	1203.42	884.9	1260.22	811.26	1356.07
567519	1134.37	1482.43	1120.96	1559.84	923.8	1799.18
318119	598.48	769.2	644.03	748.4	420.21	995.91
321581	663.16	884.71	599.13	981.83	663.73	922.27
332554	637.79	859.62	552.69	983.74	717.9	811.74
176864	329.33	426.2	352.1	422.47	237.33	544.02
386073	720.5	962.05	577.37	1132.4	923.43	785.83
267137	522.58	691.79	423.22	812.63	627.03	604.85
177862	323.16	435.35	260.52	515.03	417.69	348.2
509833	934.73	1271.46	696.01	1560.52	1237.85	988.01
446152	881.53	1178.97	827.47	1293.35	863.71	1266.68
376493	689.82	927.11	526.68	1127.51	899.29	755.39
183904	371.83	490.86	356	520.67	340.02	548.48
214319	440.33	570.96	425.66	602.61	410.15	630.29
911554	1336.05	1840.33	710.92	2565.71	2297.38	829.1
411070	814.28	1072.03	776.04	1157.04	782.74	1177.59
530098	997.44	1283.67	1036.82	1281.66	729.98	1609.91
350331	663.44	854.35	725.88	827.31	464.98	1112.36
761099	1563.82	2137.43	1427.53	2359.74	1618.99	2201.5
202388	379.54	494.82	419.17	476.13	266.89	636.68
391578	756	987.9	780.18	1013.22	612.57	1191.83
119209	240.08	306.53	230	324.1	226.02	327.58
169139	347.98	453.23	319.07	500.75	387.95	427.96
152987	322.07	405.01	322.76	413.7	279.43	466.19
448377	741.61	1000.01	496.31	1287.13	1165.76	604.96
14923	23.48	30.04	27.88	26.29	10.39	46.77
203726	427.19	553.23	393.32	608.79	453.58	544.21
222125	426.96	561.54	349.39	659.85	537.38	458.77
155477	319.33	414.8	303.04	448.66	322.55	434.96
973536	1397.01	1856.3	697.79	2621.98	2637.18	565.2
317857	570.03	753.24	413.58	943.59	904	432.1
1119196	1607.13	2218.85	822.07	3085.54	2890.73	836.28
167231	321.9	423.91	258.99	501.33	458.84	291.96
509124	998.13	1290.1	1012.23	1332.64	809.21	1530.84
333775	653.38	836.35	675.83	841.75	507.48	1014.43
866357	1639.15	2187.87	1300.94	2659.42	1975.3	1924.57
433193	846.52	1107.58	877.44	1106.43	661.53	1342.01
588764	1176.91	1545.01	1113.7	1649.45	1111.41	1703.65
########	19630.49	27626.65	6158.77	42026.4	41596.56	5702.51
85419	177.15	224.25	195.86	213.2	114.86	302.78
126462	257.22	337.75	238.18	372.59	252.76	359.19
180551	362.73	478.58	348.07	514.56	337.98	526.2
225347	428.44	571.28	351.19	670.61	508.24	516.61
182826	362.94	480.21	350.02	512.73	332.44	533.25
770509	1270.4	1759.48	748.68	2340.43	2073.38	943.77
186564	382.59	499.57	335.4	566.54	426.87	473.36
105417	202.56	265.65	165.41	319.12	253.99	228.76
206266	419.79	554.99	388.93	606.82	384.59	606.5
133543	252.44	326.12	270.26	321.59	183.11	417.14
140546	269.64	350.29	292.34	342.53	190.49	447.18
2829266	3571.15	5017.45	1333.51	7453.99	7350.39	1413.01
139974	272.56	358.55	277.56	365.38	235.5	418.72
1064126	1923.79	2593.62	1392.19	3235.26	2571.96	1964.67
281509	542.28	726.95	506.52	791.78	538.63	772.56
177573	335.1	436.35	360.66	427.06	241.34	553.86
193592	381.33	509.02	353.3	560.75	375.4	540.12
127348	259.57	338.67	266.85	344.06	213.13	399.49
199959	416.22	544.99	400.6	576.34	385.38	617.24
283347	539.22	706.09	564.4	706.78	421.14	854.18
511542	1054.48	1390.56	1017.92	1474.56	1003.27	1493.04
237292	480.96	623.94	458.95	676.23	436.94	714.4
434047	855.28	1109.55	886.16	1134.03	680.58	1330.07
548799	1061.77	1379.41	1055.45	1428.16	927.92	1606.16
406168	764.11	1000.87	804.16	1012.22	590.09	1222.41
154057	287.78	371.29	329.2	347.44	172.51	517.84
1213572	1916.22	2621.28	1210.07	3459.95	2966.04	1545.92
303341	623.27	804.17	560.1	896.17	699.92	751.21
227139	491.37	633.36	506.47	638.35	377.38	779.91
429332	903.57	1175.03	807.17	1314.85	896.68	1248.56
296961	587.36	778.1	491.28	902.3	738.46	644.75
477781	883.09	1190.26	723.11	1391.2	1088.51	1035.31
155657	315.21	414.71	288.61	453.66	335.44	408.53
237119	451.37	590.49	483.24	571.58	336.13	742.66
454354	937.2	1226.93	862.5	1344.33	1009.2	1207.71
430891	886.51	1140.71	867.3	1200.77	784.7	1327.14
156978	279.97	357.42	312.1	344.38	173.73	493.83
314764	627.01	812.43	617.04	851.67	602.67	871.1
303032	624.94	791.33	614.12	837.15	551.03	898.18
304756	605.59	790.76	517.32	912.02	731.52	701.91
333680	705.39	906.78	630.26	1007.91	803.61	840.92
1124020	2070.72	2812.08	1595.34	3436.68	2736.97	2180.25
401325	808.14	1051.1	731.59	1165.85	818.4	1064.39
2246372	2842.81	3992.82	1322.22	5792.25	5507.27	1344.84
620906	1071.69	1450.79	723.46	1861.39	1805.91	713.4
166157	308.75	393.16	333.09	385.82	211.88	515.71
181750	342	445.42	364.68	437.48	245.7	575.21
319519	593.7	779.65	647.54	750.71	423.91	999.12
484708	1018.24	1374.66	944.39	1508.74	981.67	1505.6
175635	293.21	371.84	334.76	347.93	156.54	549.4
288189	550.67	717.27	586.8	710.22	389.4	918.76
444594	895.15	1175.5	872.93	1244.83	858.43	1288.05
466505	851.37	1122.76	628.57	1407.38	1281.3	712.73
212972	441.76	579.43	443.92	601.87	394.14	652.33
110758	221.99	287.04	220.12	299.16	208.91	306.57
32596	62.34	79.61	65.86	77.71	44.94	102.31
658113	1171.14	1576.22	867.73	1947.62	1563.4	1197.27
179027	299.2	392.71	177.99	532.46	557.39	120.76
223842	449.46	594.6	387.54	676.88	558.37	507.57
1620566	2387.73	3324.62	980.68	4820.41	4508.75	976.78
459596	928.16	1242.99	955	1266.06	775.91	1462.28
410742	794.05	1029.67	806.31	1052.48	622.86	1234.16
726214	1401.49	1952.94	1147.27	2289.71	1656.06	1789.98
441739	880.67	1168.34	854.26	1247.87	752.92	1349.05
504601	1033.17	1365.82	938.12	1525.58	1070.64	1367.91
288102	576.2	743.16	588.87	762.54	495.84	851.81
458451	931.98	1202.49	930.42	1255.15	772.63	1416
443064	831.36	1125.86	636.67	1363.42	1087.32	884.48
196910	404.64	526.12	376.19	575.4	425.87	529.77
451197	942.18	1217.84	862.42	1360.55	996.1	1220.77
268093	556.15	735.85	514.26	801.63	617.26	697.72
444866	953.78	1233.16	938.11	1297.57	912.65	1309.22
468859	925.5	1198.02	743.73	1420.65	1214.3	921.72
6680499	8210.09	11303.6	3228.88	16724.87	16564.77	3253.59
286601	505.11	688.49	324.19	904.28	772.21	427.22
502869	1022.9	1364.69	853.3	1571.95	1173	1264.17
338656	574.7	781.42	379.1	1008.47	892.28	450.96
197796	291.1	397.09	165.59	536.79	511.64	170.94
82036	163.61	214.64	141.44	244.3	197.81	191.4
204	0.28	0.38	0.11	0.57	0.59	0.05
92709	193.08	247.46	185.08	265.52	184.26	267.17
65137	136.3	177.03	130.1	191.32	134.43	187.88
145744	297.87	401.41	247.82	461.5	339.21	367.6
46653	91.25	117.57	102.17	111.57	56.83	157.23
240752	402.02	542.91	252.37	714.68	663.05	280.31
175539	334.73	445.25	283.3	514.03	394.28	396.13
202018	409.04	537.09	364.83	595.13	443.73	526.25
226384	468.58	614.18	432.71	671.33	480.97	634.58
61851	123.15	158.51	127.27	161.05	97.68	190.68
241142	432.4	576.41	318.73	710.58	613.83	408.93
789860	1098.62	1502.5	501.12	2168.53	2003.18	512.01
293685	577.98	763.53	516	849.53	615.97	762.68
185739	361.83	462.17	378.51	468.4	272.92	582.65
191557	405.23	524.04	424.77	525.71	309.54	645.29
150934	299.26	384.53	311.08	384.8	228.16	474.97
174026	357.71	471.88	363.33	478.01	297.03	560.11
104524	190.94	245.14	216.52	229.68	113.02	344.31
68643	129.49	168.05	143.19	160.79	89.02	219.56
186004	362.35	464.5	407.2	430.83	211.94	646.31
358131	726.99	976.92	611.92	1127.87	772.95	968.79
169748	329.88	427.98	354.3	424.03	243.42	542.42
537084	917.49	1220.19	635.76	1549.13	1372.58	788.45
359911	569.41	735.52	645.82	686.66	305.39	1078.73
225542	469.39	601.93	439.02	652.56	470.28	627.08
1050448	1569.96	2168.34	980.05	2886.05	2497.54	1189.23
118234	247.71	320.87	246.05	332.81	229.53	351.57
429431	879.74	1144.6	783.91	1280.1	986.69	1099.33
392876	829.74	1072.99	804.36	1136.42	789.7	1173.27
305790	609.35	826.29	514.02	958.17	669.22	792.54
215586	416.67	555.45	371.24	625.76	441.56	559.87
158178	295.2	387.64	316.62	378.26	222.74	482.3
161304	307.1	400.03	321.85	404.93	233.5	501.27
229682	453.68	596.95	387.79	687.16	511.15	558.32
867995	1340.39	1831.91	712.73	2544.7	2279.31	869.41
180576	362.71	476.67	336.03	526.61	353.96	513.23
125415	261.43	340.54	260.86	356.33	219.28	408.63
201313	411.84	539.02	412.42	554.95	344.89	641.56
224030	441.45	586.94	392.1	647.72	465.26	590.55
127342	292.7	373.34	324.78	353.79	187.54	500.51
179723	360.45	482.86	343.26	515.57	332.75	536.7
223663	484.33	630.43	498.71	636.5	378.98	767.29
254392	468.25	602.31	526.09	566.7	290.36	825.91
300673	570.1	724.93	609.54	711.5	388.1	967.47
184579	362.92	476.84	313.71	544.64	436.78	420.63
630927	1110.27	1500.85	813.8	1859.45	1618.63	1032.11
286997	606.34	774.43	570.83	846.35	587.12	834.14
75853	144.05	190.82	120.09	220.61	183.82	157.35
136795	289.03	377.62	285.77	395.61	269.97	409.84
294531	623.26	811.12	609.95	846.96	599.07	872.81
394253	825.59	1069.27	772.85	1167.18	818.39	1116.1
549850	986.36	1334.54	727.6	1661.1	1356.31	994.35
153675	323.69	416.5	314.06	441.11	305.2	457.57
133071	267.87	347.4	286.72	336.5	185.93	449.05
188412	388.96	503.52	374.94	538.53	382.51	528.5
156039	328.19	421.91	325.08	439.29	289.72	484.99
118607	231.97	293.3	248.48	288.59	169.98	377.65
200143	424.72	557.59	440.38	565.58	363.67	647.15
27271	58.66	75.18	65.12	69.92	33.35	105.22
73773	149.43	191.69	153.36	193.72	124.22	221.64
341614	649.47	848.37	669.72	856.68	497.69	1048.96
393409	780.88	1008.81	807.67	1013.05	621.15	1224.6
1246558	1737.6	2381.17	917.71	3294.94	3014.74	1100.28
392507	806.91	1059.36	791.97	1114.6	650.79	1264.56
298738	488.54	622.11	565.61	566.41	275.63	902.24
382889	723.37	924.65	774.63	906.09	510.71	1202.32
568868	1142.24	1508.95	1017.28	1687.96	1338.79	1371.16
195826	351.88	444.83	401.2	412.99	195.35	650.53
301738	543.86	703.9	606.68	671.94	337.77	968.99
228732	417.89	550.87	461.44	531.5	283.66	719.52
479445	983.7	1285.94	954.17	1373.2	905.01	1433.19
703130	976.75	1346.24	557.84	1828.64	1645.04	697.56
1233145	1709.35	2430.67	624.65	3651.41	3615.19	601.03
246816	491.92	650.43	436.73	732.34	538.69	623.6
414729	613.63	854.22	213.31	1295.39	1222.4	211.3
21951	32.94	44.44	19.14	60.09	59.09	17.1
386983	745.13	1004.57	662.25	1110.66	851.2	947.09
3913316	5707.19	8030.97	2076.31	12048.75	11474.47	2079.07
1893768	2662.61	3764.67	1063	5516.29	5249.53	1062.42
146191	279.91	374.4	283.64	383.67	228.5	445.1
82874	166.75	219.57	166.83	228.6	143.57	251.83
181304	362.54	480.65	344.22	508.38	331.63	527.35
289129	601.69	816.32	551.64	910.71	596.99	865.44
107372	221.91	288.61	233.37	286.37	166.44	356.95
81065	168.69	220.41	193.29	204.16	100.86	306.51
128796	259.63	338.86	267.87	345.16	212.06	398.13
401469	696.61	954.38	478.1	1209.41	979.2	678.25
241075	506.75	682.54	496.21	719.8	443.68	784.53
201272	385.72	496.13	403.72	494.84	283.76	628.25
179224	342.33	451.4	345.33	464.43	269.34	553.67
192542	402.3	527.5	396.46	555.15	367.9	596.89
258147	484.08	641.92	495.83	653.16	384.54	788.47
266060	545.97	738.18	487.26	819.34	556.64	761.31
107429	194.2	246.76	215.65	234.52	118.8	340.49
358994	724.15	985.29	636.89	1099.73	787.38	975.04
128414	249.24	327.41	272	317.27	172.71	420.85
292252	595.62	798.42	582.65	841	544.06	887.76
239318	483.45	637.42	455.76	680.15	438.92	706.95
423662	728.19	1019.75	494.25	1302.07	1065.6	700.31
200641	386.86	511.95	395.55	519.36	312.33	615.99
327118	647.81	857	593.97	952.36	675.17	863.84
158750	293.9	377.68	320.37	360.5	182.2	518.89
113508	205.63	266.84	227.37	254.02	133.37	361.82
218208	399.14	513.31	436.86	497.77	269.72	671.94
162336	360.85	469.12	401.29	449.62	227.54	628.03
170364	331	431.42	342.01	439.61	256.69	524.22
155828	317.81	423.17	307.75	450.67	275.35	492.23
1994502	2776.25	3793.67	1555.44	5116.62	4673.61	1936.55
327823	660.39	862.7	603.63	945.21	612.6	935.71
407562	801.32	1048.48	801.4	1078.19	682.29	1185.95
141351	295.15	379.39	293.69	393.91	253.02	431.12
397692	816.5	1071.78	781.17	1158.08	768.88	1178.46
496975	1031.01	1360.81	1048.14	1388.83	843.08	1645.98
99884	203.01	267.48	196.43	284.17	190.03	287.86
344897	580.67	755.13	664.89	699.01	345.66	1046.56
153415	256.67	340.79	170.06	436.7	413.62	183.46
297164	533.19	718.25	379.78	902.24	735.07	503.94
136774	267.55	344	282.24	343.19	206.47	423.69
128931	250.09	326.35	260.73	325.88	197.97	395.01
151644	313.33	413.6	304.04	434.47	299.17	442.91
226798	458.72	602.35	408.57	674.06	498.03	572.06
139774	296.81	387.96	283.64	420.4	304.56	400.27
237724	477.31	629.21	434.76	695.83	495.66	641.13
640875	1227.85	1662.52	1006.77	1936.67	1434.76	1480.14
271088	430.16	559.89	494.08	515.38	239.72	800.1
547688	1153.64	1558.57	1090.93	1682.5	1076.9	1728.87
354211	667.01	857.51	695.98	846.14	499.57	1074.87
169870	312.21	400.94	345.44	380.23	195.76	545.85
409880	761.89	968.2	808.03	962.55	550.98	1261.71
407420	763.48	992.26	798.74	999.57	595.96	1237.14
262507	489.78	625.21	530.16	605.85	344.25	809.05
346797	700.03	942.18	603.78	1079.38	764.63	925.22
169158	335.58	446.39	313.82	481.72	323.79	476.84
161018	288.2	376.05	325.71	354.16	185.68	508.83
218358	434.18	583.9	350.65	694.91	515.77	515.82
1470703	2848.7	3873.89	2620.24	4244.31	2870.09	4031.63
189191	368.56	498.4	335.53	556.24	379.89	512.27
149423	304.28	403.55	307.86	417.63	267.34	458.9
173917	323.72	415.39	350.23	405.57	220.15	554.05
167220	331.2	441.89	305.58	484.2	322.96	465.55
194516	382.31	517.82	372	550.27	360.06	575.32
193822	377.07	502.94	334.74	566.19	420.5	477.57
678848	1131.67	1554.19	626.04	2110.98	1858.97	791.35
170868	319.65	421.39	334.96	426.26	266.38	506.07
153215	316.29	412.45	348.78	393.54	195.15	558.56
215763	437.94	571.65	435.36	605.68	386.62	666.93
141135	270.9	352.76	292.8	341.89	186.99	455.39
348593	696.48	903.88	697.62	948.39	594.52	1061.65
152814	316.38	409.06	309.9	431.08	286.05	463.81
946899	1823.57	2533.32	1452.09	3010.11	2291.12	2158.03
558656	1161.12	1525.39	1146.48	1599.97	1050.51	1730.32
446595	890.29	1194.69	802.04	1334.68	948.43	1173.5
378511	776.24	1022.17	719.47	1119.53	755.78	1095.26
173635	328.55	438.87	250.07	534.5	382	350.05
151385	319.07	417.2	264.12	484.91	338.84	355.01
64300	191	245.42	204.19	240.4	124.51	308.58
42870	104.58	135.43	105.09	140.24	80.57	157.66
69240	166.64	217.44	183.95	210.05	105.45	287.99
203764	391.8	525.59	319.7	627.95	384.71	517.52
32597	83.45	105.68	98.52	92.51	34.84	159.86
34728	66.6	85.47	83.77	71.04	24	140.82
22712	42.28	52.84	52.38	45.01	15.26	88.94
26283	73.79	92.66	90.12	81.03	33.34	145.06
356535	604.44	820.29	438.09	1019.57	678.13	627.94
62034	142.17	184.85	134.55	201.42	125.49	195.81
379241	522.82	706.01	328.1	935.58	749.2	350.46
276186	385.8	532.09	185.39	747.73	639.3	195.93
149313	346.43	456.71	350.38	470.28	265	532.24
365584	850.54	1120.77	821.76	1189.13	693.81	1257.11
33735	96.72	124.04	115.3	109.67	45.14	187.24
48403	134.61	170.63	162.81	150.61	61.36	256.54
36131	102.17	130.39	125.23	113.13	45.78	197.14
57644	138.99	180.46	143.94	183.27	100.74	220.01
34318	66.93	84.34	82.98	72.27	23.48	141.43
171145	371.61	492.69	331.11	555.44	348.53	497.38
421012	645.06	873.45	395.53	1156.59	857.53	469.43
33582	66.97	84.05	81.42	72.24	23.77	139.99
21904	62.43	78.83	74.93	69.44	29.44	117.95
14860	29.36	37.33	36.2	31.69	10.45	61.91
21111	42.24	53.26	52.68	45.75	14.61	87.35
133890	295.94	394.31	302.04	407.46	211.52	487.37
257044	709.22	912.05	813.91	834.99	360.71	1340.67
328196	856.82	1084	1005.07	970.97	421.25	1624.44
1023373	2291.51	3066.54	2102.51	3374.88	2052.03	3249.32
514107	1200.91	1548.64	1281.61	1540.67	818.81	2019.07
100234	271.25	343.59	307.55	320	157.55	473.3
317187	770.64	987.44	828.08	959.71	533.1	1269.09
179907	502.9	632.52	573.52	588.68	278.17	882.47
172975	398.53	523.56	409.04	535.66	300.38	633.05
133123	396.17	513.4	437.28	483.72	252.68	663.56
694965	1608.26	2070.88	1693.42	2064.26	1154.77	2603.59
45131	106.09	136.9	106.76	141.92	89.32	153.48
496298	1076.18	1450.21	1039.71	1532.53	812.46	1671.58
144258	452.81	587.09	520.8	540.26	229.27	844.42
123778	292.69	386.67	301.08	393.22	210.98	469.72
56074	167.44	211.28	192.39	197.45	92.85	297.25
70647	211	269.21	239.33	248.42	110.92	383.61
120591	293.55	385.14	313.63	380.45	184.29	494.28
72166	188.04	238.04	225.3	210.92	77.04	368.96
111704	289.09	364.71	344.11	321.88	118.2	561.28
85548	244.45	314.6	289.18	275.79	116.03	461.76
71734	216.24	282.95	248.79	257.71	119.86	392.06
566966	1113.39	1533.97	884.85	1831.76	1196.93	1351.51
140351	331.12	436.74	325.78	458.54	276.47	493.63
135633	367.31	476.99	422.59	436	198.18	676.31
67273	187.22	242.62	215.88	223.01	100.07	350.61
272573	601.77	799.48	562.23	872.46	518.56	873.72
39730	105	136.4	123.09	122.47	51.97	199.62
189046	438.54	579.47	457.67	585.34	333.03	692.2
234059	550.62	698.13	602.08	669.14	360.9	924.52
95349	268.79	349.2	313.06	314.96	140.16	503.82
157915	376.18	487.31	409.77	469.88	249.56	626.24
194778	456.56	602.5	490.47	594.42	314.59	777.13
########	63159.32	89148.19	47312.99	########	72727.8	84623.54
624529	1473.29	1910.34	1439.91	2042.22	1226.8	2173.4
244386	518.12	660.84	586.62	622.29	308.6	902.21
149146	329.24	417.41	376.71	392.61	207.2	569.47
341575	802.51	1052.81	787.18	1102.74	668.32	1194.94
668917	1440.33	1831.62	1619.04	1713.9	854.88	2563.32
1245077	2652.82	3531.49	2225.44	4165.59	2750.98	3431.83
1348270	3040.65	3962.37	2673.69	4497.67	3164.34	3836.52
1284746	2934.28	3848.82	2804.16	4101.81	2724.77	4067.41
1259855	2690.61	3549.94	2314.28	4110.18	2848.73	3267.57
2069289	4486.76	5975.4	3911.4	6770.99	4794.8	5524.74
624295	1436.01	1898.55	1489.99	1935.82	1095.18	2293.24
916900	2155.73	2800.27	2326.39	2760.26	1570.48	3511.86
873713	2110.31	2719.06	2083.73	2838.45	1801.04	3062.3
587078	1362.14	1726.86	1590.86	1568.38	687.86	2538.71
226938	514.11	668.01	603.31	602.88	262.46	963.94
1681855	3684.22	4760.54	3086.4	5572.83	3947.92	4284.14
578708	1386.04	1823.28	1370.57	1918.54	1290.99	1859.82
524878	1245.46	1621.69	1251.28	1684.2	1041.08	1846.47
940398	2136.46	2723.53	2364.18	2591.21	1370.65	3568.31
1186514	2053.55	2817.59	1183.62	3789	2934.46	1408.31
944202	2113.8	2720.92	1849.54	3099.86	2230.9	2591.58
810707	1897.64	2459.45	1928.2	2542.85	1525.03	2886.55
411325	871.81	1105.36	979.56	1029.54	516.77	1527.67
694748	1656.87	2134.73	1709.69	2139.69	1274.73	2511.13
764198	1740.02	2270.03	1925.8	2189.3	1151.67	2996.84
778713	1541.28	1944.55	1756.1	1797.86	832.59	2805.54
715752	1584.49	2002.01	1791.11	1862.74	856.94	2863.81
1358905	3203.49	4098.88	3072.45	4419.47	2910.11	4290.17
452661	1080.52	1387.32	1175.37	1347.27	723.7	1805.49
609631	1456.92	1875.2	1411.68	1971.68	1296.08	1991.87
439713	1059.38	1350.58	1049.14	1395.39	871.26	1514.76
1338315	3119.24	4036.48	3367.71	3911.41	2265.07	5054.63
1040718	2442.43	3151.46	2368.13	3338.11	2220.99	3458.06
696023	1623.26	2089.91	1750.16	2033.28	1069.11	2692.1
90718	222.33	283.14	214.98	299.54	192.73	308.6
1736715	3813.96	5031.46	3287.99	5777.5	4044.03	4696.37
543796	1125.45	1469.95	1299.5	1354.27	647.43	2059.32
560954	1275.55	1644.42	1371.83	1618.06	811.93	2187.4
331636	625.55	799.65	746.31	710.7	323.94	1169.46
158163	362.06	466.21	431.75	405.76	178.46	683.67
801856	1866.3	2442.08	1806.45	2592.09	1558.96	2779.63
655153	1594.2	2040.36	1621.27	2086.74	1283.9	2373.48
2218407	4762.92	6322.29	4201.72	7150.97	5155.82	5821.97
257254	601.34	770.34	553.55	848.26	591.27	757.34
355706	866.37	1123.94	1011.58	1008.77	462.4	1634.03
1087028	2388.41	3245.72	2191.78	3584.34	2222.91	3452.76
894126	1930.78	2480.73	2153.77	2359.47	1172.51	3351.99
800551	1891.24	2454.95	1944.09	2470.14	1445.74	2910.54
711899	1554.58	1989.21	1723.03	1905.92	988.57	2648.49
511541	1230.72	1586.05	1344.22	1538.01	846.69	2036.98
1574426	3695.54	4726.68	3299.96	5336.19	3676.15	4646.15
605086	1406.19	1838.21	1267.25	2030.58	1393.97	1802.26
250953	565.6	739.74	491.3	858.33	605.99	683.89
2434953	4270.83	5791.73	3020.38	7351.9	5748.04	4243.86
348682	778.83	1015.69	922.77	916.2	401.88	1452.38
658911	1526.52	1983.25	1423.22	2199.76	1431.27	2058.39
158467	368.29	484.4	377.2	491.23	289.11	569.93
561474	1335.54	1723.4	1403.62	1716.53	1012.79	2110.93
273461	405.92	560.24	221.58	767.04	640.8	211.66
131339	224.22	288.93	136.94	385.73	322.23	126.24
855101	1303.59	1826.55	527.08	2657.55	2256.73	529.07
46450	68.83	94.2	38.67	128.46	108.75	41.83
399896	1108.12	1447.59	1161.74	1448.36	800.43	1713.04
2341218	8805	11824.46	9890.21	11254.56	4321.49	17932.41
1586688	5818.05	7853.05	6437.84	7499.34	2764.07	11860.87
396407	1257.78	1645.84	1344.19	1632.75	775.16	2025.3
465638	1443.07	1899.8	1460.56	1974.01	1013.9	2210.11
486232	1491.46	1975.02	1526.2	2001.72	954.83	2363.07
221987	702.53	945.66	703.59	978.41	440.97	1143.71
123853	364.53	466.14	401.94	444.68	191.48	642.02
544859	1667.04	2201.99	1734.58	2248.66	1090.12	2637.57
415329	1208.44	1591.34	1130.04	1744.03	874.96	1800.76
2695471	10150.93	13967.13	11200.95	13685.43	4724.82	21310.39
240079	761.05	986.44	782.34	990.67	490.21	1174
752377	2171.75	2821.72	2477.81	2648.06	1121.12	3995.16
1065880	3246.68	4226.38	3524.37	4109.8	1833.23	5596.61
1073964	3178.75	4159.2	3442.2	4061.08	1699.44	5535.81
726086	2105.94	2833.05	1968.88	3080.03	1557.39	3023.12
7341	15.81	20.16	18.67	18.17	6.82	30.46
334200	1004.28	1317.42	1024.38	1333.69	631.04	1612.61
936879	2865.9	3842.44	2825.12	4007.21	1667.24	4806.2
465014	1423.12	1853.16	1450.06	1897.93	908.86	2276.44
433193	1318.97	1715.27	1412.16	1693.88	755.56	2230.87
359388	1116.71	1452.97	1035.29	1596.05	868.98	1578.53
362296	1105.66	1443.93	1110.2	1493.48	777.24	1670.18
1055909	3371.25	4581.56	3328.7	4869.23	2087.85	5911.44
436723	1296.07	1756.45	1270.02	1856.5	833.29	2157.16
695733	2107.33	2792	2332.42	2676.69	1158.9	3770.39
807750	2460.26	3271.21	2524.15	3322.72	1640.83	3821.92
404627	1219.49	1617.73	1266.7	1641.16	742.81	1982.83
606901	1812.95	2369.32	1992.36	2280.87	1000.04	3210.96
231306	726.15	942.02	713.25	988.66	527.37	1035.1
460534	1410.1	1860.12	1389.71	1946.24	998.85	2060.07
411807	1200.5	1584.24	1299.81	1539.66	713.06	2036.9
799286	2539.5	3319.54	2618.46	3367.38	1614.85	4054.5
788335	2490.16	3403.11	2641.37	3413.18	1444.43	4365.98
325668	976.88	1286.68	1070.37	1235.38	527.45	1718.17
530104	1601.83	2109.01	1719.41	2055.78	916.58	2768.14
659080	1991.32	2652.09	2154.35	2607.42	1105.31	3477.03
642251	1980.35	2611.99	1936.2	2734.67	1300.01	3068.49
472376	1365.05	1784.74	1537.22	1686.68	662.85	2518.93
608612	1812.81	2373.05	1992.18	2329.23	986.58	3117.58
790758	2363.31	3079.73	2458.81	3090.76	1353.8	3944.33
287827	882.67	1150.56	997.76	1089.26	471.48	1561.77
965841	2795.24	3616.46	2462.39	4150.13	2188.6	3714.09
856706	2336.17	3085.62	2019.32	3518.01	2076.27	2790.91
652052	2046.56	2669.1	1977.04	2843.25	1488.1	2923.28
393074	1245.91	1581.38	1176.86	1714.62	924.85	1722.27
711755	2193.56	2906.3	2097.1	3070.47	1571.67	3331.5
873969	2010.7	2746.93	1872.42	2975.4	1787.74	3072.91
680482	1666.9	2176.68	1616.46	2323.72	1382.69	2498.24
206756	462.37	609.79	512.77	577.34	273.7	845.63
585147	1380.93	1860.9	1443.91	1875.48	1000.6	2306.98
117259	292.68	375.74	341.6	336.95	141.1	539.52
28284	85.56	109.61	97.09	103	46.79	153.44
290453	712.5	901.39	766.81	882.35	468.83	1202.12
238290	506.67	641.79	580.98	586.78	249.64	965.09
84262	209.07	274.57	227.5	267.46	143.22	353.47
489760	1182.15	1542.27	1251.05	1537.84	793.89	1999.2
153537	381.22	493.59	404.05	488.11	265.68	625.85
168298	452.07	584.55	525.06	534.28	235.11	823.26
244640	605.56	785.66	660.43	771.97	415.54	1002.44
174653	437.69	586.15	462.86	584.99	305.31	746.98
116391	289.36	373.36	327.91	345.2	168.2	506.59
204436	488.25	644.9	517.86	639.98	330.62	836.12
155354	426.71	553.52	480.07	518.76	253.95	743.43
340591	800.35	1035.85	863.75	1014	493.44	1434.9
364731	1031.43	1342.98	1179.11	1251.02	567.2	1892
397343	875.17	1127.9	1011.74	1037.86	445.65	1657.7
369164	835.47	1088.28	924.99	1047.35	472.69	1521.05
418333	1088.06	1404.58	1278.15	1261.88	513.59	2062.1
490958	1120.03	1464.56	1240.02	1417.01	678.41	2032.33
233162	677.49	898.28	793.66	812.75	381.43	1255.21
564561	1325.03	1742.04	1155.1	1984.59	1315.2	1741.66
657533	1628.17	2144.59	1563.22	2275.89	1395.49	2396.27
377534	935.15	1224.05	876.4	1324.67	862.53	1322.79
288851	724.08	939.49	701.57	993.82	631.3	1022.23
266986	622	804.16	530.34	926.93	637.69	783.59
189756	448.13	605.79	419.23	655.19	394	673.61
353019	891.81	1144.3	897.52	1173.52	712.92	1335.01
906988	2148.06	2811.46	1868.93	3178.56	2085.02	2896.67
389320	999.79	1279.65	989.21	1335.29	845.03	1438.51
433525	1073.53	1386.98	1144.31	1395.29	761.85	1736.82
407613	993.48	1304.8	897.76	1445.09	984.67	1355.84
406010	1068.23	1354.82	1029.44	1438.56	968.93	1478.78
211140	488.59	627.58	565.12	584.54	257.52	908.77
540543	1280.48	1706.04	1281.49	1774.13	971.54	2084.7
178252	407.49	528.56	470.97	486.86	213.13	762.08
146320	379.85	486.96	432.05	450.32	192.96	687.86
250979	672.64	862.54	763.64	806.33	386.35	1192.65
297211	715.96	921.52	848.93	810.69	344.41	1375.53
206312	521.64	678.89	607.56	616.51	268.28	968.34
125030	306.72	401.69	331.56	395.1	219.52	498.31
410662	1168.81	1527.64	1339.12	1398.82	623.9	2165.73
334001	781.73	1023.11	861.94	998.68	490.09	1375.18
80373	178.64	224.12	218.65	193.39	71.97	358.8
423748	1097.04	1451.12	1218.29	1384.23	625.56	1988.49
143807	344.24	445.78	390.07	412.57	194.24	615.53
528191	1291.3	1729.71	1336.52	1764.94	968.05	2156.93
208791	499.76	641.75	544.21	626.19	314.16	860.56
182803	458.17	589.95	521.68	545.24	255.42	815.87
789292	1419.8	1933.59	1081.56	2355.96	1675.11	1646.21
223532	477.89	612.51	554.74	550.97	250.05	875.4
533118	1349.31	1733.19	1380.73	1773.19	1033.25	2107.98
699302	1227.47	1695.81	901.58	2098.72	1402.67	1405.07
348310	851.2	1107.83	788.93	1218.49	799.02	1184.49
222758	567.83	734.58	558.77	778.48	490.87	826.62
275050	724.88	943.25	783.56	922.82	483.66	1200.61
339118	844.34	1104.5	788.34	1205.58	774.06	1170.99
267310	609.62	782.63	695.58	728.02	337.22	1094.57
3335984	5446.34	7599.78	2777.9	10645.55	8234.27	3409.11
321132	796.25	1019.45	831.54	1021.71	581.37	1255
569008	1401.38	1828.07	1328.94	2012.67	1289.83	1960.94
223474	589.5	746.69	579.86	795.07	497.16	842.76
415530	1206.85	1541.69	1381.87	1417.18	590.09	2312.5
382092	1217.32	1566.66	1380.76	1459.42	612.1	2304.55
232610	643.86	818.45	741.72	747.2	346.51	1165.28
675834	1588.85	2057.01	1838.17	1886.11	861.21	2941.11
510584	1196.9	1549.19	1319.1	1496	718.9	2112.76
141243	357.87	463.49	417.08	424.8	198.18	646.25
621714	1327.47	1696.15	1553.1	1544.15	691.35	2460.63
895793	2058	2783.34	1880.94	3088.3	1844.41	3143.82
523314	1165.12	1584.66	1083.81	1731.61	1026.42	1753.91
447834	1112.15	1491.23	1074.54	1582.36	960.91	1648.47
393065	1017.53	1314.85	968.33	1409.41	916.41	1381.38
410722	1012.76	1325.33	991.81	1402.25	846.98	1503.37
541056	1354.45	1780.18	1288.97	1925.28	1215.06	1906.01
259130	663.16	851.83	665.41	883.84	532.96	990.31
367279	927.15	1206.32	913.8	1280.67	776.7	1355.94
292304	724.27	939.9	683.72	1020.96	675.71	1001.63
235542	607.04	762.26	598.41	792.81	503.92	870.53
391880	978.69	1289.6	1042.75	1276	682.62	1612.64
202743	433.62	559.6	501.51	514.35	227.24	807
388453	955.43	1262.47	984.22	1301.21	717.72	1578.98
200034	460.29	590.62	526.68	542.09	242.53	856.51
222531	551.69	736.53	568.94	742.52	386.49	910.42
256207	527.03	670.81	613.51	601.14	268.88	980.95
716056	1758.69	2310.29	1849.16	2314.71	1194.4	3014.12
581695	1373.32	1812.56	1473.11	1780.43	912.74	2349.23
517464	1301.12	1676.06	1363.43	1699.92	959.53	2078.06
412391	1006.08	1323.73	976.84	1416.47	856.45	1469.16
291822	743.9	962.17	781.45	965.88	560.11	1187.06
410460	965.23	1254.38	1065.58	1198.26	597.13	1705.19
302347	730.6	951.26	808.87	909.31	448.73	1283.41
2019393	5811.18	8032.31	5580.78	8546.86	4591.22	9669.78
513502	966.74	1244.63	1176.74	1099.96	448.72	1899.45
779695	2030.21	2620.07	2335.92	2376.34	975.01	3865.05
517539	1177.27	1520.04	1408.42	1333.96	534.14	2296.14
480775	1090.67	1487.45	988.67	1645.09	1031.28	1565.85
406712	997.27	1328.47	983.07	1384.49	756.75	1584.96
233530	575.93	752.21	610.37	748.43	440.71	911.38
333975	860.27	1109.54	887.06	1125	668.91	1322.72
259270	639.81	832.74	597.25	899.72	600.84	875.81
217342	482.48	624.34	568.94	562.49	251.79	897.84
1396181	3866.39	5473.71	3403.3	6216.48	3550.18	6205.06
202762	530.78	698.45	618.13	634.78	278.32	989.28
310699	742.14	1004.35	710.05	1075.6	646.46	1126.56
218965	535.77	694.96	618.01	636.2	305.05	969.18
215066	495.59	632.82	590.19	565.79	225.51	942.47
455770	1192.67	1555.6	1369.38	1440.25	645.65	2155.9
366118	974.86	1268.24	1136.95	1150.52	515.26	1809.59
271583	614.01	792.97	687.83	747.29	348.32	1102.32
527114	1366.72	1744.71	1530.96	1623.41	711.63	2491.24
801731	1845.13	2428.99	2081.54	2312.23	1075.06	3379.39
461361	1086.54	1424.21	1197.09	1354.67	668.29	1897.21
670607	1628.07	2125.41	1798.93	2062.52	1015.19	2855.4
496351	1212.12	1575.53	1314.14	1561.81	781.86	2101.04
357283	877.21	1137.54	948.37	1101.57	583.88	1473.64
272528	660.3	846.66	752.24	774.31	363.55	1206.82
204234	461.85	581.83	540.44	527.73	222.56	865.8
506460	1230.27	1629.49	1310.16	1636.63	794.63	2160.06
239853	604.53	770.01	678.35	727.52	372.84	1055.03
239669	643.02	825.48	754.75	735.7	310.92	1203.43
179876	498.62	630.24	566.97	578.86	285.83	878.56
10462	29.14	37.09	32.35	35.01	17.94	50.09
17437	33.82	43.22	41.82	37.21	12.6	69.92
143976	328.58	430.11	367.61	407.44	200.79	594.95
119705	307.33	386.75	320.84	386.13	226.85	485.88
212210	526.34	682.67	513.64	723.13	471.79	752.67
46513	112.52	144.75	122.99	141.33	72.44	193.55
292408	655.54	837.96	736.83	806.7	374.01	1176.72
181861	456.19	591.91	487.96	587.55	307.26	756.64
134920	339.65	442.89	338.88	462.93	281.76	504.69
153680	341.28	434.48	390.1	402.39	193.41	608.32
65159	124.38	157.14	154.68	131.49	45.35	257.48
278109	691.25	894.1	730.98	883.23	483.45	1125.06
280688	669.03	890.21	639.13	955.74	559.66	1015.24
212095	520.97	693.65	560.62	686.2	382.79	859.29
195802	494.44	628.21	534.29	601.01	317.01	831.57
247894	554.02	705.14	626.5	657.99	298.57	1007.22
355784	784.2	1087.6	705.17	1215.11	739.44	1172.79
124643	329.5	422.78	384.76	381.09	165.59	615.24
545684	1319.28	1756.71	1348.32	1834.06	1001.13	2161.42
625396	1495.94	1987.14	1373.9	2223.19	1442.78	2055.07
423315	1055.46	1393.99	1029.01	1490.14	929.94	1503.48
156031	369.75	469.55	429.79	428.39	205.77	662.75
608817	1598.85	2068.72	1499.57	2267.37	1492.76	2191.4
327535	804.52	1045.1	731.88	1166.47	831.51	1004
380965	912.8	1202.56	976.86	1195.49	595.05	1571.75
347324	757.45	974.96	864.26	909.64	414.29	1411.87
512423	1283.97	1669.88	1245.24	1789.43	1063.38	1945.66
591120	1520.06	1948.12	1567.68	1978.82	1160.13	2303.09
1199121	2925.27	3813.92	3147.13	3707.77	1945.93	5006.15
336435	822.29	1101.53	811.54	1157.18	661.2	1289.18
282682	714.73	928.87	724.23	962.21	557.43	1090.57
217683	521.62	666.75	611.63	598.57	256.68	971.81
177179	438.22	567.92	480.48	550.19	273.91	754.29
205620	562.53	722.76	619.6	681.79	319.05	1004.05
183949	403.83	519.47	473.12	471.74	190.06	784.6
277112	605.74	800.48	696.98	730.12	320.81	1159.44
266010	617.54	801.11	690.58	763.37	353.89	1123.45
175220	400.67	512.32	468.8	462.1	182.78	765.01
472664	1142.42	1496.21	1226.49	1468.02	700.65	2010.67
239842	564.36	728.6	650.84	674.49	285.19	1048.46
288681	702.55	928.8	743.71	923.5	522.62	1125.78
347997	892.53	1157.54	938.92	1161.8	682.49	1418.37
235348	681.84	862.33	780.72	796.21	360.89	1239.89
103650	262.09	340.33	285.76	333.33	181.84	435.63
239863	589.15	760.22	637.42	737.57	390.34	992.79
363956	909.42	1168.76	919.21	1194.2	739.76	1351.45
340381	865.28	1122.95	907.07	1125.31	656.48	1365.9
1017786	2181.65	2980.29	1962.2	3301.97	1965.54	3263.11
613420	1561.41	1993.13	1678.95	1959.36	1060.56	2538.74
164510	360.86	467.11	414.46	429.87	192.14	668.58
256634	615.16	821.07	652.01	817.68	417.64	1075.08
182795	439.74	580.76	481.6	566.5	288.9	760.52
154648	383.47	495.45	414.89	489.57	258.44	642.86
173012	483.78	627.21	567.41	570.82	240.48	910.03
296815	788.48	1009.13	870.31	953.56	442.64	1391.27
173963	507.66	663.54	571.79	616.84	280.94	933.55
714649	1696.36	2225.3	1827.83	2173.39	1058.68	3033.25
713473	1528.42	1950.07	1829.71	1712.36	628.2	3071.76
444519	1010.71	1294.96	1227.83	1123.43	430.17	1975.55
569068	1339.92	1787.14	1474.01	1715.57	814.22	2395.93
381431	1005.43	1277.13	1199.09	1125.72	443.14	1984.48
289746	771.5	1002.74	883.23	930.31	417.46	1420.54
311449	766.7	1012.04	721.26	1097.33	661.13	1089.58
569009	1237.23	1686.73	1118.62	1877.93	1134.15	1778.93
211715	513.76	684.28	500.74	716.58	403.2	807.97
608135	1520.92	1984.9	1451.77	2137.91	1397.63	2086.61
219756	547.4	711.14	566.64	714.68	419.68	866.57
187478	472.82	618.25	480.79	636.44	398.58	705.79
206680	521.78	676.89	492.7	729.07	476.26	719.56
309290	765.54	987.35	715.74	1064.67	685.76	1080.32
228018	576.96	744.64	578.5	768.8	478.31	864.37
258123	631.29	808.69	733.08	740.49	337.08	1141.33
100221	207.1	267.25	241.87	242.22	107.92	387.13
244712	513.44	654.8	597.97	594.53	259.61	959.95
172127	394	509.56	453.92	471.4	224.11	706.03
647784	1538.34	2070.14	1438.51	2265.25	1315.09	2368.15
164576	372.85	477.83	423.75	447.48	216.5	656.57
179782	439.63	571.79	505.53	522.58	257.25	779.18
300780	705.14	905.88	786.88	845.94	414.11	1265.6
253623	574.84	741.97	665.71	680.43	317.41	1044.4
251156	503.36	635.25	585.12	574.45	250.9	934.5
250145	709.26	913.3	793.69	860.13	412.01	1254.18
1407036	3407.5	4633.1	3320.25	4958.78	2731	5478
321832	977.42	1253.99	1135.56	1141.46	484.03	1847.5
329011	957.46	1241.22	1110.39	1137	501.27	1788.28
434301	1054.2	1372.96	1165.13	1314.86	641.27	1886.87
484291	1182.56	1560.8	1221.26	1590.07	862.03	1932.39
253074	643.85	826.57	742.88	748.69	351.99	1150.91
239701	608.15	785.86	676.12	744.9	375.52	1047.23
312887	741.08	957.82	840.5	889.3	432.21	1321.36
24846	50.09	63.23	61.75	54.02	19.23	103.07
145939	487.28	635.5	542.42	598.61	302.91	865.92
85319	202.13	259.97	214.16	257.84	145.07	325.91
212204	567.95	749.58	555.82	789.41	490.78	831.29
57721	192.96	247.3	220.95	229.33	112.15	349.76
73751	217.83	281.14	251.73	256.56	115.96	397.29
37923	78.47	99.61	98.54	84.98	29.36	161.86
107079	306.16	396.74	367.37	351.52	150.14	589.47
113092	337.04	426.28	390.12	387.36	167.2	625.2
120570	379.04	487.58	441.01	443.9	198.01	700.12
183611	630.63	813.63	718.46	755.88	368.13	1157.91
6780	13.92	17.75	17.5	14.95	5.29	28.31
83588	256.88	334.35	296.6	310.49	136	479.13
118039	404.16	521.05	462.95	484.32	235.96	726.91
88197	245.55	307.5	287.54	273.92	114.88	464.05
85174	303.59	392.11	335.24	375.58	187.88	542.38
61741	163.13	209.03	190.79	188.23	77.41	313.73
63564	209.87	270.27	232.64	258.05	126.99	371.81
326292	656.54	859.75	511.14	1036.48	738.7	656.13
45692	138.96	179.95	159.19	166.7	83.29	247.41
151360	347.69	443.98	343.47	461.54	306.04	482.31
134118	313.65	405.5	323.06	411.45	252.83	463.35
393580	799.14	1059.92	716.16	1176.34	909.39	964.77
371485	781.8	1013.99	666.58	1167.44	932.57	861
700006	1438.5	1917.44	1279.26	2168.65	1490.56	1920.33
426316	944.79	1209.24	886.27	1314.57	990.47	1185.3
386168	842.21	1083.91	788.17	1184.52	850.45	1106.88
608496	1224.51	1652.88	956	2005.92	1550.86	1350.37
767553	1498.26	1997.52	1140.92	2431.34	2086.22	1352.92
334992	655.09	851.65	484.11	1056.85	956.27	511.44
967787	1638.81	2273.2	835.37	3170.56	2791.87	1067.41
287995	613.01	796.5	496.22	942.52	740.42	680.6
1304662	2284.4	3199.63	1196.23	4394.69	3836.06	1654.29
318366	654.7	867.92	606.66	955.84	704.23	848.93
293262	572.93	769.4	457.66	915.14	765.73	573.82
254152	475.62	621.6	332.83	782.64	720.32	361.27
493177	844.52	1156.15	532.22	1496.26	1325.01	674.5
394071	686.98	925.45	479.27	1185.94	1047.12	551.5
368621	674.51	889.11	438.48	1148.42	1048.59	483.02
263318	475.72	619.24	328.68	789.98	726.64	341.14
227122	435.49	558.63	325.62	690.41	643.7	325.91
865001	1748.84	2332.87	1381.27	2750.34	2281.48	1749.38
384927	719.87	960.54	536.15	1194.23	1037.32	625.27
792266	1407.93	1927.36	949.95	2464	2153.17	1152.39
554957	1179.17	1532.81	1199.37	1573	976.49	1800.28
313887	616.47	818.14	485.84	985.21	864.67	550.74
414707	876.11	1151.69	817.02	1259.01	866.83	1177.04
420124	917.16	1182.25	897.32	1239.99	875.57	1245.85
8783	13.96	17.83	16.8	15.8	5.84	28.3
361923	715.95	963.3	568.71	1148.67	882.14	802.88
306060	674.52	863.34	630.58	946.87	671.26	889.9
143907	299.19	387.27	298.08	402.47	257.78	435.05
255205	571.4	741.36	583.95	754.22	478.13	876.44
181127	364.22	470.51	395.03	455.77	266.96	586.29
464119	892.52	1219.46	674.88	1483.08	1210.7	907.32
91818	144.76	197.22	75.7	271.72	250.23	81.26
274198	557.1	712.63	584.72	707.62	417.08	891.98
647746	1298.28	1710.81	1062.74	2012.45	1639.63	1352.07
458408	836.75	1116.74	575.78	1421.86	1263	676.78
549610	964.09	1261.08	568.77	1707.67	1678.3	477.58
1749816	2939.43	3962.16	1604.92	5492	4905.49	1879.43
584184	1022.97	1333.47	644.24	1771.97	1677.46	617.01
147140	327.73	438.01	324.8	456.87	275.04	518.11
252422	497.28	669.3	398.89	796.4	631.58	553.88
326902	646.46	878.64	511.21	1055.23	809.27	720.17
205845	444.45	589.59	420.65	634.9	436.89	621
342710	728.14	963.8	697.1	1022.89	670.45	1081.82
306757	674.56	869.55	649.38	931.57	643.63	935.2
5122903	9739.12	13793.9	5074.85	19208.51	16632.38	7365.35
464660	859.16	1189.3	519.37	1582.3	1358.88	686.17
242010	497.96	634.22	403.38	750.75	638.86	478.16
304382	545.31	733.86	374.31	932.67	794.63	471.39
406421	760.44	1026.42	532.63	1294.84	1114.21	659.97
126969	255.78	338.15	217.71	389.22	317.73	279.32
755971	1373.88	1858.16	959.85	2346.94	1915.89	1321.73
269716	474.54	645.26	312.63	836.04	778.94	319.68
200732	353.8	488.31	220.69	651.86	562.6	277.16
254965	468.78	627.82	335.54	784.86	701.24	381.08
100108	203.74	268.87	175.97	306.85	239.76	235.92
213270	444.6	598.37	361.71	709.65	539.7	506.75
710426	1285.09	1745.41	881.12	2203.93	1868.6	1122.56
704493	1230.78	1661.61	748.06	2200.78	1972.97	838.71
223559	451.45	611.3	361.21	722.34	558.43	506.9
2090410	3585.95	5068.05	1831.55	7067.98	6129.53	2508.15
257089	490.88	660.91	389.34	790.8	651.9	505.91
510161	944.11	1268.28	627.96	1619.4	1381.15	789.64
153143	310.12	403.74	250.45	479.6	403.53	302.33
29	0.05	0.07	0.06	0.06	0.02	0.11
6778	11.64	15.01	13.75	13.48	5.71	22.71
243970	449.82	598.36	310.49	756.47	688.43	335.41
379559	693.19	948.23	486.3	1189.96	984.97	625.89
852406	1641.21	2173.72	1295.8	2600.95	2178	1621.24
442822	802.6	1053.78	533.59	1358.8	1268.34	545.51
231964	417.82	548.13	284.15	705.26	635.47	327.13
399332	834.6	1149.21	745.69	1274.44	896.66	1148.3
167406	339.91	438.81	347.86	443.97	269.98	527.17
122672	266.21	350	248.88	382.56	280.12	348.76
238560	491.26	633.97	414.66	737.49	604.78	523.7
323101	590.26	794.3	426.28	988.64	836.41	530.26
483939	803.96	1096.44	484.13	1450.43	1247.59	671.71
177267	416.54	538.85	441.71	532.34	299.31	680.78
546964	1111.28	1454.99	901.9	1704.64	1373.09	1216.5
403310	853.66	1116.95	752.51	1255.37	962.68	1015.38
409531	804.6	1060.43	616.19	1284.48	1127.37	700.77
1450783	2655.83	3651.12	1490.02	4961.81	4261.05	2007.22
340683	699.6	919.27	598.18	1068.52	833.43	806.78
462942	819.76	1101.82	526.51	1439.86	1275.35	595.75
243680	508.8	663.89	431.48	761.61	605.5	572.8
104508	210.33	285.51	154.68	353.77	281.26	214.88
326059	691.59	914.65	640.52	994.04	706.05	920.44
403306	845.23	1115.9	794.36	1205.76	819.46	1203.09
21762	39.07	52.35	25.91	67.47	59.64	29.17
192500	361.21	479.66	266.56	590.84	485.45	354.77
891278	1491.48	1992.28	912.34	2682.46	2404.11	1006.34
734353	1254.88	1695.78	772.07	2263.46	1991.48	970.07
264083	559.85	740.38	511.92	815.74	600.1	718.72
598896	1229.84	1587.25	1263.22	1593.01	948.58	1919.98
2086890	3634.27	4988.81	2318.92	6507.56	5635.35	3065.41
470205	952.35	1249.54	818.21	1437.71	1087.7	1162.33
366619	686.09	927.04	464.12	1197.52	1042.01	571.85
534550	1129.6	1485.76	973.07	1699.72	1332.93	1285.77
520725	1007.72	1343.95	798.87	1610.41	1395.78	951.6
663248	1290.32	1711.01	940.51	2140.06	1726.09	1280.81
377295	771.85	1017	628.97	1186.3	932.91	867.66
380533	789.93	1028.49	679.95	1176.82	917.11	922.24
2471452	4588.6	6352.81	2382.46	8827.58	7878.77	3073.63
275409	528.87	704.55	395.13	865.99	717.9	504.78
765227	1485.15	1926.3	1165.77	2333.78	1876.27	1550.3
501409	990.53	1319.79	738.86	1619.6	1338.79	933.05
221856	459.73	605.59	406.12	682.91	503.74	573.12
1089635	1897.76	2564.88	1128.63	3462.77	3092.67	1369.95
627603	1149.46	1523.65	754.5	1990.33	1826.39	815.88
707049	1256.25	1677.37	769.15	2255.45	1957.08	947.67
641608	1185.8	1612.88	737.5	2112.84	1821.6	934.84
460994	868.25	1178.72	619.99	1470.85	1210.39	820.59
480783	985.24	1298.05	832.76	1493.94	1186.05	1090.25
945004	1901.07	2479.65	1543.34	2910.33	2403.86	1908.39
928747	1771.6	2337.45	1334.17	2872.99	2333.36	1752.81
895776	1769.49	2330.74	1306.38	2896.38	2483.53	1541.84
936509	1541.34	2066.08	947.85	2717.02	2528.48	1001.71
432049	871.01	1161.66	721.36	1363.87	1042.55	994.53
361079	619.9	840.62	368.75	1123.76	989.21	456.31
622153	1171.03	1601.27	859.18	1995.95	1600.28	1189.7
336295	605.26	813.37	408.63	1030.35	895.35	491.95
103544	209.23	262.34	237.29	242.29	122.21	368.21
298414	591.4	780.35	485.1	917.03	694	695.66
568092	964.89	1300.1	605.42	1720.31	1521.27	707.26
1493665	2563.14	3491.26	1642.89	4579.84	3976.14	2101.74
290525	549.06	725.32	383.99	916.31	792.91	456.17
709986	1444.55	1912.26	1215.45	2221.28	1723.16	1650.35
513339	945.94	1278.65	633	1641.9	1457.71	698.4
580084	1221.91	1594.07	1003.58	1864.59	1552.93	1214.14
367592	730.13	943.44	556.7	1158.99	1034.24	621.29
247370	510.85	670.47	444.18	765.52	617.03	572.73
907150	1712.21	2271.62	1124.5	2949.95	2510.99	1429.74
128452	283.03	378.2	258.59	420.47	282.88	396.24
177756	367.44	476.18	309.86	549.29	432.84	407.89
297015	566.95	745.8	396.95	952.29	837.84	444.6
531797	1142.4	1515.19	1100.83	1615.44	1058.5	1658.74
373342	816.03	1054.45	746.56	1167.28	882.06	1011.15
409788	795.21	1037.22	597.27	1270.03	1127.43	646.34
790919	1449.29	1939.84	975.16	2490.57	2094.45	1308.32
426099	811.62	1063.35	583.36	1334.59	1159.32	692.98
346202	729.29	968.11	664.64	1060.58	779.8	953.29
341826	727.58	943.77	643.23	1065.39	793.27	888.35
2839561	5458.5	7489.45	3197.07	10108.08	8503.58	4494.5
239308	488.28	633.12	430.58	719.29	579.89	548.78
594786	1069.75	1465.83	734.09	1854.07	1518.05	1001.7
362877	731.65	961.59	586.9	1148.67	982.46	708.23
1583794	2911.73	4008.67	1727.38	5354.74	4632.56	2346.73
187348	377.07	490.61	298.95	588.58	521.51	343.46
162730	286.12	378.88	173.82	506.11	469.55	168.01
610197	1045.41	1456.27	567.13	2014.78	1769.18	747.52
591609	1115.8	1547.33	625.18	2104.28	1855.34	824.89
733716	1207.19	1627.02	692.98	2224.76	1948.89	883.61
412135	771.41	1029.28	703.89	1131.18	774.53	1069.83
230804	483.06	623.68	520.41	605.32	337.09	786.55
315700	617.3	807.02	579.4	876.22	590.87	880.45
201654	378.67	486.82	407.82	479.57	269.24	629.88
133346	305.96	396.68	335.87	384.24	196.38	528.29
114187	227.35	298.29	226.02	309.62	208.95	335.4
473553	788.73	1054.6	531.6	1358.19	1211.43	684.35
279777	522.2	674.66	535.84	697.11	408.42	824.5
361466	687.91	892.26	657.62	972.09	624.71	1014.45
314936	613.72	804.65	601.57	853.73	558.64	886.85
1475360	2564.02	3480.8	1861.7	4370.66	3625.85	2593.86
571771	1062.74	1382.2	1134.34	1363.81	773.81	1765.38
322619	790	1025.78	826.07	1025.05	604.63	1248.48
624097	1188.55	1575.53	1068.63	1766.12	1281.44	1544
416780	813.99	1053.58	748.75	1160.18	844.47	1081.01
401091	786.19	1027.37	689.98	1160	887.15	956.6
3512614	6307.55	8806.68	3293.89	12121.84	10220.73	5128.35
540566	1063.01	1392.02	1000.75	1519.95	1099.27	1428.73
577738	1072.61	1381.31	905.94	1606.29	1267.62	1257.68
911408	1651.25	2185.86	1286.11	2645.76	2233.35	1733.27
197194	479.68	623.94	500.45	620.61	362.45	766.12
435310	826.05	1094.5	717.77	1229.28	950.53	1022.21
604620	1118.33	1508.41	1006.21	1689.53	1261	1433.17
842772	1461.6	1980.86	1085.64	2407.28	2122.25	1432.42
208333	503.73	667.53	546.63	644.42	363.48	825.2
353270	656.95	854.83	541.4	1002.31	809.11	740.59
776739	1464.21	1946.72	1240.14	2267.08	1705.69	1795.48
589497	1050.4	1372.87	853.52	1628.59	1291.42	1209.37
567846	1083.51	1427.65	1023.57	1562.23	1105.64	1470.91
76559	212.15	274.43	223.94	275.53	157.11	340.84
421783	835.7	1097.36	793.64	1175.73	801.91	1172.17
244324	589.69	762.85	604.62	769.33	453.79	917.95
353585	666.24	896.22	617.95	989.99	709.74	885.92
379685	720.29	937.29	735.77	967.58	602.22	1096.41
457337	863	1134.36	817.38	1227.13	867.98	1206.92
226473	423.91	539.57	449.73	539.06	308.61	690.46
267610	517.41	675.64	531.98	695.76	433.46	792.57
400161	772.53	1002.34	776.62	1049.38	671.59	1151.02
433712	824.05	1073.84	769.69	1183.39	807.15	1132.32
387705	671.81	864.15	738.39	832.48	432.46	1146.86
293244	554.09	721.3	585.36	714.5	435.38	871.76
376197	745.67	966.27	712.27	1028.39	722.69	1028.12
632414	1147.44	1542.7	895.48	1869.22	1497.26	1275.46
348713	675.28	877.64	631.12	963.37	694.22	911.05
381865	743.28	979.51	723.01	1048.72	736.21	1018.52
394134	758.13	992.97	688.74	1094.21	791.41	1011.48
277946	532.42	679.8	559.88	678.9	398.7	847.69
267938	530.61	681.32	506.71	730.68	510.6	739.4
681251	1213.44	1631.65	868.26	2049.44	1718.25	1170.32
523097	1014.43	1324.07	949.92	1438.93	980.54	1403.72
414826	818.89	1069.34	790.99	1143.41	726.65	1203.14
408209	778.86	1021.65	771.99	1063.43	693.52	1175.73
451569	812.98	1057.42	891.75	1022.29	573.27	1364.12
556370	1066.06	1415.12	1003.06	1530.34	1075.66	1471.45
571079	1088.87	1415.18	1011.02	1551.52	1049.35	1511.34
750434	1440.89	1900.96	1388.31	2006.47	1310.63	2126.73
380045	706.51	902.7	755.67	894.67	494.56	1156.5
596592	1186.83	1520.12	1141.52	1614.43	1025.33	1744.67
607930	1130.21	1493.01	974.33	1704.32	1345.29	1360.33
253208	491.4	638.16	456.94	695.25	473.83	690.91
325334	593.27	782.31	485.38	921.41	708.91	691.03
429385	809.88	1051.43	724.2	1164.31	855.53	1051.46
192318	351.25	455.85	371.12	449.31	265.35	564.42
747508	1319.62	1786.44	931.26	2255.33	1863.51	1269.09
180785	335.78	437.09	351.85	437.17	255.92	538.03
240650	456.91	590.69	471.2	594.94	356.17	715.6
334492	666.54	850.78	656.66	892.23	598.31	968.2
1620560	2569.28	3514.38	1114.48	5154.12	4741.94	950.15
4495322	6579	9069.14	2204.33	13954.71	13009.21	1207.68
307447	612.7	786.13	577.74	853.82	606.89	821.24
366973	656.58	869.5	509.12	1046.78	854	716.72
399398	770.97	1015.27	729.92	1095.29	766.11	1056.16
130636	310.44	395.05	306.34	419.14	260.24	442.06
296303	705.69	920.39	681.94	980.92	653.3	952.58
183103	434.4	554.19	441.68	572.57	342.61	653.4
374837	792.64	1052.57	630.48	1258	902.59	899.17
333334	771.54	1002.53	732.3	1077.21	727.23	1016.6
397836	901.93	1172.18	804.93	1313.06	889.71	1111.09
507801	1156.48	1513.6	988.74	1747.75	1241.91	1312.98
316218	725.39	942.33	670.99	1032.46	685.4	948.02
132760	307.91	402.94	295.88	432.76	277.64	423.68
383259	846.98	1126.15	736.59	1272.99	874.09	1038.74
1129459	1848.35	2514.11	1206.95	3285.76	2496.51	1545.78
2497630	3319.12	4620.26	1561.12	6635.74	5766.14	1824.58
502355	1217.7	1587.98	1124.18	1748.12	1097.31	1678.5
530141	1243.38	1614.43	1114.97	1810.41	1205.21	1584.67
542197	1309.57	1726.7	1225.45	1890.81	1206.32	1778.2
535353	1256.52	1660.52	1153.35	1836.03	1160.49	1702
1487595	3357.42	4340.54	2987.68	4871.33	3333.58	4128.81
1085152	2604.93	3436.18	2431.51	3733.45	2399.42	3590.81
1409186	2436.57	3249.55	1749.18	4112.35	2839.61	2502.03
1231258	2294.1	3119.16	1716.78	3809.99	2750.07	2337.58
1007484	2003.81	2556.99	1587.96	3072.91	2230.53	2047.4
2515118	5994.72	7741.58	5264.98	8707.26	5799.6	7666.66
675825	1691.04	2212.73	1807.78	2185.68	1214.14	2738.33
772584	1891.4	2490.4	1904.71	2539.87	1385.04	3027.99
637095	1601.85	2079.3	1606.88	2168.24	1306.09	2344.91
1126828	1896.45	2489.57	1375.42	3095.85	2326.98	1707.15
1071991	2457.04	3182.11	2265.33	3540.97	2445.09	3083.29
740706	1636.61	2063.88	1426.14	2356.72	1693.14	1910.71
1321512	3019.09	3941.94	2739.09	4387.67	3090.6	3714.03
770851	1579.17	2089.4	1344.12	2406.65	1664.67	1865.31
908095	1804.74	2364.96	1518.13	2772.68	1987.56	2062.66
2209744	4258.85	5755.21	2791.15	7403.94	5254.18	4148.4
494040	1127.99	1463.03	999.05	1677.8	1086.03	1466.57
518751	1075	1392.77	912.6	1596.35	1144.6	1227.04
1366972	2625.29	3393.38	2006.09	4153.16	3029.58	2584.91
1006283	2384.56	3107.23	2155.94	3443.01	2432.54	2966.01
1119128	2415.25	3193.64	2097.09	3643.61	2327.53	3142.79
1582817	2965.4	3993.11	2272.07	4792.24	3352.91	3129.57
579863	1423.74	1851.17	1420.34	1929.51	1136	2112.89
832626	1532.65	2040.85	1215.24	2442.03	1639.54	1709.95
944154	1964.79	2523.51	1603.26	2968.09	2077.73	2191.26
1139444	2066.61	2714.88	1671.08	3260.83	2242.17	2317.22
799633	1860.05	2406.69	1664.33	2707.56	1789.2	2428.53
809397	1886.21	2455.13	1670.47	2763.82	1800.51	2455.11
1166447	2467.58	3172.09	2034.21	3743.65	2511.38	2797.74
2898927	4827.06	6415.54	3609.75	7889.84	5760.51	4834.91
2129243	3981.39	5493.12	2702.64	7036.05	4921.88	3854.84
824741	1903.71	2474.31	1703.59	2764.09	1844.42	2464.9
416902	991.55	1283.46	929.71	1390.75	938.05	1294.19
747856	1747.13	2289.12	1570.68	2585.61	1680.59	2275.2
210305	532.14	681.04	518.54	723.66	450.72	747.18
467178	1170.77	1496.99	1101.24	1628.21	1019.19	1614.95
1596148	2977.64	3937.91	2283.65	4725.66	3465.45	3041.27
816083	2102.02	2758.64	2087.3	2902.8	1659.58	3172.35
373735	944.22	1207.62	935.46	1265.39	770.35	1375
1851864	3456.75	4560.37	2612.68	5628.17	4044	3417.32
1557590	2861.57	3737.66	2124.54	4633.57	3488.35	2595.51
573592	1305.83	1676.73	1186.04	1899.95	1325.62	1591.71
1148767	2509.58	3256.45	2202.97	3728.08	2569.71	3138.03
400590	973.93	1225.47	889.28	1364.66	904.42	1265.31
730425	1711.91	2255.52	1566.22	2452.86	1592.54	2206.73
1058921	2058.35	2704.66	1750.74	3108.91	2063.58	2474.69
1099027	2614.86	3308.85	2377.7	3630.86	2636.72	3130.11
1638154	3025.48	4022.06	2147.16	5050.74	3719.57	2912.99
1399408	2273.09	2928.38	1630.32	3692.92	2805.34	2101.14
747857	1730.02	2221.45	1568.64	2505.08	1635.72	2228.45
817172	1948.83	2542.02	1814.54	2765.6	1758.61	2666.13
1281646	2971.06	3914.72	2726.77	4336.48	2673.59	4119.14
876349	2094.2	2745.57	1967.09	2967.54	1964.36	2798.63
928099	1528.66	2029.91	1187.5	2448.7	1684.81	1687.78
1387698	2244.88	3055.82	1650.82	3760.02	2774.24	2303.46
308060	727.64	951.85	665.07	1050.78	725.58	935.54
763350	1416.69	1851.27	1117.43	2228.14	1543.17	1533.39
3243931	4717.23	6538.73	2497.94	8992.43	7069.92	3235.52
237759	585.39	752.14	553.7	807.59	484.82	832.54
198856	428.3	589.77	408.62	639.35	356.56	675.09
1056114	1980.63	2607.47	1447.45	3281.61	2399.71	1915.02
1147453	2518.15	3369.75	2262.7	3748.23	2420.71	3316.95
1162113	2792.61	3624.37	2480.68	4058.28	2611.04	3627.55
928705	1737.17	2263.12	1313.48	2753.29	2009.7	1766.87
732545	1487	1923.15	1209.86	2294.81	1641.7	1627.54
3316177	4889.21	6763.48	2569.74	9360.67	7096.68	3099.14
1154739	2323.97	3110.17	1703.84	3872.85	2717.11	2345
968935	1872.87	2415.06	1413.51	2952.65	2167.39	1841.84
1350592	2660.46	3440.9	2002.59	4226.98	3149.82	2499.05
642062	1449.87	1916.7	1302.04	2145.42	1398.61	1903.32
1804988	3527.63	4682.28	2822.38	5613.57	4041.28	3734.76
1098600	2698.18	3482.78	2465.22	3827.25	2556.99	3530.24
690563	1585.51	2032.94	1374.5	2326.69	1630.05	1856.06
1749740	3187.62	4166.94	2330.06	5141.48	3779.91	3046.2
3015666	5467.1	7342.83	3914.66	9244.93	6801.6	5496.52
516667	1223.68	1605.19	1247.81	1640.13	896.25	1947.64
469966	1162.95	1508.72	1261.15	1470.01	700.53	1990.83
450360	1067.26	1384.41	1191.51	1312.98	626.79	1916.37
462490	906.06	1183.91	730.07	1410.56	978.6	977.25
1307488	2322.81	3119.01	1654.1	3942.26	2820.02	2370.1
1010954	2388.94	3079.76	2187.98	3415.43	2294.61	3106.7
1467654	3063.76	4057.32	2714.25	4565.56	3041.86	3741.92
1092870	2549.44	3295.78	2328.35	3650.09	2476.8	3323.13
1129953	2596.69	3376.58	2252.79	3867.2	2592.36	3201.79
1690583	3280.09	4289.35	2682.14	5110.94	3568.72	3634.67
607589	1492.62	1967.82	1555	2011.96	1085.59	2405.74
473373	1149.79	1510.39	1252.51	1464.3	742.02	1958.97
400374	971.62	1277.52	1088.82	1219.59	600.47	1725.67
477055	1087.13	1465.14	1092.26	1512.18	742.56	1796.81
1216509	2169.42	2894.72	1577.03	3605.95	2816.98	1966.29
785020	1459	1904.93	1100.6	2342.76	1803.62	1367.73
995057	1965.81	2526.73	1621.12	3020.41	2288.32	1967.51
865115	1826.87	2369.99	1530.73	2782.75	2082.92	1875.44
1087476	2030.16	2587.24	1532.14	3211.28	2448.22	1853.37
1603929	3068.63	4042.82	2370.47	4893	3529.59	3016.45
1291084	2355.59	3086.1	1702.26	3916.54	2903.22	2211.06
382914	875.4	1140.53	990.05	1066.14	502.54	1586.13
1005342	2051.66	2757.28	1805.9	3112.26	1848.69	2894.4
484696	1195.89	1553.98	1265.68	1552.24	833.82	1952.14
388777	927.15	1191.73	1040.02	1130.77	530.74	1671.24
1038541	2236.55	2927.54	1966.11	3315.39	2266.64	2725.91
867458	1778	2295.36	1528.96	2642.81	1733.79	2124.3
667863	1468	1931.35	1323.2	2160.67	1357.89	1982.19
80546	208.88	262.05	205.66	275.04	171.43	290.99
686798	1665.66	2153.73	1531.31	2369.03	1547.45	2240.86
578741	1388.09	1827.19	1353.28	1925.98	1174.14	2051.25
476659	1151.51	1501.44	1074.96	1629.08	1028.09	1566.59
521503	1355.31	1746.38	1331.43	1836.02	1057.65	2067.41
4007390	5328.87	7419.84	2633.31	10408.53	9088.78	3089.27
439446	1040.61	1354.25	910.71	1537.29	1010.22	1351.86
1156167	2536.48	3320.42	2200.54	3764.87	2545.09	3190.02
2644535	4799.55	6538.75	3097.51	8496.49	6006.87	4482.69
703324	1532.38	1996.63	1324.86	2306.03	1597.86	1817.47
510234	1195.27	1558.7	1076.08	1744.01	1192.84	1518.25
1758264	3245.44	4187.13	2439.29	5158.13	3885.19	3097.06
2403471	4545.72	6081.91	3297.76	7643.46	5417.06	4638.75
1715116	4154.67	5410.69	3766.99	5991.13	3962.24	5586.73
1330813	3023.56	3975.57	2768.4	4430.09	2964.3	3926.9
1556099	3826.25	4933.17	3550.46	5376.32	3422.3	5231.07
895035	2162.67	2811.67	2316.28	2783.5	1487.43	3558.79
541839	1267.83	1614.06	1443.02	1487.17	709.09	2235.65
4569005	5802.21	8307.77	2753.86	11834.55	10369.28	3183.45
726928	1717.28	2252.42	1545.13	2528.41	1637.3	2249.47
576793	1344.23	1732.83	1239.7	1900.5	1300.47	1716.04
500321	1150.09	1482.04	1033.89	1651.69	1150.23	1449.68
455602	1090.8	1404.03	990.4	1562.05	1080.38	1358.57
455231	1032.58	1314.78	918.35	1476.03	1037.7	1249.81
828121	1722.9	2180.67	1409.09	2606.74	1848.66	1845.34
785614	1775.49	2282.98	1565.6	2576.47	1803.34	2153.87
2000247	3840.92	5028.78	2946.6	6115.46	4336.05	4009.07
1606231	2911.54	3887.06	2262.93	4748.64	3383.71	3001.66
143047	329.22	425.57	371.73	395.79	187.81	599.38
383914	944.6	1222.07	1055.82	1159.22	575.88	1662.52
440370	1085.78	1414.9	1073.63	1494.95	782.04	1699.74
953810	2186.77	2830.01	1981.82	3113.95	2160.43	2770.89
372644	906.1	1160.55	846.5	1280.48	857.2	1186.55
823316	1701.14	2218.27	1514.71	2494.53	1630.94	2217.68
657294	1591.38	2088.44	1586.11	2167.47	1254.98	2415.12
564742	1344.63	1762.52	1258	1925.14	1228.54	1839.91
1711104	2926.6	3954.93	2110.04	4933.67	3518.14	3076.23
67096	147.9	186.79	172.24	170.97	81.14	263.63
1107934	2088.29	2767.36	1593.16	3405.65	2463.26	2008.88
1770662	3321.8	4490.55	2479.5	5532.55	4015.88	3369.04
737827	1766.1	2299.84	1632.16	2524.01	1574.07	2400.61
2356497	4344.87	5948.39	2811.59	7649.53	5281.66	4073.62
838836	1541.19	2049.91	1122.41	2550.81	1785.88	1593.59
986629	2425.53	3156.32	2218.79	3469.82	2297.44	3200.28
2114958	4801.33	6318.84	4318.15	7101.08	4487.93	6587.73
850432	1543.33	2053.15	1155.25	2497.55	1842.8	1521.92
1962213	3655.33	5007.56	2358.9	6571.34	4600.52	3380.51
636661	1336.37	1740.05	1117.82	2046.7	1400.93	1546.4
678442	1232.12	1645.98	953.81	1997.43	1399.88	1306.96
1039608	2333.73	2970.32	2052.51	3365.58	2188.05	3083
1620875	2765.01	3703.08	1933.96	4632.12	3361.04	2756.38
723342	1704.95	2173.84	1484.03	2467.16	1692.57	2115.91
940410	2072.83	2750.4	1846.95	3100.28	2007.01	2802.34
682783	1694.05	2183.06	1606.55	2364.83	1418.39	2484.98
1273140	2389.23	3126.32	1806.87	3825.91	2782.55	2452.05
1190429	2768.7	3560.47	2502.07	3963.13	2647.64	3626.62
1303324	2443.59	3191.46	1886.22	3920.1	2865.86	2361.45
1356816	2866.75	3672.37	2412.7	4261.27	3115.33	3173.02
1134252	2588.78	3289	2308.05	3680.41	2658.47	3052.99
1024109	2406.8	3133.42	2219.71	3476.11	2346.94	3017.63
548170	1307.76	1681.22	1207.42	1865.17	1263.49	1660.1
967329	1810.91	2378.33	1505.1	2767.15	1880.45	2071.08
265573	580.71	768.53	499.89	884.8	608.69	702.84
362950	865.24	1118.05	788.48	1229.16	795.64	1158.77
398876	853.27	1095.5	714.41	1281.86	887.29	968.88
965258	1808.67	2427.7	1312.79	3057.37	2180.62	1816.5
450609	997.86	1270.63	864.99	1459.96	994.87	1259.69
717979	1410.72	1844.13	1129.87	2175.22	1523.19	1503.03
980756	2092.78	2777.96	1788.67	3182.25	2120.76	2582.27
700662	1713.52	2242.31	1621.68	2420.67	1564.16	2340.75
2268802	3810.35	5136.02	2635.63	6549.84	4709.94	3702.75
358678	626.99	833	406.25	1091.71	785.11	571.86
628961	1477.01	1903.47	1328.05	2149.74	1467.49	1843.21
1407741	2567.2	3396.4	1890.05	4232.54	3018.52	2474.26
1571762	2938.62	3856.79	2241.55	4658.14	3517.73	2765.67
1843763	3294.48	4400.65	2273.37	5527.77	4210.56	3118.71
716323	1680.74	2172.59	1546.14	2416.39	1603.2	2169.84
876675	2162.54	2787.73	2101.8	2932.21	1877.5	3015.78
1195461	1950.74	2593.2	1397.24	3253.51	2304.15	1940.99
816751	1923.26	2481.1	1733.33	2774.73	1843.66	2443.58
239275	442.99	581.38	326.83	724.45	509.78	454.03
1157222	2298.65	3004.21	1909.06	3531.71	2351.11	2733.83
2653357	6071.77	7981.59	5468.17	8885.96	5918.54	7868.08
900087	1853.49	2446.07	1681.78	2712.28	1678.36	2439.14
730589	1792.65	2311.58	1630.73	2545.25	1691.7	2359.95
1198211	2222.5	2898	1666.43	3533.83	2638.2	2085.02
1378453	2768.39	3659.54	2252.97	4293.11	3142.79	2985.68
1229587	2447.41	3120.38	1895.17	3788.77	2732.24	2381.21
1166248	2834.63	3641.76	2578.69	4095.09	2707.13	3575.9
1197484	2782.02	3557.15	2549.1	3913.01	2770.99	3512.83
1303536	2999.12	3836.66	2710.75	4349.2	2982.69	3668.53
1555501	2566.18	3393.14	2002.91	4119.01	3207.33	2437.77
780210	1798.02	2412.63	1852.92	2477.44	1319.59	2941.74
1391514	3462.18	4504.1	3423.51	4696.09	2641.84	5239.56
868637	2071.29	2632.25	1902.95	2931.35	2086.21	2601.44
1685921	3120.45	4071.16	2321.79	5032.13	3696.14	3023.35
833452	1983.96	2561.49	1838.91	2809.77	1936.89	2531.43
925452	2286.06	2943.48	2118.51	3216.33	2119.63	2980.41
837170	1963.83	2511.76	1755.4	2811.66	1882.44	2486.8
952397	1857	2481.76	1631.25	2779.1	1771.54	2469.87
4447289	8173.99	10864.5	5025.61	14426.23	10648.01	6787.4
1405440	2690	3612.45	1999.83	4427.27	3187.28	2673.83
1055413	2117.37	2713.78	1707.88	3257.61	2410.74	2136.33
1266184	2524.52	3299.81	2026.31	3907.23	2933.6	2536.37
959740	1875.69	2472.93	1463.81	3003.16	2116.26	2017.46
1433089	2752.87	3662.72	2185.6	4349.76	2872.54	3193.8
318023	737.64	944.82	817.16	895.61	432.58	1286.14
363363	787.8	994.97	910.07	911.43	432.69	1419.75
138638	355.32	450.21	359.19	458.37	258.18	531.47
191845	486.91	628.76	509.11	628.96	353.4	753.27
237760	545.81	682.21	619.05	639.66	299	970.77
193845	433.75	556.32	503.57	508.71	228.13	797.2
721219	1198.95	1617.93	865.95	2034.8	1533.62	1162.9
739275	1364.63	1831.57	1103.86	2174.05	1511.06	1519.29
392097	884.48	1176.9	785.37	1317.06	837.87	1123.76
218204	503.04	672.05	464.93	742.83	459.93	670.85
102454	312.87	407.67	317.46	417.57	228.73	469.89
121451	290.84	369.04	327.59	344.9	178.83	497.95
102929	308.67	392.75	355.05	361.44	170.22	554.95
88115	205.35	264.44	234.23	242.84	118.46	362.67
272804	647.49	840.76	744.8	770.95	366.05	1159.19
166460	397.16	508.9	447.4	480.4	236.71	701.87
53728	158.17	204.28	180.51	190.4	82.53	291.9
256625	621.44	794.22	699.2	750.34	360.99	1088.81
220962	471.32	607.61	551.82	546.24	242.94	870.04
152648	308.25	390.98	362.49	352.08	148.03	577.61
1771446	3071.54	4243.55	2208.42	5324.82	3634.49	3308.27
633505	1465.62	1962.9	1614.51	1914.36	901.62	2604.47
341732	754.83	983.75	860.92	924.44	427.7	1366.89
1059610	1964.76	2685.96	1505.85	3259.61	2253.17	2172.46
1254647	2120.41	2845.79	1493.64	3599.32	2608.36	1974.52
690934	1388.94	1920.71	1074.76	2280.46	1460.48	1656.83
131683	302.47	399.17	283.76	436.4	270.58	407.73
255616	571.69	725.83	653.84	666.41	313.68	1035.46
78140	232.72	294.78	255.31	283.59	133.25	399.15
148098	319.87	398.34	367.94	364.54	165.67	579.67
54969	129.93	163.56	154.03	144.68	53.98	253
267157	624.3	822.66	650.38	831.22	436.36	1018.61
1401110	2750.71	3643.15	1934.23	4571.57	3643.85	2303.98
700867	1083.27	1441.21	590.7	1998.23	1980.08	400.61
917153	1439.79	1935.05	849.95	2627.53	2368.56	956.15
822919	1267.07	1612.35	713.49	2232.2	2241.22	465.53
326509	587.09	773.67	364.61	1004.68	928.74	311.91
477611	799.99	1045.75	484.74	1405.63	1312.86	420.13
3507280	5821.4	8101.2	2830.28	11455.85	10104.99	3938.58
4032000	5880.88	7842.92	3077.56	11063.82	10448.64	2685.54
3280409	5451.97	7341.38	2656.33	10427.47	9634.83	2784.52
2156324	3666.13	5071.65	1931.8	6951.76	6081.2	2616.29
1251586	1933.24	2525.49	1092.28	3449.08	3246.39	949.82
1485608	2220.61	2952.27	1173.1	4081.58	3963.35	921.44
571119	911.25	1260.25	558.84	1647.23	1419.25	699.08
3483287	5221.86	7037.37	2825.61	9733.9	9206.81	2505.02
1248707	1866.92	2533.35	1036.04	3472.56	3209.88	990.67
1026028	1579.49	2064.39	857.91	2860.49	2705.95	749.59
4713369	7870.68	11367.5	4123.91	15806.8	13591.22	5793.17
2537169	4363.52	6174.48	2294.74	8551.5	7439.62	3036.11
2583241	3770.06	5115.46	1834.06	7257.38	6933.1	1563.9
1942	3.53	4.48	4.32	3.89	1.4	7.27
1009269	1522.29	2032.16	810.88	2829.77	2641.78	707.99
1214393	2539.64	3280.94	2166.96	3799.25	2838.42	2712.34
4418033	7587.32	10203.76	4888.76	13186.14	11774.21	4669.55
2476905	3755.1	5062.33	2122.93	6982.65	6645.45	1741.57
3173315	5428.82	7431.14	2895.81	10240.02	9140.4	3822.31
3274354	6609.86	8684.6	4963.46	10660.58	8400.91	5746.58
3212356	4907.48	6642.39	2340.25	9435.88	8993.16	2084.83
8377339	13963.24	19195.1	6927.37	27274.02	24198.9	8723.32
386988	640.44	854.28	326.53	1212.02	1068.44	246.25
2807120	5573.8	7384.71	4206.04	9089.51	7256.22	4822.45
1092689	2127.14	2823.92	1585.1	3489.1	2831.5	1729.43
1665673	2746.9	3636.36	1664.23	4834.61	4611.73	1346.19
1690486	2540.3	3349.84	1429.97	4597.72	4461.22	1067.33
3215022	5240.71	7304	2534.48	10272.22	8881.34	3332.34
2494036	4255.04	5630.09	2811.68	7385.94	6559.32	2713.88
971552	1556.87	2052.36	943.17	2728.91	2417.62	1081.03
1172204	1759.59	2387.68	948.2	3301.65	3178.83	748.99
1096932	1730.21	2309.2	998.51	3113.5	2946.03	857.95
840688	1497.78	1996.44	1015.64	2552.89	2237.03	1083.68
1714403	2629.17	3557.24	1538.88	4783.44	4444.34	1327.36
1446591	2375.89	3140.19	1521.55	4111.89	3652.8	1659.3
1738840	3104.5	4104.92	2006	5376.4	4634.17	1900.58
906618	1407.76	1909.24	780.17	2616.07	2341.18	925.68
212705	474.94	606.98	479.41	619.54	399.81	674.78
166548	338.74	441.58	276.06	524.35	388.48	353.21
735622	1177.8	1577.3	697.31	2140.53	1916.54	663.29
2264894	3706.09	5118.85	1642.49	7340.62	6429.29	2200.73
2067397	3464.26	4845.41	1784.89	6716.86	5832.76	2500.23
1192492	1777.2	2383.22	956.67	3279.79	3128.27	791.37
981178	1737.54	2360.55	992.82	3175.9	2826.43	1299.44
2701547	4588.82	6377.49	2492.37	8721.7	7801.6	3036.71
961855	1665.61	2318.86	814.48	3252.09	2879.68	1052.36
2784774	4423.09	5929.15	2577.57	8048.54	7320.66	2492
357243	891.11	1139.35	831.39	1252.35	828.14	1207.89
158969	381.23	497.48	354.05	542.91	370.65	510.61
653993	1612.78	2032.56	1483.02	2265.79	1467.22	2155.91
267607	658.35	860.58	726.04	829.47	415.14	1132.43
1079890	2661.44	3451.15	2504.13	3775.26	2369.39	3689.1
1228617	3105	3992.27	3064.74	4158.35	2457.66	4627.5
729561	1761.95	2301.66	1622.4	2515.65	1593.68	2522.22
1225554	3040.69	3931.97	2837.82	4311.55	2612.61	4316.8
1439022	2654.37	3708.47	1694.28	4914.14	3786.66	2504.7
1638806	3802.67	5015.48	3614.96	5417.04	3383.89	5429.45
568153	1430.1	1862.32	1529.96	1820.06	983.5	2336.27
329739	792.71	1027.55	907.5	953.44	480.7	1382.47
1388477	3095.59	4039.81	2666.71	4624.91	3090.5	3860.18
1052028	2653.35	3413.64	2709.62	3519.91	2137.25	3937.63
1827441	3906	5185.56	3389.29	5897.96	3890.37	5006.57
1150949	2967.55	3873	2949.57	3999.4	2343.26	4346.64
1115487	2499.57	3298.75	2162.6	3738.85	2439.32	3210.22
3292278	7133.71	9357.26	6170.97	10695.41	7308.32	8917.28
1009282	2158.84	2808.8	1775.92	3320.56	2222	2612.64
1352595	3356.09	4363.85	3120.93	4761.07	3070.64	4574.01
2194661	5237.5	6885.1	5178.32	7352.01	4561.48	7607.57
112197	258.4	331.51	295.49	305.08	146.58	464.15
1247305	3087.54	4072.42	2997.29	4310.84	2597.46	4578
904731	2270.74	2944.22	2248.25	3051.23	1833.55	3445.04
647848	1553.32	2000.29	1399.63	2217.73	1446.45	2095.93
2027331	4689.4	6060.18	4280.14	6783.16	4383.46	6441.16
599462	1456.58	1903.41	1330.3	2118.32	1314.84	2025.99
1084651	2495.28	3294.11	2178.15	3728.9	2457.93	3246.43
742855	1843.68	2374.6	1876.29	2454.93	1372.7	2830.19
2173995	4797.88	6357.45	4161.23	7256.37	4894.46	6178.55
1489414	3682.71	4820.9	3411.6	5316.27	3335.29	5183.95
3537088	8067.09	10630.21	7458.62	11688.12	7619.4	10780.68
5271589	12706.17	16706.02	11749.79	18087.55	11061.49	17894.48
2937365	6704.29	8893.59	5982.57	10051.31	6237.67	9080.85
2161088	5932.62	7660.1	5899.94	8092.39	4821.08	8705.77
1375440	3158.62	4157.12	2842.76	4706.04	2988.94	4084.29
1878107	5184.04	6640.9	5144.34	7020.31	3979.67	8037.15
3574637	8213.66	10810.68	7493.53	12218.67	7565.57	11164.63
2050959	4567.48	6161.51	4111.87	6898.13	4272.44	6195.84
2044273	5346.17	6982.6	5094.48	7549.3	4605.03	7272.66
1264316	3140.08	4142.92	2987.39	4518.05	2658.77	4552.72
949828	2174.65	2823.81	1966.1	3152.43	2043.16	2941.91
1505096	3444.16	4544.1	3132.95	5008.23	3279.51	4510.23
657312	1710.23	2204.71	1639.37	2365.73	1483.69	2366.14
1201378	2754.5	3666.5	2468.39	4064.77	2655.09	3549.86
2001995	4669.43	6099.21	4123.93	6830.96	4392.08	6236.54
1821726	4228.19	5663.31	3753.94	6335.37	3915.06	5805.32
1623009	3465.19	4685.96	2908.44	5451.19	3388.91	4598.21
3319079	7520.08	10059.06	6190.93	11773.54	7493.64	9531.98
2575368	5829.82	7815.99	5021.34	8939.32	5380.83	7968.76
2201431	5033.33	6696.24	4439.92	7602.7	4866.26	6722.99
1326255	2996.67	3978.45	2658.31	4442.69	2821.98	3944.01
2723642	6354.26	8188.65	5944.44	8936.25	5620.41	8760.25
4644454	11859.43	15840.42	11551.03	16655.2	9632.69	18126.11
1250672	2591.57	3522.7	2173.96	4120.01	2655.7	3270.03
1659043	3737.61	5020.88	3398.76	5616.23	3496.35	5023.05
712472	1648.07	2170.14	1498.31	2423.27	1568.48	2218.6
3493375	9308.58	12843.45	7942.16	14871.42	8548.74	13473.29
2310716	5502.41	7340.64	4791.09	8276.49	5128.47	7327.94
3830676	8892.46	11737.18	7929.42	13172.94	7898.25	12378.78
3994593	9275.56	12042.53	8505.58	13506.15	8721.62	12017.76
3580118	9095.85	12079.67	8769.93	13042.17	7768.33	13198.98
3107417	7977.74	10375.22	7631.91	11127.14	6644.06	11447.94
2349807	5363.67	7078.3	4724.21	8054.03	5029.49	7160.56
1236366	2679.73	3665.73	2231.09	4246.89	2588.52	3708.08
2271053	5077.17	7002.46	4168.4	8189.18	5182.32	6574.37
2053662	4723.96	6315.33	3822.07	7431.08	4534.09	6254.94
4649995	10397.93	14163.21	8780.81	16305.14	10253.53	13696.95
740358	1638.84	2158.11	1478.35	2410.24	1571.53	2138.76
1002366	2260.76	3034.35	1982.39	3436.41	2157.29	3152.62
2035884	4750.32	6356.98	4200.7	7116.75	4302.22	6580.91
1793795	4087.08	5596.49	3431.44	6509	4099.64	5347.02
3871894	8834.74	11852.42	7878.66	13355.2	8316.59	12374.98
1049472	2703.26	3560.64	2645.08	3792.13	2292.31	3865.38
1683452	3749.58	4944.4	3375.81	5588.71	3560.61	4968.6
4319754	9603.27	13346.73	7680.24	15758.65	9407.16	12742.06
2799331	7421.86	9481.34	7158.91	10224.28	5995.83	10765.33
3688083	8261.23	11176.93	6624.94	13251.87	8145.47	10981.1
2551210	5843.17	7791.46	5178.63	8699.76	5355.88	8101.96
841043	1990.26	2726.2	1768.23	3056.76	1779.88	2851.71
3258640	7567.65	9991.83	6709.99	11307.2	7066.15	10101.46
2070196	4669.2	6277.09	4365.08	6898.37	4162.24	6574.91
2016034	4620.01	6167.45	4103.61	6973.03	4327.56	6354.38
2405760	5594.47	7606.29	4814.8	8789.45	5293.44	7550.89
941243	1810.31	2565.3	779.45	3743.21	2854.49	937.9
526487	1242.9	1605.4	1186.53	1745.51	1089.27	1691.79
254207	580.7	765.62	557.81	819.99	498.11	822.62
256990	609.21	787.49	576.34	835.59	551.89	803.75
249290	601.62	776	654.78	755.64	396.72	1009.26
260191	626.39	806.64	625.12	838.93	482.99	933.26
2242287	5753.61	7788.49	5141.9	8646.08	5183.25	8102.71
501439	1528.07	1945.63	1701.77	1850.55	917.53	2639.09
370274	748.7	987.31	582.42	1196.18	832.6	806.76
781082	1827.17	2376.01	1785.9	2528.19	1508.96	2632.36
800506	1845.21	2354.46	1664.48	2634.09	1854.16	2205.4
260192	626.71	795.16	742.9	709.95	288.57	1195.77
497787	1241.72	1602.71	1430.81	1466.61	651.47	2266.91
204877	463.55	585.17	507.08	554.47	275.49	810
665442	1576.82	2066.05	1686.38	2033.86	1149.19	2533.04
329203	791.95	1009.03	773.56	1066.66	680.83	1089.63
651628	1661	2106.78	1902.03	1928.46	816.22	3137.08
727819	1732.4	2216.38	1878.86	2150.68	1156.54	2818.73
679658	1506.87	2013.77	1402.88	2224.27	1302.87	2192.57
277858	673.97	883.94	730.69	862.14	478.14	1105.24
101285	218.38	278.42	267.87	241.26	86.1	438.84
389521	878.11	1152.32	965.36	1103.73	524.49	1547.79
620264	1415.34	1831.08	1541.33	1742.43	856.74	2429.79
525452	1279.22	1636.88	1369.6	1602.6	887.29	2068.32
804956	1946.41	2511.05	1840.91	2711.79	1739.03	2611.04
721232	1762.94	2234.77	1805.71	2289.34	1288.42	2750.23
127630	395.25	513.41	428.09	495.24	226.3	712.37
191902	448.35	573.99	547.09	497.48	194.72	873.46
385130	840.61	1074.68	952.35	1014.3	473.68	1498.35
94324	224.97	287.27	242.63	282.97	153.86	359.73
503387	1130.52	1520.99	1047.26	1652.03	994.17	1592.09
456734	1110.76	1414.73	1069.28	1516.35	968.77	1487.24
2793642	6634.4	9016.16	5510	10451.31	6665.44	8095.58
215670	513.09	667.02	532.12	670.68	387.14	777.21
200066	541.66	698.43	589.75	671.01	334.93	917.32
247688	557.52	727.11	628.85	682.33	332.16	980.98
219020	502.47	646.22	565	603.58	307.15	864.49
1081403	2491.47	3264.03	2688.36	3169.71	1655.65	4190.38
262055	676.77	870.94	809.6	772.51	312.58	1329.65
146304	362.65	451.19	427.07	405.42	165.13	679.4
744036	1802.02	2284.54	1934.76	2254.66	1189.88	2990.78
554333	1293.55	1698.2	1323.05	1729.08	921.01	2070.65
140070	330.34	425.95	364.09	410.76	220.1	550.16
273723	650.56	817.07	705.73	794.44	405.95	1099.48
172995	459.12	585.79	544.76	519.66	223.59	862.91
389650	891.21	1144.29	999.81	1077.45	534.06	1556.81
117540	269.93	347.89	329.22	301.29	118.37	536.85
208646	498.69	635.36	558.68	598.7	299.65	864.29
127279	315.22	401.09	370.46	357.45	162.43	579.9
215433	579.67	742.24	680.63	665.52	287.89	1088.48
479362	1326.58	1684.33	1506.49	1546.27	695.95	2406.41
937308	2252	2929.11	2429.7	2893.76	1489.65	3684.03
4582	9.48	12.05	12.01	10.18	3.32	20.1
28078	74.07	95.43	86.72	86.57	35.61	141.3
900760	2174.18	2795.97	2302.43	2758.41	1498.21	3494.54
284917	870.75	1141.76	1051.86	1018.95	416.22	1695.71
1366734	2628.54	3504.59	2162.05	4070.07	2639.62	3245.36
257957	619.39	802.62	639.94	814	482.95	937.11
1380	1.8	2.33	2.3	1.94	0.65	3.85
383023	913.39	1152	990.57	1107.4	565.88	1549.05
226034	545.52	701.47	578.39	692.46	390.38	865.68
317771	917.33	1171.83	1032.52	1091.14	493.85	1621.15
908421	2130.39	2772.32	2144.74	2874.84	1712.22	3167.17
575297	1004.42	1344.12	645.11	1768.33	1338.24	855.7
139010	200.32	281.25	76.36	412.42	399.3	62.72
74986	157.34	214.77	76.68	301.51	228.83	93.43
