POP	PLE1	PLE2	PLE3	PLE4	PLE5	PLE6
642143	112.32 	117.31 	135.35 	95.30 	71.24 	159.56 
659686	728.07 	826.02 	685.22 	872.93 	242.31 	1338.11 
499628	608.32 	693.43 	547.06 	760.11 	182.07 	1134.79 
548955	663.94 	761.23 	601.04 	825.81 	193.44 	1244.87 
494620	698.43 	800.32 	599.45 	904.21 	185.24 	1343.50 
824945	716.56 	810.87 	692.45 	839.66 	251.03 	1299.06 
505923	453.98 	500.40 	457.97 	500.22 	186.66 	777.58 
309061	560.12 	646.85 	424.07 	793.36 	128.81 	1091.26 
809821	591.89 	641.42 	629.38 	608.89 	284.35 	964.94 
650798	391.41 	421.30 	421.88 	393.48 	196.15 	623.85 
1666669	430.02 	460.17 	504.77 	385.98 	254.87 	639.02 
149813	288.80 	337.06 	198.88 	429.18 	53.94 	585.90 
427026	687.75 	790.61 	568.95 	915.29 	159.29 	1358.77 
125817	247.79 	286.03 	171.58 	362.64 	52.17 	490.48 
422251	138.46 	156.31 	145.62 	150.07 	52.94 	243.72 
226512	412.83 	479.88 	309.89 	587.33 	93.78 	811.87 
76571	119.71 	138.58 	97.65 	161.14 	29.69 	233.66 
1314277	1763.65 	2011.87 	1556.26 	2244.75 	525.79 	3319.20 
294311	398.38 	466.90 	337.16 	531.52 	96.21 	785.51 
480547	859.10 	1008.74 	649.09 	1224.71 	175.75 	1723.41 
2156205	1834.08 	2082.33 	1784.66 	2153.88 	622.32 	3351.20 
941173	1455.45 	1677.08 	1212.57 	1922.04 	386.89 	2800.54 
707005	722.55 	818.21 	694.25 	853.48 	247.14 	1330.02 
750550	488.93 	539.44 	508.52 	526.27 	210.70 	842.05 
1038380	87.23 	85.38 	115.24 	58.01 	72.55 	98.33 
753843	410.51 	425.09 	469.70 	367.51 	254.51 	579.66 
923114	965.13 	1075.99 	935.72 	1114.25 	360.38 	1711.71 
757573	863.94 	980.43 	801.39 	1044.16 	305.68 	1562.83 
1125051	684.64 	722.54 	755.46 	654.55 	386.95 	1030.44 
2088043	1442.68 	1625.90 	1466.99 	1618.58 	535.29 	2569.53 
725019	416.47 	473.37 	417.03 	477.77 	139.66 	757.72 
366892	380.77 	428.32 	358.82 	454.15 	121.20 	714.23 
392967	534.54 	617.18 	463.26 	694.71 	136.92 	1033.24 
2167206	585.74 	652.64 	646.53 	596.25 	252.33 	997.49 
456183	721.50 	838.58 	570.64 	991.47 	169.83 	1415.33 
280155	477.09 	557.63 	373.02 	666.65 	104.44 	940.81 
112702	198.46 	232.00 	150.46 	281.61 	44.95 	391.54 
145900	254.58 	294.09 	206.30 	341.50 	60.93 	493.95 
299833	468.85 	541.46 	370.96 	646.34 	119.13 	907.26 
511800	445.72 	519.77 	408.38 	560.54 	106.41 	882.83 
921141	1145.24 	1323.74 	1022.13 	1456.35 	288.88 	2206.44 
853104	163.96 	171.81 	199.12 	136.41 	104.77 	232.67 
544115	708.46 	809.22 	623.02 	897.14 	206.40 	1345.30 
1000302	1072.84 	1220.78 	1000.83 	1306.49 	340.36 	2001.06 
584864	735.40 	843.69 	654.86 	932.65 	211.38 	1396.93 
1656085	989.90 	1085.62 	1031.21 	1050.85 	431.64 	1681.60 
1135095	856.34 	929.91 	901.54 	890.29 	404.09 	1406.65 
1096813	782.08 	842.73 	837.61 	797.40 	385.36 	1260.90 
1010008	988.36 	1101.88 	954.29 	1143.28 	375.54 	1763.13 
724030	723.64 	833.92 	667.01 	891.90 	213.09 	1380.50 
355639	414.18 	474.14 	375.26 	516.84 	127.82 	777.16 
539210	762.56 	887.44 	646.93 	1006.89 	208.76 	1471.66 
908418	980.04 	1117.26 	899.28 	1209.14 	329.37 	1820.54 
1098681	888.60 	972.37 	928.67 	941.40 	399.77 	1499.71 
449320	776.77 	901.93 	616.63 	1063.43 	184.15 	1504.63 
770964	808.86 	926.65 	718.85 	1021.54 	239.43 	1519.24 
235672	304.85 	348.65 	267.14 	387.96 	91.61 	572.72 
87917	188.84 	218.69 	130.12 	276.92 	37.72 	370.64 
516804	451.40 	527.44 	407.41 	574.80 	102.70 	887.55 
738599	1326.31 	1548.96 	992.34 	1891.39 	287.88 	2619.32 
608658	823.94 	941.81 	708.73 	1066.90 	238.68 	1577.29 
503925	821.47 	962.57 	634.79 	1152.15 	189.99 	1628.03 
405837	656.96 	756.09 	521.61 	897.21 	154.11 	1289.10 
363731	576.25 	673.71 	455.82 	799.94 	118.02 	1155.46 
571764	810.12 	939.26 	673.46 	1088.49 	181.09 	1611.59 
1152012	616.13 	636.61 	714.64 	545.61 	389.30 	868.85 
1967626	647.66 	670.24 	763.50 	562.73 	408.01 	917.16 
528543	211.81 	212.24 	259.22 	167.15 	150.81 	274.79 
1450730	510.66 	482.76 	664.17 	328.12 	460.37 	528.11 
1265959	636.05 	652.99 	742.25 	553.11 	406.11 	883.43 
1101882	662.69 	706.92 	737.16 	635.78 	368.54 	1008.56 
875778	1122.89 	1287.55 	978.44 	1435.52 	319.05 	2127.94 
960704	1169.67 	1360.52 	1013.02 	1529.59 	291.03 	2293.38 
1277239	1192.05 	1388.60 	1078.52 	1513.62 	288.49 	2321.40 
4111758	206.67 	178.97 	311.63 	77.86 	247.75 	131.85 
872513	83.47 	78.57 	113.94 	48.71 	77.66 	81.03 
1249311	1206.94 	1341.61 	1206.54 	1351.61 	470.62 	2106.23 
378243	179.50 	188.04 	202.98 	164.43 	108.97 	261.68 
266188	339.53 	395.94 	284.83 	454.12 	85.79 	663.84 
512663	169.88 	164.86 	215.35 	119.97 	140.41 	191.76 
462586	241.85 	258.86 	273.35 	230.34 	137.58 	368.13 
618346	300.14 	317.02 	342.53 	277.04 	175.95 	445.33 
600919	373.60 	400.56 	405.18 	368.61 	199.30 	578.53 
266293	114.21 	118.47 	134.92 	99.00 	73.92 	158.89 
534926	435.68 	494.66 	427.31 	505.36 	167.65 	777.59 
285158	273.92 	305.67 	269.15 	311.61 	108.41 	479.86 
281057	178.81 	195.74 	190.99 	185.52 	85.28 	294.21 
652810	194.66 	195.14 	238.51 	151.22 	144.20 	245.21 
448262	230.75 	246.07 	254.85 	222.73 	127.10 	354.75 
362715	170.80 	176.95 	196.37 	152.53 	107.72 	242.59 
572968	279.08 	292.99 	315.04 	259.23 	161.91 	418.19 
547067	707.82 	806.03 	629.87 	892.91 	225.21 	1315.40 
611907	246.71 	254.68 	289.11 	212.66 	161.60 	340.87 
892215	50.13 	40.83 	79.44 	11.99 	67.15 	20.51 
253956	117.09 	119.35 	138.10 	98.32 	79.65 	156.74 
1165642	392.90 	388.23 	498.61 	284.62 	312.86 	465.81 
526724	239.30 	239.52 	285.99 	194.80 	169.44 	313.34 
209254	397.75 	462.04 	293.16 	571.00 	90.44 	772.26 
349779	143.23 	143.53 	175.86 	111.75 	108.68 	178.69 
353073	389.82 	440.39 	360.82 	472.00 	135.24 	715.36 
224699	90.75 	88.95 	112.81 	66.53 	73.19 	106.41 
780602	451.11 	482.67 	495.82 	440.78 	240.88 	697.20 
301995	143.74 	146.88 	170.06 	122.34 	96.94 	194.16 
397686	134.88 	134.62 	166.77 	103.16 	102.26 	167.79 
334757	137.14 	135.21 	171.56 	101.58 	107.13 	163.35 
508939	358.62 	400.77 	362.37 	397.65 	146.28 	620.41 
565678	369.60 	389.86 	416.76 	343.79 	221.63 	545.73 
704644	28.77 	22.71 	45.15 	6.73 	38.60 	11.47 
486177	676.25 	781.19 	573.69 	885.72 	174.97 	1318.60 
175383	174.08 	195.78 	168.00 	202.16 	68.25 	309.09 
289964	187.27 	199.43 	209.24 	178.91 	109.11 	281.24 
385880	215.18 	223.66 	247.54 	192.42 	134.83 	308.50 
180613	332.79 	386.32 	257.09 	463.06 	84.64 	643.74 
347700	194.15 	199.43 	225.20 	171.34 	126.22 	268.81 
512397	289.21 	310.16 	319.47 	282.52 	158.16 	447.73 
472975	281.79 	292.17 	326.50 	249.42 	182.83 	393.51 
333936	121.54 	119.58 	153.96 	88.15 	99.62 	140.74 
270245	312.41 	353.47 	287.27 	378.54 	105.31 	568.02 
240104	526.71 	610.63 	349.67 	792.65 	105.43 	1040.00 
261995	451.34 	522.90 	343.10 	640.29 	103.44 	886.09 
452932	739.50 	864.69 	586.38 	1025.70 	174.23 	1462.04 
321746	614.36 	719.01 	415.30 	923.22 	121.09 	1226.68 
984877	161.53 	175.81 	187.85 	149.65 	85.88 	248.81 
336956	493.06 	562.40 	411.77 	645.17 	140.51 	921.95 
106403	223.53 	259.27 	152.70 	330.59 	46.99 	441.62 
176169	396.88 	461.14 	240.33 	622.88 	75.42 	787.99 
212677	391.50 	457.27 	287.78 	565.32 	82.63 	786.25 
355486	394.69 	452.66 	365.89 	483.38 	125.78 	736.22 
205431	431.17 	500.43 	260.28 	673.71 	79.86 	851.39 
153140	316.41 	368.65 	207.96 	481.87 	64.02 	626.45 
218595	356.07 	410.07 	295.23 	475.18 	91.20 	682.71 
361160	538.41 	616.41 	451.43 	707.81 	148.12 	1023.71 
698733	643.07 	709.29 	640.01 	718.92 	269.98 	1104.97 
411132	409.33 	462.01 	395.35 	481.99 	148.62 	739.63 
1067536	322.14 	325.80 	395.04 	254.65 	234.85 	418.20 
339398	169.04 	172.31 	200.43 	141.35 	115.86 	227.08 
278661	260.80 	287.79 	259.07 	291.10 	114.91 	441.77 
592977	441.59 	472.64 	479.61 	440.03 	235.68 	690.44 
445729	283.20 	297.57 	319.44 	263.33 	167.24 	418.05 
567603	34.98 	31.34 	50.46 	16.10 	37.78 	27.38 
365864	234.83 	250.08 	253.82 	233.12 	126.30 	367.01 
204320	275.21 	312.42 	243.78 	345.53 	87.79 	504.60 
1049416	363.42 	357.82 	455.09 	267.97 	289.11 	431.45 
624100	749.34 	866.15 	650.83 	967.49 	204.42 	1444.32 
743963	391.07 	420.84 	416.85 	395.11 	198.54 	622.47 
204579	114.42 	121.84 	125.77 	111.76 	61.42 	178.55 
372683	381.23 	424.65 	373.59 	436.86 	154.57 	665.83 
680798	180.85 	203.47 	191.12 	193.06 	68.57 	319.38 
51558	22.87 	24.15 	26.18 	20.96 	13.78 	33.34 
622000	1039.07 	1216.68 	771.07 	1488.20 	227.42 	2073.45 
361024	781.68 	911.69 	502.68 	1189.11 	150.48 	1554.23 
253551	462.79 	541.75 	343.18 	666.17 	101.82 	921.85 
375871	757.83 	878.92 	504.44 	1134.20 	154.75 	1502.33 
321409	614.93 	708.71 	438.19 	893.61 	145.41 	1193.42 
452241	808.90 	944.09 	615.39 	1142.17 	183.52 	1593.31 
425007	938.72 	1083.52 	585.91 	1438.68 	182.35 	1881.49 
331201	601.86 	698.41 	445.49 	856.13 	138.16 	1180.53 
392656	179.72 	181.33 	213.64 	148.28 	123.67 	240.21 
249673	99.65 	101.54 	119.97 	81.84 	68.67 	134.70 
618241	238.23 	231.64 	304.21 	167.02 	198.22 	269.13 
234945	155.33 	166.01 	172.90 	149.71 	87.86 	237.27 
439249	213.68 	217.46 	254.94 	177.38 	148.70 	282.02 
416075	427.23 	490.29 	393.77 	528.02 	131.54 	801.49 
829665	304.44 	296.87 	386.20 	213.39 	251.02 	347.01 
850655	697.82 	785.59 	685.83 	802.42 	267.43 	1245.14 
991261	266.57 	256.63 	349.76 	174.88 	235.09 	287.36 
914773	288.70 	298.30 	343.73 	245.26 	191.54 	398.52 
780076	367.75 	376.27 	440.79 	304.34 	256.00 	492.21 
367409	172.75 	171.97 	214.84 	131.60 	133.43 	212.60 
520973	121.90 	122.59 	152.00 	93.60 	92.02 	152.45 
275073	110.24 	106.37 	143.60 	73.85 	96.75 	118.38 
318404	162.30 	166.07 	191.66 	138.16 	109.88 	220.10 
1378399	55.96 	39.39 	95.83 	0.00 	91.20 	0.00 
740597	148.46 	144.68 	190.84 	102.64 	121.89 	168.95 
329988	145.58 	149.18 	172.77 	122.96 	98.80 	197.80 
321411	340.48 	387.31 	319.60 	412.52 	120.32 	620.21 
420458	419.45 	468.89 	404.52 	487.46 	160.09 	740.93 
338572	294.18 	324.90 	299.10 	321.63 	134.98 	491.68 
472203	403.79 	443.67 	407.56 	442.52 	171.77 	688.96 
843775	223.17 	242.80 	251.40 	215.22 	115.75 	353.95 
366209	357.42 	401.56 	342.95 	418.18 	134.46 	634.29 
544260	544.43 	605.56 	527.43 	627.73 	217.43 	944.60 
287225	228.82 	247.48 	239.75 	237.39 	111.66 	369.90 
582888	496.15 	546.60 	502.39 	542.47 	209.78 	847.37 
218656	200.24 	220.20 	200.96 	221.28 	87.79 	339.56 
629959	253.81 	273.88 	281.69 	246.50 	132.41 	400.67 
151589	50.64 	52.96 	59.89 	44.07 	31.30 	73.18 
495742	280.51 	290.69 	330.86 	244.00 	183.09 	393.00 
438982	254.05 	271.69 	282.40 	244.60 	134.55 	398.77 
918015	510.79 	565.26 	552.54 	522.70 	227.64 	858.22 
909789	166.45 	162.93 	219.57 	110.32 	145.82 	182.55 
552718	325.79 	355.98 	354.37 	330.36 	156.06 	537.87 
367415	129.91 	129.49 	159.29 	101.18 	94.75 	168.32 
367547	388.60 	440.58 	370.17 	461.37 	136.02 	701.63 
593605	408.78 	451.50 	428.68 	434.60 	179.61 	701.24 
554334	532.29 	598.68 	513.61 	617.31 	186.93 	970.30 
374102	349.76 	385.27 	353.74 	384.06 	150.50 	599.63 
506404	940.84 	1092.72 	698.91 	1345.55 	202.42 	1867.08 
1005292	150.41 	155.45 	186.65 	119.36 	102.56 	202.92 
804059	244.20 	242.23 	304.88 	182.19 	189.18 	303.78 
2462165	125.36 	99.30 	202.25 	23.33 	177.15 	39.26 
646358	296.84 	313.64 	340.95 	271.91 	171.20 	445.64 
516210	143.23 	136.20 	191.82 	88.57 	132.67 	147.93 
420077	396.88 	442.82 	389.41 	453.70 	154.50 	701.06 
501693	172.37 	173.80 	212.82 	135.38 	128.71 	219.58 
430435	212.44 	219.06 	249.79 	182.68 	139.84 	294.29 
252319	309.13 	352.77 	275.99 	389.37 	97.82 	577.89 
587543	222.45 	217.69 	280.06 	160.85 	177.76 	265.22 
792084	162.50 	159.89 	212.67 	110.82 	135.77 	185.41 
192194	67.28 	68.60 	80.45 	56.11 	44.40 	93.00 
457743	216.89 	232.42 	239.83 	213.14 	111.43 	345.03 
552607	196.98 	189.89 	247.21 	140.37 	159.82 	227.90 
418327	523.22 	604.51 	467.11 	665.22 	146.46 	1010.28 
343992	360.07 	397.07 	348.67 	411.35 	141.03 	629.97 
422981	111.67 	108.42 	142.29 	78.32 	91.14 	128.25 
445813	649.43 	750.67 	551.50 	852.55 	171.45 	1262.16 
259664	101.44 	99.69 	128.53 	73.01 	82.57 	118.61 
580640	467.37 	524.55 	470.53 	525.86 	176.58 	834.59 
824150	372.71 	386.89 	436.80 	327.34 	234.71 	533.10 
756270	560.44 	619.95 	577.08 	605.35 	246.05 	949.80 
1034679	405.03 	414.76 	477.84 	343.26 	272.46 	546.29 
538009	516.74 	579.55 	502.08 	596.92 	192.02 	928.07 
568650	345.18 	374.20 	375.51 	346.58 	181.47 	542.92 
633003	515.68 	563.55 	534.14 	549.97 	229.42 	859.27 
749238	485.95 	533.72 	508.39 	518.68 	223.78 	814.29 
398065	510.34 	585.18 	452.29 	646.28 	148.02 	965.22 
173306	173.24 	196.92 	158.21 	212.38 	51.68 	324.60 
2727787	314.38 	308.54 	416.01 	207.50 	264.04 	345.56 
1446866	1415.56 	1654.92 	1311.34 	1769.63 	367.69 	2735.68 
239446	523.70 	605.53 	320.64 	814.89 	101.90 	1035.29 
274904	567.48 	653.82 	353.03 	871.44 	109.96 	1122.62 
397923	769.92 	895.60 	532.65 	1136.46 	157.94 	1519.37 
399186	774.74 	900.81 	535.97 	1143.93 	161.85 	1530.43 
402370	684.14 	793.66 	517.59 	962.32 	144.21 	1366.48 
589781	199.40 	226.78 	209.24 	217.83 	72.70 	361.59 
412524	860.15 	1004.94 	572.70 	1304.12 	167.35 	1724.65 
305234	440.20 	513.47 	370.73 	587.83 	109.52 	857.30 
144135	301.96 	350.92 	208.14 	446.48 	62.04 	597.30 
503967	387.97 	445.23 	369.41 	465.21 	116.71 	730.14 
124641	227.20 	263.41 	168.25 	327.57 	52.39 	445.06 
834897	1109.29 	1318.32 	924.15 	1514.50 	223.60 	2260.81 
1118040	1743.91 	2020.14 	1357.29 	2424.14 	384.39 	3439.66 
785219	1551.80 	1801.26 	1052.93 	2321.14 	319.48 	3070.83 
428352	867.78 	1014.95 	586.15 	1309.81 	180.12 	1724.39 
322917	640.58 	750.84 	426.28 	970.15 	127.31 	1281.60 
367011	719.97 	832.79 	487.61 	1073.39 	145.82 	1423.80 
478116	961.42 	1121.94 	651.70 	1447.66 	202.28 	1902.77 
916598	1232.55 	1438.28 	1043.66 	1632.95 	291.53 	2459.06 
333700	512.33 	602.52 	410.09 	705.50 	117.57 	1011.10 
462761	874.89 	1018.09 	606.77 	1285.47 	186.68 	1727.83 
174531	105.85 	120.17 	108.60 	119.03 	38.25 	193.45 
65852	136.18 	158.18 	93.22 	201.53 	27.28 	272.09 
310811	519.57 	603.20 	420.46 	706.65 	111.32 	1034.27 
19561	23.72 	27.31 	21.88 	29.24 	6.22 	45.53 
475863	480.87 	555.31 	460.76 	575.78 	129.96 	906.52 
51364	107.51 	124.30 	73.03 	160.09 	24.03 	209.79 
44548	25.02 	27.24 	27.63 	24.65 	11.50 	38.58 
82585	114.14 	131.86 	96.97 	149.33 	30.45 	216.60 
91449	147.56 	171.03 	122.11 	197.36 	33.38 	289.20 
50330	95.89 	111.11 	71.82 	136.66 	20.44 	190.53 
694875	1010.83 	1177.93 	823.04 	1367.82 	233.98 	1990.92 
215966	435.81 	509.18 	307.81 	640.53 	83.79 	877.45 
912057	1714.46 	2002.21 	1221.24 	2513.68 	355.71 	3424.45 
248387	521.58 	601.18 	316.39 	809.11 	100.09 	1028.74 
400437	741.15 	866.07 	529.21 	1086.46 	164.41 	1467.03 
606316	1192.46 	1395.39 	824.68 	1769.93 	252.16 	2380.51 
561158	1107.30 	1292.27 	784.22 	1620.47 	236.54 	2194.77 
209266	386.15 	450.56 	272.51 	563.97 	80.20 	766.89 
4951358	685.69 	718.51 	828.51 	585.45 	429.78 	971.49 
939148	1299.01 	1520.31 	1061.68 	1769.03 	293.20 	2552.61 
284337	564.41 	651.94 	380.42 	837.13 	120.15 	1111.18 
600781	1030.52 	1206.18 	785.12 	1464.06 	220.65 	2053.74 
845904	1524.69 	1777.28 	1138.79 	2165.62 	329.89 	3004.75 
508188	109.76 	120.90 	122.47 	108.36 	53.21 	179.32 
161241	176.28 	203.96 	156.75 	225.95 	47.40 	341.77 
194289	384.26 	447.52 	291.33 	541.60 	82.29 	758.17 
169416	353.72 	412.77 	244.00 	523.23 	74.13 	699.15 
429477	742.83 	865.58 	567.11 	1046.15 	161.62 	1471.25 
248768	535.25 	626.99 	365.85 	801.41 	110.65 	1055.89 
206272	342.68 	408.51 	271.30 	480.80 	55.32 	697.08 
489216	956.95 	1137.02 	677.66 	1425.54 	186.02 	1947.37 
100829	214.98 	250.36 	144.70 	320.15 	43.24 	427.50 
74175	71.13 	80.61 	68.27 	84.46 	24.27 	130.56 
98941	220.20 	258.38 	134.72 	345.33 	41.10 	440.72 
567586	1030.36 	1208.90 	741.15 	1500.85 	201.95 	2085.75 
128148	257.14 	298.39 	188.25 	371.34 	52.99 	507.62 
241983	440.97 	512.23 	315.36 	642.75 	92.13 	872.44 
472943	857.61 	993.77 	642.24 	1209.60 	186.17 	1692.05 
842988	337.37 	390.15 	341.14 	388.12 	112.14 	619.47 
331525	588.33 	681.82 	448.94 	824.56 	137.36 	1150.10 
235873	487.95 	571.07 	331.77 	727.17 	92.00 	975.17 
290904	606.85 	707.74 	442.04 	874.73 	128.27 	1198.13 
256307	462.44 	540.16 	345.70 	657.42 	95.63 	925.42 
832736	572.36 	655.94 	568.43 	664.08 	172.82 	1065.45 
385969	778.99 	915.68 	546.14 	1162.22 	152.98 	1569.61 
200462	401.94 	476.32 	299.12 	580.55 	80.28 	809.16 
421676	765.91 	893.88 	604.52 	1063.39 	171.16 	1499.90 
417342	803.40 	937.68 	567.78 	1177.76 	171.69 	1595.50 
878190	321.00 	370.80 	327.84 	364.12 	103.96 	590.50 
334166	601.28 	706.46 	472.96 	840.87 	129.31 	1194.30 
437106	776.73 	906.57 	571.32 	1118.37 	161.48 	1544.82 
132145	59.11 	67.99 	58.18 	69.33 	16.74 	113.45 
511191	1069.45 	1254.44 	633.48 	1697.58 	204.39 	2134.59 
296885	599.46 	698.62 	387.83 	915.69 	115.74 	1190.48 
471299	956.09 	1110.05 	624.44 	1450.94 	196.16 	1910.61 
272152	527.99 	622.31 	364.75 	792.08 	115.38 	1042.24 
361565	721.23 	836.91 	487.53 	1073.10 	155.68 	1398.93 
260256	538.09 	625.32 	349.68 	816.76 	110.99 	1073.76 
395785	810.22 	947.58 	518.34 	1250.17 	161.20 	1626.69 
560508	1129.80 	1320.25 	698.12 	1753.90 	224.33 	2252.90 
615376	1213.42 	1404.99 	814.54 	1811.82 	252.51 	2395.41 
71369	38.26 	41.41 	41.74 	38.28 	19.40 	60.68 
1496239	1137.38 	1353.83 	1069.32 	1430.81 	265.98 	2261.19 
1381701	96.97 	88.43 	139.40 	46.90 	103.57 	78.35 
1208428	503.44 	528.45 	575.01 	463.18 	299.95 	738.75 
1245664	671.09 	697.48 	767.26 	608.25 	417.99 	966.40 
745935	626.94 	700.01 	619.11 	712.91 	248.36 	1099.77 
707210	415.06 	439.81 	454.04 	402.93 	231.43 	638.36 
380342	238.55 	260.44 	255.59 	244.19 	114.95 	387.03 
461934	207.39 	206.91 	252.69 	163.13 	155.66 	262.60 
461284	192.80 	189.33 	239.49 	142.35 	151.24 	229.68 
811494	98.64 	98.17 	125.57 	71.62 	76.10 	119.36 
1059713	485.80 	489.27 	584.93 	393.40 	350.11 	625.26 
623139	304.57 	304.98 	365.95 	244.98 	220.42 	387.75 
319791	128.43 	126.41 	160.62 	94.35 	102.44 	151.78 
709579	571.00 	645.30 	559.80 	658.49 	220.98 	1016.16 
344833	501.44 	577.24 	418.20 	661.46 	138.49 	950.37 
332994	386.29 	442.90 	347.63 	482.15 	114.73 	731.46 
304589	72.51 	82.20 	77.68 	77.61 	29.36 	126.14 
331322	414.87 	473.68 	362.56 	529.03 	114.89 	789.98 
156625	39.55 	42.65 	45.00 	37.65 	21.32 	61.11 
671279	481.26 	520.24 	512.06 	493.99 	244.08 	767.75 
496884	323.57 	342.77 	357.46 	312.66 	183.26 	491.20 
396188	26.54 	23.16 	38.93 	10.88 	30.43 	18.29 
680653	302.14 	298.53 	372.08 	232.25 	229.75 	371.13 
1326857	515.38 	514.86 	626.06 	402.60 	376.11 	659.03 
879137	550.86 	582.63 	611.56 	523.04 	315.99 	820.51 
1373725	897.15 	972.89 	957.28 	915.57 	448.11 	1439.41 
912601	598.55 	636.03 	662.83 	577.14 	337.56 	909.90 
743088	378.57 	389.16 	448.21 	322.00 	254.85 	514.93 
798476	331.25 	341.21 	397.12 	279.53 	221.66 	456.20 
727125	409.06 	427.77 	459.57 	378.18 	244.80 	596.94 
395474	145.39 	144.34 	179.97 	111.18 	111.07 	181.07 
724250	527.81 	580.58 	540.83 	571.00 	231.64 	896.11 
471822	298.68 	323.37 	316.16 	308.62 	144.53 	487.13 
882966	71.33 	69.05 	96.27 	45.05 	63.29 	74.67 
512496	147.57 	146.73 	182.50 	112.59 	112.16 	183.33 
513987	452.98 	496.35 	448.28 	503.13 	192.56 	766.72 
652850	468.10 	505.03 	488.18 	488.65 	229.35 	756.91 
557520	893.29 	1045.45 	733.87 	1214.89 	211.02 	1762.41 
749542	1077.14 	1239.07 	900.77 	1425.86 	272.91 	2098.92 
963248	1430.60 	1659.05 	1178.07 	1924.25 	360.22 	2766.70 
534511	578.48 	651.35 	533.11 	700.46 	194.12 	1055.07 
599133	741.01 	851.54 	649.47 	944.85 	206.42 	1411.50 
477128	804.36 	935.59 	639.69 	1112.92 	186.48 	1583.47 
469434	756.35 	875.13 	610.12 	1028.72 	189.16 	1481.43 
754440	960.10 	1098.84 	836.97 	1238.02 	279.05 	1821.89 
260579	423.99 	492.91 	327.49 	591.67 	93.73 	841.77 
360486	89.40 	98.25 	98.15 	89.48 	41.58 	148.33 
926006	191.34 	180.76 	251.60 	120.48 	173.72 	193.39 
640126	311.86 	314.48 	374.72 	256.51 	219.06 	405.54 
803104	24.73 	17.73 	41.34 	1.55 	35.44 	2.67 
795859	323.34 	326.50 	388.16 	262.17 	225.28 	427.38 
538844	319.02 	336.56 	355.20 	303.63 	180.73 	484.15 
1109707	517.76 	542.78 	590.94 	475.08 	305.93 	760.86 
958462	426.00 	461.81 	456.08 	433.82 	206.43 	694.30 
932536	310.17 	336.69 	344.29 	303.95 	161.08 	491.69 
875050	406.51 	443.33 	435.22 	419.41 	191.69 	670.44 
836446	374.98 	412.18 	404.31 	387.69 	166.41 	629.15 
933122	297.62 	314.49 	341.70 	273.18 	169.97 	448.03 
5075674	398.05 	373.08 	552.52 	219.29 	394.10 	367.28 
768497	510.97 	554.74 	537.77 	529.99 	245.32 	842.43 
951275	519.43 	532.16 	611.16 	441.00 	347.35 	706.40 
615476	22.86 	17.97 	35.81 	4.99 	31.02 	8.42 
589117	441.74 	480.37 	467.62 	456.17 	220.94 	713.16 
1041449	509.90 	519.54 	613.38 	423.47 	360.13 	670.35 
905096	430.99 	433.93 	522.80 	344.56 	316.63 	549.84 
899714	473.59 	483.22 	554.03 	404.06 	315.74 	638.62 
929335	349.76 	338.55 	446.96 	245.95 	293.40 	390.13 
1041680	701.92 	747.12 	772.09 	679.23 	394.37 	1065.26 
943462	321.47 	314.62 	410.44 	230.08 	264.57 	369.38 
782387	421.56 	437.18 	490.67 	371.68 	277.31 	587.23 
782195	1114.88 	1282.19 	983.34 	1440.14 	329.94 	2104.12 
709185	48.62 	47.19 	62.88 	33.26 	38.92 	54.58 
722856	504.30 	540.26 	540.14 	507.23 	258.29 	797.99 
570284	947.77 	1092.36 	759.65 	1286.41 	237.37 	1851.46 
800294	700.26 	776.39 	695.68 	787.08 	292.35 	1204.58 
1041600	526.51 	542.44 	616.40 	451.72 	351.37 	727.33 
525955	559.63 	628.99 	523.01 	674.83 	203.14 	1006.79 
807248	553.57 	586.43 	604.32 	543.21 	310.54 	846.12 
665022	371.22 	393.54 	418.42 	346.98 	213.57 	560.00 
628051	892.22 	1021.71 	754.19 	1167.48 	249.07 	1708.44 
411850	140.46 	150.88 	157.92 	133.66 	74.72 	219.17 
299744	227.36 	256.48 	227.23 	259.29 	89.27 	402.96 
936257	403.96 	429.78 	449.14 	389.05 	225.44 	616.83 
464662	188.47 	205.02 	208.63 	185.91 	95.16 	300.22 
339624	225.34 	242.13 	243.63 	225.43 	118.24 	355.27 
434744	232.34 	252.09 	247.40 	239.28 	111.35 	379.69 
447982	201.15 	217.64 	217.90 	201.87 	100.16 	322.41 
418334	170.12 	176.58 	198.35 	149.40 	106.96 	240.68 
708484	268.15 	276.03 	315.46 	229.88 	177.37 	371.57 
850681	136.25 	142.04 	166.18 	112.60 	90.13 	187.97 
766464	536.69 	614.09 	519.99 	636.61 	178.65 	1002.34 
1233520	128.67 	122.27 	174.91 	76.45 	119.86 	128.61 
773730	533.28 	567.96 	584.02 	520.75 	283.22 	837.61 
661185	382.93 	409.64 	427.57 	366.46 	208.91 	592.87 
934544	412.19 	411.04 	510.47 	315.96 	311.01 	515.14 
554919	270.43 	274.20 	327.37 	220.97 	189.25 	355.14 
856977	446.78 	460.92 	526.02 	385.29 	293.50 	626.84 
716016	245.36 	242.13 	302.13 	186.70 	186.08 	299.45 
575344	17.21 	12.14 	29.68 	0.00 	24.85 	0.00 
541536	253.54 	259.21 	299.81 	217.13 	169.57 	344.90 
1241395	289.39 	274.65 	378.52 	186.55 	260.47 	303.80 
338569	268.54 	304.95 	261.19 	313.82 	88.47 	495.03 
622344	505.84 	562.33 	501.47 	571.68 	190.68 	901.78 
416638	487.24 	553.22 	447.44 	597.00 	149.32 	922.85 
1682406	130.26 	121.40 	180.30 	72.14 	125.32 	120.45 
437844	262.66 	288.27 	276.10 	278.64 	112.75 	455.42 
404271	349.94 	395.98 	342.62 	405.53 	117.86 	640.77 
498744	486.61 	551.61 	458.71 	583.99 	155.62 	908.61 
465180	389.54 	441.87 	379.12 	455.78 	132.53 	723.27 
1019521	281.21 	291.52 	332.53 	241.98 	181.07 	395.46 
744729	401.26 	432.80 	443.20 	395.29 	209.86 	642.59 
2430654	879.40 	885.04 	1051.20 	720.18 	622.52 	1146.84 
678127	708.23 	795.66 	659.71 	847.61 	233.50 	1290.11 
570140	396.67 	427.88 	425.21 	400.72 	204.37 	633.98 
441000	525.55 	611.54 	467.43 	673.07 	147.03 	1006.69 
858126	500.25 	528.92 	555.28 	480.70 	280.25 	759.77 
867906	1043.39 	1175.25 	969.34 	1254.93 	367.60 	1884.96 
361465	66.52 	69.99 	79.67 	57.54 	41.60 	94.79 
1497213	668.03 	706.15 	746.46 	630.83 	382.28 	1014.50 
610498	680.26 	780.06 	629.18 	838.08 	214.60 	1273.79 
570129	596.78 	667.32 	569.67 	700.77 	229.17 	1052.17 
626665	500.34 	548.37 	516.04 	536.98 	236.15 	831.17 
1278687	1096.24 	1211.32 	1096.69 	1225.48 	455.60 	1880.45 
388350	533.54 	620.66 	438.95 	718.67 	133.44 	1041.67 
474619	290.12 	309.05 	314.51 	285.32 	154.74 	447.21 
556591	261.18 	271.87 	301.50 	233.35 	165.03 	374.90 
907740	550.44 	604.82 	582.41 	574.24 	264.93 	906.22 
907010	734.01 	806.84 	728.31 	816.60 	303.65 	1267.42 
878250	132.50 	138.84 	158.76 	113.80 	83.96 	184.59 
305492	237.87 	264.37 	235.95 	268.38 	95.27 	416.46 
753579	493.30 	523.17 	534.61 	486.05 	266.80 	770.17 
372780	572.09 	659.29 	457.25 	775.42 	148.28 	1095.36 
986247	1192.90 	1403.76 	976.45 	1632.14 	271.64 	2385.76 
176461	336.04 	391.71 	260.68 	468.51 	75.72 	658.18 
366797	583.66 	679.63 	468.59 	803.68 	140.08 	1147.30 
211110	314.24 	362.35 	254.50 	426.42 	75.88 	615.07 
579309	801.56 	930.27 	670.44 	1066.67 	204.99 	1560.64 
266725	462.66 	538.42 	354.30 	651.07 	99.92 	915.83 
276734	466.02 	541.15 	376.97 	633.35 	114.82 	901.82 
1215420	1565.04 	1822.20 	1336.98 	2052.98 	397.30 	3073.26 
687703	801.11 	929.14 	713.55 	1027.45 	212.08 	1546.10 
1663050	1198.42 	1342.45 	1224.71 	1324.96 	517.45 	2043.67 
833858	419.35 	472.10 	442.58 	451.02 	171.19 	731.81 
870844	908.76 	1038.41 	834.10 	1113.82 	276.24 	1716.96 
1023704	596.34 	691.41 	581.00 	714.67 	161.30 	1149.58 
7193085	831.15 	816.83 	1087.46 	563.61 	656.84 	939.57 
818944	501.49 	559.31 	526.27 	535.52 	212.24 	867.48 
235466	293.73 	336.27 	255.99 	374.74 	81.93 	563.43 
481434	463.84 	531.81 	440.34 	561.87 	137.43 	877.37 
434993	492.52 	572.78 	443.34 	626.79 	139.97 	953.34 
489487	723.62 	836.60 	608.16 	956.56 	170.95 	1420.30 
962619	113.81 	112.87 	150.72 	75.58 	94.44 	128.16 
1090624	1474.59 	1709.52 	1302.30 	1889.69 	411.71 	2856.88 
470987	734.96 	861.22 	599.74 	1005.01 	179.29 	1449.06 
919268	1286.89 	1485.86 	1102.12 	1677.76 	325.60 	2518.75 
367572	490.73 	565.75 	418.87 	642.62 	132.82 	944.10 
287629	281.96 	324.59 	255.46 	353.04 	80.46 	539.85 
433565	525.17 	610.16 	457.55 	677.18 	125.27 	1034.18 
346034	369.48 	422.42 	343.35 	450.45 	120.31 	688.76 
326656	522.18 	607.49 	415.19 	721.08 	126.45 	1021.29 
470575	557.52 	654.43 	489.73 	724.95 	114.11 	1125.18 
1030655	1080.67 	1244.12 	1009.13 	1326.47 	305.91 	2083.74 
655339	599.24 	693.33 	548.54 	747.31 	172.22 	1145.15 
567636	723.76 	838.42 	634.28 	933.77 	205.46 	1387.76 
1227125	619.37 	689.07 	642.13 	671.06 	260.72 	1067.51 
543318	472.64 	522.57 	470.33 	526.32 	197.63 	807.82 
1104017	497.33 	560.55 	509.28 	551.78 	194.77 	874.52 
547244	458.57 	520.28 	442.13 	539.94 	162.11 	842.06 
488232	245.75 	260.90 	272.86 	236.37 	135.89 	375.19 
357646	575.12 	666.28 	454.63 	791.13 	139.05 	1121.43 
337409	530.75 	622.04 	428.03 	727.05 	124.42 	1043.50 
420773	752.36 	892.01 	577.59 	1069.11 	154.53 	1518.28 
174886	295.61 	341.89 	227.84 	412.26 	68.79 	581.39 
157750	245.07 	284.43 	197.14 	332.72 	62.45 	477.66 
1203198	138.03 	137.02 	181.54 	93.69 	115.64 	153.66 
353808	422.87 	484.94 	370.28 	539.55 	118.11 	803.55 
740466	911.70 	1055.01 	777.27 	1200.29 	234.54 	1766.02 
172462	261.21 	301.54 	217.38 	347.95 	70.95 	500.23 
456375	678.02 	787.54 	561.04 	909.31 	173.12 	1323.97 
1020037	621.92 	706.29 	630.59 	704.71 	239.16 	1104.35 
306105	147.26 	168.10 	150.38 	166.41 	52.80 	268.06 
573063	492.75 	562.07 	471.23 	588.55 	150.66 	927.10 
534930	747.96 	863.21 	631.52 	987.34 	194.11 	1446.58 
311860	340.85 	386.89 	315.40 	416.39 	114.21 	626.88 
766119	547.31 	608.11 	561.70 	595.35 	238.50 	927.89 
480564	699.99 	815.30 	579.01 	940.14 	181.27 	1346.83 
735639	1047.99 	1207.05 	903.44 	1363.97 	278.28 	2016.47 
644965	773.28 	889.46 	708.29 	967.45 	235.96 	1458.06 
772443	882.66 	1007.46 	829.29 	1066.74 	288.66 	1624.59 
315901	373.94 	432.83 	328.14 	482.43 	105.66 	711.64 
873783	611.20 	679.55 	632.11 	663.42 	250.20 	1066.08 
666540	41.54 	38.70 	57.30 	23.25 	39.54 	39.33 
742520	928.57 	1065.46 	845.34 	1152.90 	267.35 	1765.19 
546200	551.25 	640.01 	500.61 	692.85 	141.86 	1071.86 
550206	862.77 	1010.47 	693.09 	1190.82 	197.34 	1710.90 
576786	1076.90 	1240.24 	820.76 	1504.71 	255.50 	2083.52 
948475	1274.96 	1480.05 	1091.74 	1660.15 	335.32 	2478.05 
806523	1096.39 	1269.96 	942.26 	1435.32 	288.94 	2132.65 
736458	777.34 	891.84 	713.22 	959.55 	237.54 	1450.24 
295516	521.58 	600.41 	413.86 	714.90 	132.94 	996.84 
1048283	1250.77 	1438.44 	1115.53 	1592.64 	385.99 	2352.54 
430379	45.30 	47.73 	54.05 	39.01 	27.48 	65.72 
555424	667.59 	777.37 	581.20 	870.36 	157.39 	1321.99 
510149	573.43 	656.08 	531.27 	708.97 	177.73 	1081.50 
659218	927.17 	1057.31 	813.85 	1174.21 	262.72 	1753.70 
790951	892.69 	1017.65 	814.62 	1105.31 	282.01 	1661.31 
67537	130.07 	150.02 	98.83 	182.61 	28.40 	254.14 
360216	527.66 	615.23 	431.78 	715.37 	130.54 	1026.38 
413425	472.35 	547.93 	423.55 	601.76 	119.16 	923.54 
1103849	228.76 	255.58 	247.38 	237.02 	95.55 	390.61 
577582	741.00 	858.71 	644.07 	970.37 	189.98 	1449.92 
409224	634.94 	732.88 	513.80 	863.35 	157.61 	1230.27 
383146	574.97 	672.56 	466.45 	787.07 	135.78 	1132.79 
291621	340.43 	390.18 	298.87 	435.92 	95.82 	650.20 
515056	524.06 	592.32 	496.23 	622.87 	181.07 	963.31 
974369	1119.63 	1290.21 	1001.23 	1415.29 	322.17 	2148.48 
791474	750.90 	837.43 	729.35 	870.67 	288.01 	1337.95 
247316	254.85 	295.19 	226.62 	326.33 	69.46 	495.23 
802648	820.98 	938.54 	757.72 	999.41 	258.08 	1555.93 
391127	586.33 	673.21 	494.48 	772.99 	160.37 	1121.67 
580467	798.08 	912.21 	673.50 	1048.10 	202.51 	1546.44 
824178	1273.01 	1473.23 	1066.14 	1690.42 	318.26 	2493.84 
396924	17.70 	13.13 	29.37 	1.51 	27.49 	2.58 
878193	1144.96 	1315.07 	1002.56 	1464.97 	334.58 	2164.57 
689158	551.56 	606.12 	552.31 	608.42 	232.14 	949.46 
752035	685.44 	763.00 	660.90 	789.76 	256.53 	1222.08 
504366	200.66 	219.65 	225.11 	196.97 	98.85 	326.84 
889756	547.26 	605.46 	554.60 	600.76 	228.10 	938.42 
661065	602.84 	683.06 	579.53 	715.51 	212.35 	1097.58 
584223	772.55 	887.63 	680.85 	988.82 	218.73 	1485.89 
314686	415.33 	484.39 	358.42 	544.93 	105.22 	814.12 
396792	560.22 	642.53 	477.21 	729.92 	146.20 	1077.78 
223536	400.47 	462.97 	311.33 	557.20 	93.75 	784.33 
315837	332.53 	377.81 	311.40 	401.00 	109.01 	618.69 
734756	583.46 	666.19 	541.65 	717.65 	178.82 	1101.88 
515350	805.70 	940.05 	679.18 	1072.75 	184.39 	1576.12 
675980	683.78 	775.29 	664.98 	799.77 	239.12 	1249.43 
829124	837.03 	943.10 	799.73 	986.95 	292.84 	1520.21 
157401	242.89 	284.92 	194.48 	333.20 	57.58 	482.87 
735104	774.44 	878.31 	731.30 	923.19 	265.05 	1410.50 
468708	588.69 	685.43 	523.32 	754.49 	162.33 	1136.12 
958200	632.97 	697.45 	654.15 	679.05 	289.06 	1067.34 
995021	1167.81 	1339.47 	1077.47 	1439.67 	371.78 	2179.72 
688428	521.58 	576.61 	543.43 	559.97 	232.42 	877.68 
1256280	449.83 	492.12 	491.18 	452.40 	213.21 	732.14 
774258	953.70 	1091.66 	855.11 	1203.51 	297.11 	1779.01 
582768	899.61 	1041.01 	727.09 	1217.71 	234.06 	1743.98 
472947	527.27 	609.32 	457.83 	683.99 	136.99 	1016.38 
369891	642.55 	747.31 	487.52 	907.92 	146.16 	1264.55 
573827	689.93 	784.98 	633.11 	844.80 	211.45 	1295.94 
1357430	673.86 	745.31 	709.31 	717.52 	287.16 	1154.83 
201841	339.96 	394.39 	273.75 	461.94 	82.47 	666.00 
692984	915.54 	1045.62 	832.51 	1149.56 	271.79 	1721.60 
1088712	170.89 	180.93 	204.54 	147.53 	101.25 	249.28 
426544	566.17 	650.22 	510.61 	710.19 	164.84 	1081.38 
3063568	133.31 	105.91 	211.22 	29.24 	173.82 	49.64 
1081825	905.76 	1030.46 	887.71 	1057.04 	308.83 	1684.62 
1912447	1322.99 	1463.17 	1340.74 	1445.28 	564.02 	2242.44 
1186150	1217.51 	1378.17 	1158.87 	1450.10 	454.17 	2175.35 
842867	512.34 	558.99 	540.03 	534.65 	237.57 	850.25 
381230	492.66 	561.30 	446.29 	612.60 	160.25 	908.77 
569544	673.37 	767.10 	606.50 	838.25 	208.41 	1265.26 
461028	522.66 	611.80 	434.96 	702.55 	129.28 	1027.66 
686916	660.94 	758.09 	608.42 	816.88 	207.01 	1240.56 
553265	126.38 	141.71 	134.55 	134.04 	48.74 	223.30 
224940	313.81 	364.95 	269.92 	411.68 	86.76 	607.97 
695251	1067.44 	1232.41 	874.18 	1433.91 	271.67 	2074.82 
298200	340.99 	388.53 	308.93 	423.27 	110.02 	635.26 
335633	434.09 	503.45 	375.12 	568.54 	120.47 	838.58 
328946	464.12 	533.35 	396.64 	602.33 	141.87 	871.38 
573180	767.44 	880.80 	676.80 	983.18 	226.93 	1455.90 
801747	776.25 	874.10 	741.98 	920.63 	282.66 	1385.97 
623464	803.05 	907.90 	723.23 	997.69 	250.38 	1484.34 
901569	1271.18 	1444.64 	1105.77 	1614.34 	405.52 	2371.93 
386001	388.24 	438.59 	367.70 	462.08 	136.78 	711.78 
977365	118.30 	116.69 	156.49 	78.72 	99.72 	132.91 
1221669	1026.89 	1138.04 	1032.60 	1144.91 	424.65 	1787.59 
1615097	1109.05 	1244.50 	1092.20 	1274.03 	422.66 	2001.73 
974176	740.01 	819.28 	760.57 	804.91 	326.28 	1263.08 
443340	634.89 	736.36 	530.98 	849.81 	163.92 	1231.99 
727119	921.98 	1053.29 	797.98 	1187.80 	277.85 	1740.99 
580595	858.19 	1000.36 	686.00 	1185.67 	198.14 	1694.10 
332049	557.89 	654.05 	435.38 	774.31 	126.76 	1102.96 
455888	449.33 	521.58 	405.11 	568.14 	122.30 	870.95 
13458	12.27 	13.76 	9.84 	16.27 	4.53 	21.65 
1100958	659.48 	766.21 	627.15 	804.86 	183.65 	1262.67 
311356	526.91 	614.64 	402.79 	740.55 	120.16 	1033.10 
240384	313.63 	367.88 	258.13 	424.08 	76.22 	620.36 
337506	417.03 	481.02 	357.62 	544.56 	117.74 	797.58 
201452	419.33 	489.41 	304.16 	606.80 	86.48 	830.43 
236305	342.83 	398.28 	288.18 	455.68 	88.03 	661.41 
444581	153.12 	163.50 	169.15 	147.40 	82.23 	238.61 
1147526	921.32 	1017.56 	929.84 	1016.44 	399.90 	1570.80 
593622	28.35 	25.40 	40.34 	13.50 	29.92 	22.33 
829735	664.52 	715.18 	676.10 	707.31 	314.45 	1087.05 
1089644	1272.62 	1438.59 	1152.73 	1557.28 	403.97 	2342.58 
248168	418.74 	483.81 	336.79 	570.81 	105.97 	812.04 
548308	766.38 	886.03 	659.39 	1000.19 	221.70 	1452.83 
722879	566.63 	619.22 	587.08 	609.85 	264.33 	936.48 
553698	732.86 	832.05 	634.33 	934.45 	222.69 	1367.58 
761503	600.93 	661.00 	600.75 	665.01 	261.02 	1027.22 
1071167	1054.60 	1174.66 	1035.89 	1204.41 	427.87 	1815.50 
935159	827.85 	924.76 	805.74 	952.84 	320.93 	1454.42 
681621	141.21 	151.71 	162.75 	130.20 	78.63 	215.06 
890802	753.14 	835.82 	744.85 	853.79 	309.81 	1297.42 
342763	500.64 	576.62 	413.24 	662.98 	139.97 	956.81 
719250	621.39 	691.27 	613.63 	703.41 	251.28 	1080.48 
85591	89.19 	98.61 	87.11 	101.35 	35.05 	156.55 
710214	104.44 	109.24 	123.89 	90.41 	63.96 	149.47 
1138557	1146.22 	1299.77 	1094.76 	1355.93 	397.92 	2071.94 
779233	827.30 	938.10 	770.53 	996.73 	287.44 	1517.37 
258635	421.11 	493.73 	327.73 	590.89 	97.95 	835.19 
340452	639.75 	747.07 	486.70 	902.54 	148.06 	1256.27 
125811	248.33 	288.65 	185.62 	351.90 	55.05 	491.39 
297949	478.73 	559.87 	379.65 	664.82 	110.56 	954.40 
299795	305.27 	358.70 	271.48 	395.91 	66.69 	608.51 
502811	742.07 	857.41 	620.01 	986.48 	182.82 	1448.43 
270982	348.82 	407.43 	299.02 	460.89 	91.55 	679.40 
424821	713.52 	833.37 	557.12 	995.17 	162.46 	1403.32 
1055017	46.76 	33.12 	80.47 	0.00 	75.96 	0.00 
577899	449.38 	512.56 	438.00 	525.76 	146.46 	835.25 
860091	740.17 	854.00 	695.78 	903.91 	219.82 	1395.03 
2700408	557.97 	554.25 	714.34 	399.19 	440.72 	659.90 
925753	567.98 	600.95 	638.82 	536.58 	329.71 	845.06 
1107455	477.30 	489.55 	564.32 	405.28 	312.72 	645.95 
1955582	922.72 	985.57 	1034.47 	873.61 	501.53 	1419.10 
1004624	892.21 	990.66 	887.82 	1000.56 	344.02 	1555.76 
1475038	1220.70 	1348.69 	1231.44 	1339.13 	502.77 	2079.78 
837023	707.77 	801.71 	702.87 	811.63 	263.63 	1264.90 
1382560	104.58 	88.04 	161.34 	32.47 	131.15 	54.51 
909395	918.85 	1031.62 	870.51 	1087.29 	309.66 	1663.07 
673825	1084.80 	1249.93 	907.32 	1432.20 	269.29 	2092.77 
1183907	1092.09 	1235.15 	1032.77 	1307.16 	348.79 	2008.05 
806832	784.88 	895.12 	743.27 	935.64 	243.07 	1469.44 
706913	644.75 	746.38 	606.89 	787.96 	179.44 	1232.57 
951957	1354.17 	1563.19 	1162.78 	1770.21 	355.18 	2596.25 
481060	598.67 	689.84 	546.90 	748.61 	173.34 	1138.09 
1070890	633.14 	708.35 	649.01 	692.68 	254.64 	1105.52 
887771	227.25 	232.21 	287.60 	173.52 	160.43 	296.72 
733716	728.31 	835.94 	673.86 	892.59 	207.86 	1372.52 
921578	809.18 	918.79 	774.75 	960.84 	259.30 	1492.40 
628641	330.22 	361.24 	358.66 	335.95 	158.62 	539.81 
949844	710.42 	791.53 	716.25 	793.03 	273.80 	1239.69 
620386	41.04 	37.66 	58.30 	20.69 	42.05 	35.07 
567954	530.99 	608.62 	505.07 	637.18 	162.16 	995.57 
447075	338.30 	371.67 	358.40 	353.80 	154.61 	558.54 
986281	535.56 	591.96 	561.30 	566.35 	229.96 	895.58 
634090	644.29 	740.20 	597.62 	793.83 	177.20 	1232.88 
340478	66.50 	61.25 	92.35 	35.47 	66.85 	59.41 
826585	80.47 	74.42 	113.92 	41.42 	80.75 	70.73 
302208	333.42 	377.14 	317.02 	396.29 	111.39 	606.59 
1580391	585.59 	592.55 	721.24 	459.53 	424.79 	740.33 
768734	674.71 	762.21 	656.46 	780.56 	240.43 	1214.94 
321276	535.33 	629.19 	422.47 	747.91 	109.31 	1072.90 
828969	957.44 	1085.21 	886.44 	1163.23 	316.14 	1749.08 
1327986	196.17 	188.94 	264.09 	121.81 	172.30 	205.51 
637574	1009.34 	1174.92 	845.92 	1335.07 	237.30 	1981.50 
1049765	1003.57 	1128.62 	986.24 	1146.45 	362.27 	1784.68 
1038858	492.87 	516.13 	563.32 	448.45 	289.75 	720.02 
606392	485.49 	537.82 	489.54 	537.40 	185.66 	853.82 
910177	638.77 	692.47 	685.43 	653.48 	307.39 	1039.41 
1271801	332.60 	362.72 	375.58 	321.83 	165.86 	533.45 
450299	303.79 	335.68 	320.50 	323.27 	127.58 	520.58 
1576039	708.51 	785.83 	756.26 	735.08 	312.81 	1194.82 
387452	339.50 	389.90 	319.67 	413.29 	96.35 	647.99 
443789	550.88 	635.43 	493.20 	693.94 	143.28 	1067.98 
771410	636.89 	714.93 	638.62 	718.87 	251.44 	1129.23 
6461332	514.88 	453.25 	757.70 	214.98 	578.48 	366.89 
847466	467.86 	502.62 	519.50 	454.80 	241.30 	740.19 
1106786	345.71 	342.11 	432.58 	258.08 	264.08 	420.93 
1303096	98.59 	87.20 	148.91 	37.94 	116.65 	64.05 
1051209	671.97 	737.75 	707.86 	700.96 	284.00 	1135.70 
945390	1035.45 	1165.08 	1006.87 	1203.69 	363.00 	1853.02 
1211966	537.06 	540.11 	664.28 	413.93 	396.74 	674.31 
1681167	479.83 	478.13 	597.95 	365.86 	354.13 	602.27 
1478225	1077.74 	1198.84 	1084.90 	1193.07 	426.85 	1887.18 
938851	1023.05 	1175.00 	937.97 	1267.67 	289.34 	1944.05 
1155022	678.78 	749.58 	723.67 	712.89 	303.88 	1133.95 
509329	31.39 	27.33 	46.82 	12.39 	36.31 	21.17 
1177468	562.63 	593.28 	640.96 	521.28 	324.01 	831.44 
########	3867.49 	4002.86 	4777.86 	3111.61 	2558.40 	5311.31 
949180	423.04 	444.65 	485.32 	384.91 	244.50 	624.14 
887297	202.62 	195.46 	265.01 	133.07 	176.37 	218.62 
1471196	503.20 	510.62 	617.23 	397.49 	359.27 	651.91 
307764	35.73 	36.29 	45.12 	27.26 	25.45 	46.33 
1483871	1092.75 	1220.54 	1104.34 	1216.27 	431.47 	1889.99 
1775516	284.57 	273.23 	385.54 	174.10 	253.62 	296.63 
1397233	141.95 	135.18 	197.47 	81.20 	132.55 	140.26 
5281	5.26 	5.71 	5.47 	5.53 	2.52 	8.58 
2204472	303.16 	297.61 	397.50 	203.89 	252.80 	337.69 
1400882	740.16 	815.96 	778.02 	781.25 	303.09 	1268.20 
360415	557.02 	641.10 	447.29 	748.88 	132.54 	1078.43 
235754	380.43 	446.40 	306.83 	522.23 	77.73 	767.28 
117253	162.43 	187.80 	137.19 	214.94 	40.23 	317.31 
458126	446.16 	512.13 	412.94 	549.76 	135.68 	841.53 
245964	345.76 	405.89 	288.10 	463.13 	76.23 	690.67 
314062	453.03 	521.78 	370.89 	607.30 	113.38 	887.98 
363141	600.21 	697.87 	457.28 	849.82 	129.35 	1198.63 
241220	295.60 	345.52 	257.54 	386.10 	69.30 	586.03 
1485522	810.67 	905.50 	824.73 	895.95 	312.38 	1440.48 
320599	369.94 	430.47 	321.46 	481.63 	87.46 	733.84 
303168	499.10 	583.10 	385.44 	701.05 	101.26 	1002.38 
1411291	989.02 	1080.63 	1012.11 	1063.54 	444.89 	1659.14 
690389	507.65 	563.40 	503.88 	570.98 	200.37 	888.03 
327623	454.56 	533.38 	371.24 	620.19 	106.45 	898.11 
1018816	946.85 	1073.57 	874.87 	1151.62 	297.18 	1771.05 
151660	222.41 	257.81 	182.27 	301.24 	56.91 	432.38 
342423	523.86 	614.93 	417.80 	726.43 	122.79 	1043.16 
141913	173.76 	199.93 	149.02 	225.46 	49.77 	328.92 
501099	530.03 	601.06 	482.07 	652.56 	167.40 	988.03 
1559628	918.71 	1042.20 	914.56 	1051.60 	336.77 	1653.85 
287818	387.82 	449.52 	334.88 	505.69 	104.13 	741.39 
579799	775.53 	890.66 	658.28 	1017.49 	203.27 	1503.89 
227564	37.32 	40.58 	43.09 	35.16 	19.46 	59.18 
365528	313.43 	348.27 	313.75 	351.32 	123.00 	549.53 
360093	435.73 	500.42 	381.39 	552.95 	118.79 	830.11 
840606	910.77 	1035.57 	824.52 	1122.89 	273.83 	1716.36 
191675	262.20 	305.45 	219.12 	350.71 	56.60 	527.08 
648309	641.24 	736.12 	589.58 	787.57 	183.93 	1228.99 
272031	365.40 	427.98 	305.83 	489.75 	87.62 	725.02 
293680	329.48 	382.07 	292.88 	418.96 	87.21 	640.18 
701447	649.02 	738.62 	622.11 	767.36 	222.61 	1188.79 
759792	944.93 	1093.90 	828.40 	1214.52 	252.88 	1821.53 
304882	438.68 	511.58 	364.64 	586.56 	104.04 	861.09 
902001	868.05 	989.00 	819.16 	1043.78 	279.19 	1609.59 
198238	281.76 	326.57 	231.86 	375.90 	67.75 	551.20 
305802	287.44 	324.24 	274.11 	339.72 	96.71 	530.53 
183197	214.79 	252.37 	182.57 	285.10 	45.64 	430.94 
646595	690.76 	796.85 	618.94 	875.30 	189.04 	1333.85 
1138410	134.06 	140.98 	161.06 	114.97 	81.99 	192.59 
476120	590.47 	681.58 	516.01 	759.13 	159.11 	1141.62 
317284	275.71 	315.93 	262.04 	332.55 	77.48 	525.33 
984110	592.71 	668.60 	593.68 	670.82 	216.98 	1078.71 
404385	617.23 	716.55 	506.27 	830.93 	162.65 	1185.15 
193384	365.67 	426.97 	263.44 	532.16 	81.41 	722.50 
345795	427.57 	490.44 	374.38 	550.79 	128.15 	814.90 
448600	664.20 	774.39 	545.01 	897.76 	168.57 	1293.64 
497513	519.18 	592.67 	486.07 	629.35 	176.17 	948.33 
595049	830.36 	958.18 	718.03 	1080.46 	226.74 	1595.75 
446781	182.81 	205.12 	190.17 	198.50 	74.14 	318.01 
74488	133.13 	152.87 	98.02 	188.76 	32.83 	256.79 
546752	726.52 	840.03 	635.84 	940.42 	205.48 	1385.40 
85973	151.35 	175.19 	121.22 	206.42 	39.02 	292.18 
561477	776.28 	894.85 	656.08 	1022.08 	199.58 	1488.62 
534566	734.74 	851.54 	622.65 	967.28 	194.98 	1419.22 
316122	483.66 	562.29 	390.79 	662.92 	118.36 	943.64 
837785	778.42 	904.62 	714.22 	972.90 	193.40 	1528.92 
865927	678.32 	774.18 	659.77 	801.00 	236.86 	1244.12 
230900	333.64 	391.88 	268.96 	458.02 	69.62 	668.12 
769718	959.71 	1104.04 	861.62 	1218.51 	289.32 	1804.07 
389528	468.41 	539.17 	410.76 	602.38 	133.02 	891.92 
743660	496.01 	539.59 	527.24 	513.23 	242.82 	814.57 
441556	294.58 	330.12 	295.00 	331.16 	116.41 	515.76 
599757	106.55 	117.28 	117.67 	106.05 	49.85 	174.42 
300821	249.08 	276.59 	243.51 	283.37 	99.59 	436.11 
366459	443.72 	498.68 	398.22 	545.39 	149.32 	811.18 
435341	450.67 	515.58 	399.74 	568.62 	126.06 	861.03 
373290	622.29 	730.70 	481.14 	874.06 	141.25 	1220.93 
366621	153.97 	163.99 	170.61 	148.48 	85.02 	234.95 
192611	257.90 	301.78 	212.45 	349.22 	59.65 	508.41 
739058	781.39 	885.61 	712.58 	954.37 	252.15 	1448.47 
2731652	184.89 	175.70 	254.62 	106.23 	173.24 	177.78 
1167466	623.29 	697.01 	646.97 	677.52 	258.36 	1064.93 
645477	379.36 	432.85 	367.51 	449.50 	124.79 	707.79 
229651	318.85 	359.60 	273.00 	406.71 	98.53 	586.36 
245867	243.79 	278.08 	225.87 	297.79 	79.02 	457.64 
1694707	843.56 	929.63 	912.11 	865.17 	383.82 	1415.35 
1361774	1424.31 	1617.07 	1326.54 	1717.02 	487.42 	2602.50 
370818	527.89 	607.68 	432.90 	709.48 	134.07 	1022.00 
927633	693.56 	765.38 	704.21 	760.12 	292.48 	1179.25 
601302	479.58 	538.96 	461.62 	559.42 	171.21 	867.01 
310202	480.33 	561.00 	385.17 	659.87 	111.56 	945.34 
795527	372.86 	407.35 	403.07 	378.11 	182.12 	605.96 
194450	220.12 	258.71 	193.13 	286.81 	54.63 	430.34 
448825	540.54 	616.32 	477.86 	684.67 	156.96 	1017.19 
281994	14.59 	13.02 	20.83 	6.88 	15.69 	11.36 
1117779	687.87 	764.84 	714.35 	748.13 	291.45 	1198.14 
372525	436.92 	499.79 	398.77 	539.80 	131.67 	813.53 
347425	565.85 	660.06 	451.71 	781.20 	131.86 	1108.35 
312726	490.24 	571.65 	398.15 	670.73 	104.92 	989.20 
1172240	850.31 	982.21 	824.97 	1013.62 	231.41 	1622.52 
416758	352.67 	416.01 	318.95 	452.84 	78.54 	707.51 
413428	722.76 	843.93 	526.03 	1045.05 	148.18 	1455.69 
507830	1001.38 	1175.45 	658.80 	1527.31 	198.99 	2001.83 
341750	703.14 	814.22 	482.77 	1035.43 	144.98 	1392.67 
302461	589.26 	688.91 	395.84 	884.82 	118.84 	1167.99 
633152	224.21 	255.39 	229.52 	251.82 	79.67 	404.53 
74900	135.11 	158.68 	103.10 	191.98 	26.78 	271.02 
284428	397.21 	462.94 	343.72 	520.10 	98.56 	772.47 
342516	205.33 	237.36 	197.02 	246.51 	65.01 	385.18 
126319	254.35 	296.56 	180.31 	373.39 	53.03 	504.82 
174173	235.51 	276.20 	195.40 	320.01 	50.97 	474.24 
3819612	875.36 	981.87 	949.58 	916.14 	360.25 	1505.79 
837565	1648.27 	1926.97 	1177.71 	2399.99 	324.97 	3294.40 
745739	1395.69 	1634.70 	1034.02 	2007.56 	293.75 	2804.96 
1020398	1999.58 	2340.37 	1387.66 	2961.57 	422.08 	3990.93 
376825	690.36 	812.84 	509.34 	1003.20 	144.25 	1383.00 
1169643	2171.07 	2530.96 	1541.35 	3152.89 	477.36 	4298.68 
432891	776.65 	911.40 	554.19 	1144.48 	161.45 	1560.13 
437750	801.49 	939.51 	567.72 	1183.39 	163.33 	1607.77 
1706273	552.73 	632.29 	579.39 	609.14 	182.60 	1017.51 
492174	918.48 	1073.75 	646.13 	1345.74 	187.29 	1837.85 
630169	1095.06 	1292.42 	822.65 	1573.83 	232.22 	2214.38 
617816	1235.71 	1440.07 	873.97 	1809.52 	241.77 	2482.84 
330603	672.92 	782.45 	428.54 	1034.56 	125.49 	1345.58 
382821	762.68 	896.66 	529.11 	1134.27 	155.58 	1526.28 
391874	72.87 	75.89 	87.87 	61.57 	46.37 	102.47 
1075550	1827.03 	2149.74 	1403.31 	2583.20 	408.60 	3633.39 
817164	1622.97 	1877.77 	1183.52 	2337.63 	352.87 	3195.75 
413837	788.37 	919.39 	538.20 	1175.76 	157.54 	1577.66 
572164	139.39 	157.40 	147.65 	150.93 	50.50 	252.11 
462116	924.56 	1067.72 	613.76 	1376.68 	190.60 	1816.27 
623798	1201.33 	1396.96 	825.91 	1777.42 	240.18 	2405.22 
706660	1426.56 	1659.11 	940.42 	2162.51 	297.42 	2822.88 
684633	1018.65 	1198.64 	797.41 	1431.67 	199.74 	2082.14 
801198	1452.71 	1697.11 	1068.23 	2088.25 	279.64 	2936.78 
362568	62.99 	68.98 	70.59 	61.92 	30.67 	101.63 
138088	60.27 	67.16 	63.15 	64.78 	24.96 	103.49 
347658	606.21 	710.56 	457.72 	866.08 	125.38 	1208.24 
225629	375.18 	438.44 	286.46 	529.16 	80.99 	748.09 
352690	687.72 	804.34 	462.04 	1041.73 	138.87 	1368.09 
605834	893.60 	1046.52 	724.80 	1218.26 	199.46 	1778.98 
242159	449.01 	525.69 	325.97 	651.08 	95.49 	897.57 
222846	406.69 	476.36 	309.96 	575.92 	81.89 	819.96 
471174	825.32 	975.49 	626.71 	1170.36 	151.54 	1661.58 
188664	278.96 	327.08 	229.08 	378.47 	52.83 	567.03 
250964	328.06 	390.08 	281.43 	440.14 	64.16 	664.81 
217123	343.60 	405.77 	273.75 	480.90 	67.90 	696.50 
119630	140.07 	164.88 	121.55 	185.27 	28.71 	283.34 
249169	478.49 	564.15 	362.10 	684.90 	92.11 	965.72 
497283	39.57 	39.58 	50.77 	28.80 	29.47 	49.02 
1606157	329.22 	360.28 	375.39 	314.61 	166.68 	520.76 
1310918	1130.73 	1301.68 	1077.89 	1364.20 	363.86 	2129.43 
326908	626.59 	733.32 	465.57 	898.83 	135.41 	1239.88 
469583	892.92 	1044.58 	637.57 	1307.10 	192.35 	1762.57 
489135	548.82 	625.08 	503.09 	670.80 	180.99 	1011.84 
1372258	1432.58 	1683.39 	1318.40 	1804.75 	358.41 	2780.56 
787136	525.19 	602.27 	503.69 	626.50 	168.60 	985.63 
193861	13.66 	13.03 	18.66 	8.13 	12.77 	13.56 
540259	602.79 	707.27 	530.51 	786.07 	148.86 	1194.37 
407287	825.92 	968.40 	539.44 	1266.20 	168.06 	1641.88 
321972	676.71 	788.40 	428.43 	1041.32 	133.90 	1331.99 
484422	767.93 	891.45 	618.48 	1047.01 	189.72 	1487.95 
3951077	153.02 	107.86 	262.44 	0.00 	251.12 	0.00 
3029164	1248.80 	1439.64 	1257.62 	1429.31 	412.02 	2318.21 
750892	1329.67 	1555.68 	999.12 	1893.67 	286.42 	2649.63 
817884	1572.20 	1833.48 	1100.69 	2308.41 	336.22 	3086.77 
1104869	889.56 	1024.19 	851.93 	1071.61 	278.96 	1658.76 
615297	980.43 	1156.89 	767.25 	1373.84 	207.97 	1954.84 
218857	86.38 	97.37 	88.49 	95.28 	33.76 	151.52 
204575	53.96 	61.53 	56.07 	60.02 	19.25 	97.29 
483678	740.05 	868.06 	598.03 	1017.85 	165.54 	1479.65 
279781	567.69 	661.57 	379.93 	852.94 	115.23 	1128.96 
926741	180.57 	196.98 	207.36 	171.75 	95.36 	280.68 
730700	627.79 	720.00 	593.56 	754.06 	199.37 	1171.25 
1198037	448.79 	509.93 	471.84 	490.08 	174.10 	787.87 
309306	532.24 	618.39 	405.14 	747.15 	118.35 	1049.28 
320037	581.75 	684.48 	421.89 	847.91 	125.53 	1154.03 
494419	947.85 	1101.77 	638.77 	1423.90 	189.66 	1903.00 
473881	34.98 	34.82 	45.20 	24.81 	27.52 	41.15 
575182	1184.11 	1380.36 	827.33 	1752.99 	254.41 	2340.34 
346171	648.11 	764.57 	469.77 	946.47 	138.71 	1287.13 
487001	937.98 	1094.79 	646.52 	1396.31 	196.99 	1846.35 
539422	988.11 	1165.30 	757.36 	1400.67 	207.47 	1939.56 
78195	77.91 	88.60 	75.41 	92.07 	26.05 	143.61 
2889138	259.62 	244.78 	363.01 	142.45 	250.46 	243.83 
1217761	656.51 	751.85 	641.69 	772.12 	213.49 	1227.11 
327158	164.51 	181.42 	173.67 	174.32 	69.85 	286.67 
1002534	1550.05 	1813.11 	1259.20 	2109.54 	348.84 	3096.92 
762399	1141.00 	1324.17 	931.91 	1539.89 	271.92 	2250.90 
853041	1412.93 	1625.33 	1152.27 	1906.53 	347.64 	2736.03 
834171	279.30 	315.88 	297.15 	301.74 	104.56 	490.69 
650411	863.27 	1005.78 	738.90 	1134.25 	219.81 	1684.25 
551968	963.85 	1122.29 	722.29 	1367.91 	200.69 	1900.42 
403511	749.72 	875.82 	530.73 	1102.86 	158.45 	1486.98 
1413368	330.84 	349.87 	392.12 	289.97 	205.77 	473.05 
276746	527.47 	617.43 	360.32 	784.52 	108.40 	1047.45 
143718	292.77 	337.73 	179.69 	452.35 	59.65 	575.79 
250069	489.52 	563.79 	326.61 	730.41 	104.52 	957.75 
701266	123.29 	129.95 	148.75 	105.55 	78.14 	172.43 
649357	1344.85 	1573.45 	807.86 	2126.78 	269.16 	2680.88 
351836	734.82 	857.48 	425.48 	1174.40 	138.94 	1467.65 
514001	928.32 	1081.39 	697.76 	1320.36 	207.86 	1836.70 
945790	1061.54 	1251.98 	989.46 	1339.68 	260.12 	2092.23 
575915	1039.25 	1210.38 	797.62 	1455.08 	241.35 	2048.32 
546601	900.03 	1052.77 	710.58 	1260.63 	207.77 	1784.13 
505487	701.99 	805.06 	615.14 	898.85 	215.34 	1307.26 
605625	1107.03 	1294.36 	826.17 	1579.22 	238.90 	2196.15 
614326	1043.94 	1215.17 	831.11 	1435.49 	253.16 	2024.47 
980441	150.22 	155.27 	185.79 	120.47 	102.81 	199.19 
445337	809.51 	943.44 	600.06 	1155.77 	181.27 	1595.04 
179709	271.16 	319.67 	225.52 	366.72 	55.26 	541.06 
26544	54.65 	63.23 	35.22 	82.94 	11.25 	107.30 
33743	69.03 	80.14 	47.13 	103.09 	14.80 	135.09 
652172	348.33 	386.46 	363.04 	374.13 	154.14 	591.64 
43658	85.87 	99.32 	61.70 	124.13 	18.97 	168.58 
74314	112.89 	131.46 	94.71 	151.40 	26.62 	220.65 
114031	247.56 	287.78 	159.49 	379.31 	49.61 	493.09 
88814	192.63 	224.26 	115.67 	301.61 	37.85 	378.60 
364528	262.24 	307.31 	247.57 	323.54 	62.96 	504.77 
28564	47.49 	55.09 	38.61 	64.31 	11.59 	92.46 
94569	198.08 	231.44 	134.83 	295.92 	41.06 	393.01 
101106	216.02 	250.35 	151.97 	314.73 	45.05 	426.46 
111140	32.01 	35.99 	33.61 	34.36 	12.57 	55.76 
54679	110.38 	128.70 	80.01 	159.66 	23.85 	218.79 
81900	173.64 	200.95 	124.19 	252.25 	34.21 	346.00 
33733	68.36 	79.10 	49.25 	98.58 	14.05 	134.70 
299645	642.24 	751.99 	379.84 	1018.50 	123.85 	1287.86 
243657	523.75 	609.66 	341.77 	797.06 	106.71 	1041.68 
389372	837.20 	984.73 	534.86 	1283.96 	158.84 	1682.57 
270501	570.64 	663.20 	358.40 	884.35 	114.52 	1129.77 
309164	215.02 	252.93 	198.31 	270.30 	53.62 	421.29 
2426010	436.78 	478.66 	482.44 	430.99 	196.93 	718.30 
132259	284.25 	330.04 	188.69 	427.88 	55.39 	566.42 
182520	389.14 	449.12 	262.28 	579.09 	78.12 	771.14 
115510	218.81 	257.55 	158.78 	319.97 	38.95 	448.98 
253011	479.50 	565.07 	331.22 	720.02 	97.20 	956.55 
518676	746.67 	885.72 	602.79 	1035.48 	149.37 	1523.14 
64442	107.50 	124.23 	87.10 	145.75 	24.31 	209.80 
289069	560.41 	645.27 	404.82 	805.80 	122.94 	1096.61 
132145	263.81 	309.26 	187.12 	388.53 	55.03 	521.52 
256066	466.93 	550.51 	325.92 	693.94 	93.30 	938.66 
536341	1115.29 	1307.26 	711.17 	1719.08 	231.02 	2205.94 
422173	910.58 	1055.80 	578.17 	1393.63 	177.32 	1804.58 
267137	596.41 	693.80 	369.67 	925.14 	115.31 	1189.13 
321151	700.15 	818.66 	437.65 	1087.01 	131.95 	1405.33 
171619	347.39 	405.26 	232.86 	523.31 	65.62 	695.10 
1199398	1791.91 	2123.63 	1532.26 	2382.16 	371.54 	3595.12 
324261	622.03 	716.57 	454.43 	891.80 	141.85 	1209.97 
206118	447.83 	518.47 	281.40 	683.35 	89.07 	881.07 
196980	423.35 	491.18 	281.53 	635.04 	86.94 	838.61 
535337	1052.66 	1224.70 	775.12 	1509.88 	229.46 	2093.37 
2278215	748.79 	868.09 	780.73 	844.60 	234.97 	1407.49 
177679	353.46 	412.51 	247.70 	520.09 	63.99 	710.83 
97256	185.59 	214.83 	143.14 	257.33 	38.25 	367.58 
210298	392.07 	457.18 	292.32 	559.56 	76.35 	793.27 
287472	540.33 	638.98 	388.93 	791.43 	108.03 	1099.73 
311758	622.33 	726.20 	414.60 	940.01 	121.99 	1243.57 
114086	234.88 	273.05 	163.70 	345.90 	45.62 	471.95 
269971	576.77 	671.33 	373.95 	880.07 	109.06 	1155.78 
402704	452.69 	527.66 	408.41 	577.65 	106.19 	886.27 
39020	80.98 	93.95 	53.70 	121.68 	16.61 	160.10 
31065	57.79 	67.33 	44.67 	81.14 	12.20 	114.10 
348605	341.03 	395.49 	316.37 	424.82 	87.27 	655.11 
356602	692.43 	809.57 	488.27 	1014.42 	132.33 	1386.35 
59715	117.74 	136.67 	86.94 	167.06 	25.90 	230.78 
69430	104.56 	119.99 	88.26 	136.89 	26.10 	201.84 
125763	189.45 	219.71 	159.57 	251.50 	46.93 	366.55 
104149	77.48 	87.16 	79.75 	85.65 	28.17 	134.33 
331884	144.47 	164.63 	148.90 	161.12 	54.38 	259.45 
352057	132.61 	151.74 	135.65 	149.86 	45.63 	242.67 
268905	566.78 	665.39 	359.51 	876.28 	107.80 	1138.04 
356335	624.49 	737.63 	487.09 	882.80 	122.19 	1258.06 
690944	430.26 	500.69 	400.10 	532.44 	108.76 	841.13 
401358	573.77 	675.08 	459.87 	796.33 	127.59 	1155.50 
123696	244.44 	284.23 	173.25 	356.69 	51.15 	484.64 
392521	527.25 	618.75 	451.58 	697.76 	111.85 	1039.63 
185276	249.79 	292.92 	213.73 	332.36 	54.95 	498.43 
75636	155.99 	182.23 	113.07 	226.80 	32.41 	309.65 
138232	272.87 	318.68 	196.81 	397.96 	58.41 	537.98 
384856	857.86 	998.41 	526.50 	1340.01 	170.03 	1695.51 
513695	1058.90 	1237.42 	676.86 	1641.41 	218.63 	2097.24 
103500	82.27 	91.93 	81.54 	93.10 	32.14 	145.26 
166287	364.55 	425.90 	218.45 	571.36 	69.89 	724.68 
284180	613.20 	709.02 	384.09 	933.70 	114.84 	1225.47 
400684	778.13 	907.87 	535.54 	1155.49 	169.12 	1535.28 
400557	887.13 	1039.20 	551.13 	1387.85 	168.00 	1768.27 
973279	1629.55 	1924.65 	1356.97 	2202.62 	326.00 	3243.91 
235043	403.33 	468.61 	307.56 	566.33 	92.12 	798.18 
211451	404.30 	472.00 	277.13 	606.37 	89.52 	796.54 
132463	280.04 	328.04 	207.37 	402.26 	59.14 	552.25 
119410	226.18 	264.84 	168.41 	325.56 	42.97 	455.06 
298332	21.44 	21.03 	28.47 	14.23 	18.27 	23.54 
179862	355.19 	415.96 	249.82 	522.60 	69.35 	704.59 
145120	287.04 	336.71 	220.57 	405.41 	61.41 	566.51 
204861	374.85 	430.42 	271.56 	535.26 	92.45 	722.72 
144087	311.30 	361.67 	184.90 	490.02 	60.27 	615.99 
228393	448.59 	525.67 	302.36 	679.14 	90.91 	888.85 
170868	359.51 	418.94 	236.31 	542.54 	72.89 	711.20 
########	8568.14 	9432.76 	9623.23 	8377.74 	4055.46 	14145.44 
513325	718.35 	829.43 	597.89 	964.06 	183.18 	1411.25 
77154	110.02 	126.04 	92.61 	144.44 	30.84 	209.01 
166202	243.28 	280.17 	204.10 	319.09 	67.81 	466.05 
200648	345.10 	401.38 	261.61 	488.78 	81.32 	674.41 
354649	624.11 	727.75 	461.21 	898.59 	138.65 	1227.53 
81651	133.73 	155.94 	101.22 	189.39 	30.29 	263.62 
307822	476.65 	557.46 	360.04 	680.00 	102.27 	946.99 
116888	39.21 	42.15 	44.37 	37.13 	21.60 	60.19 
246534	69.87 	77.24 	75.16 	72.66 	31.01 	117.42 
34212	71.69 	83.25 	47.72 	108.04 	14.95 	140.06 
275836	376.96 	437.00 	317.36 	501.00 	93.54 	735.95 
404539	607.68 	706.51 	510.07 	809.35 	155.32 	1190.92 
558410	311.43 	350.74 	319.63 	344.89 	116.14 	566.15 
160053	267.15 	316.08 	210.99 	375.09 	53.65 	538.81 
278056	333.09 	385.98 	287.07 	434.60 	79.29 	657.80 
319592	384.09 	440.03 	336.92 	493.54 	115.92 	717.45 
1789110	434.38 	488.83 	474.32 	453.62 	180.07 	751.73 
240642	247.79 	287.43 	221.23 	314.84 	68.15 	477.00 
395002	673.05 	786.03 	513.09 	948.64 	154.84 	1322.39 
300026	425.52 	499.09 	360.68 	566.02 	104.89 	838.34 
390374	355.80 	409.39 	332.34 	435.24 	107.37 	673.72 
31255	73.50 	85.20 	43.55 	115.68 	13.98 	145.87 
35813	80.93 	94.65 	49.14 	126.50 	15.48 	161.93 
40130	58.67 	66.76 	50.41 	75.11 	15.62 	110.46 
29703	62.47 	72.79 	43.17 	92.57 	13.17 	123.56 
12956	27.24 	31.71 	13.50 	45.74 	4.21 	54.75 
60683	126.18 	146.80 	88.31 	185.49 	27.29 	247.46 
68343	124.72 	144.94 	94.17 	177.15 	28.53 	240.71 
2333	4.89 	5.74 	2.42 	8.29 	0.77 	10.00 
106665	206.02 	240.60 	156.95 	291.27 	43.48 	406.45 
33252	73.26 	84.61 	47.24 	111.38 	14.37 	145.57 
145037	223.34 	262.55 	176.85 	309.44 	46.21 	446.85 
60530	131.42 	153.03 	76.31 	208.58 	27.78 	259.38 
35658	68.09 	79.07 	52.72 	95.19 	15.91 	132.52 
41511	84.16 	97.94 	60.43 	121.47 	19.20 	163.92 
40200	78.33 	91.74 	59.44 	111.80 	16.98 	154.15 
157655	326.56 	378.20 	246.01 	460.23 	70.88 	641.99 
49557	102.49 	119.86 	71.70 	151.34 	21.10 	202.37 
198871	349.34 	401.94 	264.96 	487.97 	88.89 	674.52 
372123	527.38 	606.75 	443.15 	694.20 	147.39 	1003.80 
273182	314.27 	358.89 	278.93 	397.18 	90.44 	594.12 
365068	378.17 	426.66 	346.24 	461.12 	122.39 	694.71 
110651	109.14 	126.32 	99.49 	135.42 	31.17 	207.84 
130482	176.83 	200.08 	151.50 	227.52 	52.57 	327.93 
134118	277.74 	323.71 	191.89 	411.00 	57.34 	550.54 
112727	223.45 	258.73 	159.20 	324.96 	50.10 	434.30 
83982	125.62 	144.47 	105.33 	165.03 	33.36 	238.41 
68806	118.87 	138.86 	94.45 	163.40 	27.33 	233.12 
87081	137.75 	161.22 	113.00 	185.64 	32.04 	273.88 
124672	201.92 	233.16 	167.43 	268.74 	53.41 	386.63 
93738	206.71 	240.77 	136.60 	312.33 	41.79 	409.55 
299285	263.86 	308.92 	239.47 	333.84 	53.27 	517.91 
56711	101.83 	119.05 	79.11 	141.91 	23.30 	199.49 
42219	76.96 	89.82 	58.62 	108.65 	16.39 	151.44 
23986	49.69 	57.65 	35.70 	71.97 	10.18 	98.53 
43765	64.96 	74.95 	54.40 	85.89 	15.06 	126.72 
75923	131.57 	151.52 	104.24 	180.74 	30.30 	258.53 
102647	198.02 	229.47 	140.47 	289.24 	42.49 	387.47 
77143	90.37 	104.37 	82.12 	113.60 	24.23 	169.38 
485186	459.64 	527.33 	434.36 	554.82 	148.21 	853.37 
151607	179.71 	205.63 	159.65 	226.24 	53.22 	336.30 
549261	503.76 	570.54 	488.16 	589.35 	187.06 	901.22 
1370346	105.21 	100.76 	141.02 	64.47 	95.28 	106.76 
1158636	970.44 	1141.71 	879.01 	1236.19 	246.78 	1903.48 
281421	376.25 	438.92 	325.31 	492.64 	97.24 	737.49 
161177	298.28 	345.96 	226.27 	421.74 	68.29 	589.05 
241888	258.61 	292.81 	238.35 	315.02 	84.60 	473.76 
147812	235.46 	272.30 	184.50 	323.26 	56.89 	457.87 
69349	150.17 	173.76 	92.66 	232.47 	29.80 	296.75 
189239	268.18 	309.55 	222.41 	356.18 	73.30 	513.23 
168201	243.95 	283.05 	205.73 	323.77 	63.39 	475.23 
418480	629.52 	726.42 	505.86 	853.25 	156.88 	1222.06 
50025	110.81 	129.50 	65.81 	175.16 	21.22 	221.30 
313400	603.87 	712.06 	451.86 	871.86 	118.84 	1221.39 
66526	124.60 	145.26 	100.07 	171.05 	27.53 	245.61 
818791	965.44 	1140.21 	828.66 	1286.02 	208.70 	1939.75 
171403	298.00 	346.10 	223.18 	419.58 	72.89 	581.94 
248252	414.56 	488.77 	325.35 	583.37 	85.90 	830.73 
282669	465.95 	542.47 	334.62 	680.50 	101.91 	916.71 
211370	431.20 	500.83 	264.37 	671.71 	89.95 	850.24 
349149	568.47 	666.24 	440.59 	799.29 	117.98 	1134.53 
151402	234.78 	275.24 	179.70 	332.25 	54.62 	465.55 
128761	257.59 	301.57 	169.23 	393.38 	54.56 	509.16 
542113	681.95 	801.78 	571.10 	922.29 	151.78 	1366.51 
284826	370.71 	428.00 	312.94 	487.79 	96.60 	718.43 
717478	44.78 	43.15 	59.36 	28.70 	38.18 	47.67 
458270	210.67 	218.93 	249.43 	181.10 	140.86 	290.15 
50617	96.76 	114.31 	73.35 	138.66 	21.19 	191.68 
683002	445.92 	495.34 	468.80 	478.66 	199.43 	757.19 
104490	206.13 	239.74 	154.12 	292.30 	45.17 	400.68 
479770	285.43 	300.64 	324.69 	265.54 	172.06 	422.77 
443407	269.38 	288.01 	290.88 	267.63 	142.43 	420.67 
90261	185.86 	214.28 	121.79 	277.84 	38.28 	366.35 
246594	271.80 	311.25 	243.19 	342.29 	81.98 	510.91 
298863	218.63 	240.61 	223.84 	237.15 	94.87 	369.07 
123112	116.32 	129.83 	114.57 	133.43 	48.67 	199.97 
457936	437.13 	494.33 	414.34 	520.31 	152.58 	792.77 
373057	461.39 	534.18 	395.62 	605.52 	128.32 	887.94 
242185	405.03 	469.36 	309.51 	568.31 	94.84 	794.36 
28769	62.90 	72.84 	40.02 	96.31 	12.67 	125.34 
508652	181.58 	198.88 	199.28 	181.56 	88.43 	294.76 
42545	91.72 	106.71 	61.32 	137.33 	18.74 	181.78 
197713	354.97 	414.81 	264.92 	507.60 	74.27 	705.92 
380904	341.54 	388.07 	324.54 	408.94 	114.11 	625.04 
463215	445.02 	505.19 	420.07 	533.92 	147.50 	811.67 
301572	469.07 	546.17 	385.07 	636.45 	118.80 	915.96 
337004	473.40 	548.54 	396.80 	628.25 	119.81 	917.92 
287719	445.33 	521.14 	364.66 	602.28 	106.35 	873.91 
433032	609.67 	711.70 	517.12 	809.67 	162.01 	1178.16 
511829	490.50 	562.98 	461.57 	594.54 	158.12 	910.22 
217400	381.28 	440.24 	289.77 	532.24 	95.10 	735.94 
414281	643.30 	743.79 	513.16 	880.68 	156.39 	1253.47 
150447	272.94 	317.32 	202.06 	390.70 	65.51 	529.70 
270591	424.23 	493.05 	308.59 	615.65 	99.60 	821.42 
429070	356.44 	409.30 	334.81 	434.19 	108.73 	676.25 
89337	183.67 	212.72 	108.87 	286.51 	35.93 	360.32 
274538	387.42 	450.35 	321.23 	521.58 	101.02 	751.64 
148766	108.37 	117.81 	113.89 	113.02 	53.46 	174.87 
855767	498.24 	540.55 	522.10 	520.13 	232.13 	821.08 
379306	530.57 	620.16 	442.74 	710.55 	130.40 	1042.26 
672368	614.95 	687.35 	608.45 	699.16 	250.26 	1067.25 
730749	447.11 	475.30 	505.43 	418.21 	259.90 	671.83 
459053	277.34 	313.47 	282.51 	310.49 	111.04 	488.75 
447060	593.71 	690.09 	517.39 	771.61 	172.00 	1135.04 
315892	200.40 	216.65 	216.23 	202.48 	98.15 	322.84 
246392	116.30 	123.71 	131.10 	110.05 	65.93 	176.14 
724016	767.60 	869.76 	728.88 	916.05 	280.02 	1386.26 
1107637	340.93 	352.90 	410.24 	286.13 	229.91 	464.58 
370761	94.59 	94.28 	117.95 	71.33 	72.84 	117.86 
572446	217.97 	222.49 	261.08 	179.87 	153.13 	290.34 
529593	468.96 	523.79 	462.39 	530.93 	192.53 	812.49 
1012906	378.65 	388.99 	443.53 	324.43 	253.89 	515.23 
5044579	370.66 	322.32 	550.41 	142.34 	428.32 	237.55 
581910	361.30 	383.99 	398.21 	348.75 	200.13 	546.20 
322312	411.18 	471.68 	359.85 	524.75 	123.22 	775.16 
714891	163.59 	160.01 	207.26 	116.29 	132.61 	188.38 
261228	305.50 	341.40 	281.50 	366.81 	106.84 	550.48 
343644	415.08 	483.80 	360.21 	547.31 	105.95 	812.89 
154711	214.25 	246.11 	184.07 	277.13 	59.86 	410.52 
165922	162.33 	182.95 	158.09 	188.21 	62.33 	286.17 
191842	320.58 	369.18 	259.38 	433.69 	86.89 	615.04 
481330	260.28 	271.08 	299.18 	234.25 	164.47 	369.71 
441235	364.54 	402.42 	369.46 	400.90 	155.50 	624.56 
556559	450.18 	496.33 	457.19 	493.26 	200.14 	763.91 
403657	241.02 	263.20 	255.85 	250.22 	115.19 	397.60 
578788	175.17 	173.05 	223.25 	126.16 	142.69 	203.73 
991813	247.94 	251.35 	318.04 	182.29 	195.28 	298.68 
172709	312.23 	362.73 	234.67 	443.14 	72.08 	612.05 
172943	278.09 	322.87 	213.94 	388.77 	64.93 	548.15 
119305	251.92 	295.15 	169.64 	379.04 	51.58 	497.74 
141401	289.17 	338.56 	210.09 	418.25 	61.00 	573.48 
218451	283.57 	334.69 	237.28 	384.59 	66.48 	562.63 
151225	316.73 	370.00 	215.79 	473.68 	64.69 	627.39 
77999	153.30 	178.20 	119.07 	213.00 	32.48 	302.52 
145051	270.82 	314.43 	202.63 	383.66 	61.27 	531.02 
49692	105.22 	121.93 	69.00 	158.67 	21.10 	208.74 
207171	386.16 	450.41 	274.78 	564.38 	87.41 	758.23 
146163	295.32 	343.90 	206.13 	436.91 	64.33 	579.73 
765848	587.97 	685.34 	537.94 	736.39 	155.65 	1147.84 
126909	255.66 	294.03 	165.87 	387.17 	54.88 	498.30 
969691	327.61 	358.30 	364.53 	323.04 	166.07 	529.30 
562202	317.81 	346.85 	340.10 	326.45 	148.90 	527.42 
604415	477.59 	518.84 	498.17 	498.76 	228.03 	777.32 
413298	520.86 	596.04 	477.08 	645.97 	154.22 	984.34 
431542	267.47 	278.65 	307.97 	239.61 	168.96 	383.77 
354322	367.75 	412.17 	355.54 	428.88 	129.45 	667.89 
390023	359.28 	396.90 	366.14 	392.30 	156.95 	610.78 
463906	34.99 	34.98 	44.84 	25.21 	26.12 	43.19 
921295	693.36 	794.97 	667.85 	816.89 	228.25 	1291.03 
923615	486.53 	544.50 	508.54 	526.99 	208.12 	830.26 
1242213	713.85 	794.24 	741.38 	775.77 	290.01 	1248.43 
802656	710.46 	806.46 	693.45 	826.30 	257.19 	1284.86 
3473012	381.26 	382.53 	498.72 	268.33 	297.59 	457.37 
1450476	1230.59 	1362.24 	1216.07 	1385.06 	479.42 	2173.29 
995697	857.28 	949.00 	855.06 	959.33 	337.78 	1495.84 
1253918	671.25 	744.79 	698.37 	724.21 	277.77 	1165.00 
485368	632.74 	725.47 	537.11 	823.00 	164.85 	1218.72 
699632	439.67 	480.60 	472.14 	451.04 	220.83 	711.36 
951248	491.44 	532.24 	527.87 	501.44 	234.32 	814.20 
753997	440.82 	470.83 	485.56 	432.20 	242.00 	681.05 
1736821	784.88 	853.44 	871.53 	770.20 	385.50 	1272.16 
1299062	796.52 	865.31 	836.77 	831.84 	358.89 	1340.12 
1461954	832.81 	922.10 	873.49 	892.98 	372.76 	1404.93 
1450253	939.37 	1062.89 	927.21 	1080.03 	338.85 	1720.45 
613164	434.81 	476.69 	459.67 	453.55 	208.12 	720.28 
949532	544.14 	597.27 	576.32 	571.25 	254.11 	898.24 
1179776	662.61 	741.46 	688.19 	721.65 	277.89 	1148.90 
843466	737.10 	838.84 	694.04 	885.52 	244.36 	1365.69 
931875	580.18 	643.73 	596.37 	629.13 	244.75 	998.64 
1247502	683.97 	746.50 	743.22 	692.93 	334.51 	1122.50 
885860	157.19 	159.04 	202.27 	114.68 	121.20 	192.31 
747877	417.46 	464.73 	429.63 	455.65 	165.85 	740.81 
785086	723.39 	812.09 	681.13 	857.76 	237.26 	1326.97 
594088	723.14 	841.06 	622.66 	945.88 	177.60 	1422.75 
729403	120.93 	131.40 	137.81 	116.12 	61.07 	194.65 
725160	852.27 	988.74 	743.93 	1099.44 	223.79 	1659.17 
43683	52.71 	60.77 	44.76 	69.02 	14.52 	101.98 
661040	53.71 	49.58 	75.81 	27.57 	52.87 	46.74 
572687	632.71 	731.13 	575.09 	795.45 	186.68 	1213.35 
629157	266.75 	299.82 	277.28 	290.81 	103.35 	471.23 
638757	760.54 	870.58 	681.68 	956.15 	211.95 	1441.79 
909506	766.45 	862.48 	752.12 	887.40 	269.18 	1395.59 
904762	744.45 	843.22 	725.53 	871.53 	270.45 	1350.06 
666766	359.58 	400.41 	377.46 	386.44 	150.85 	621.61 
779094	741.40 	864.19 	677.27 	931.64 	192.13 	1438.15 
490810	562.71 	647.81 	513.05 	703.80 	162.00 	1076.33 
581872	831.36 	958.11 	697.91 	1093.27 	224.01 	1598.17 
2455355	733.62 	759.96 	880.22 	620.88 	479.49 	1029.36 
1786945	967.16 	1077.73 	1026.57 	1024.63 	416.75 	1671.96 
1132743	749.40 	840.33 	752.68 	841.11 	277.41 	1349.49 
805317	416.59 	455.46 	451.52 	424.09 	198.05 	688.98 
534012	159.02 	159.68 	197.29 	122.98 	116.75 	203.50 
619962	693.82 	796.38 	633.67 	864.46 	191.13 	1331.27 
2082519	599.28 	632.93 	720.18 	514.64 	385.46 	846.21 
1188935	446.40 	489.53 	486.04 	451.97 	201.75 	742.00 
570432	65.98 	66.81 	84.10 	48.89 	48.98 	82.94 
504936	339.42 	368.62 	360.64 	351.73 	162.79 	557.38 
490140	438.66 	493.73 	431.57 	502.60 	166.60 	781.52 
655833	334.60 	347.10 	391.65 	291.57 	220.49 	464.16 
645810	549.34 	609.53 	550.62 	611.02 	233.78 	952.07 
508248	405.15 	451.40 	413.03 	451.48 	170.78 	698.44 
459257	299.54 	319.30 	326.98 	294.97 	164.60 	459.27 
445180	495.42 	559.04 	462.63 	597.92 	169.57 	898.28 
628783	649.52 	735.81 	609.65 	781.87 	225.89 	1181.85 
298106	174.33 	184.22 	195.15 	164.87 	102.12 	258.38 
380768	292.84 	322.53 	296.64 	321.16 	126.67 	495.02 
746717	312.28 	357.79 	317.31 	352.81 	103.89 	580.64 
526035	370.82 	418.65 	372.49 	421.26 	136.80 	670.87 
208427	289.73 	331.29 	246.28 	373.57 	78.89 	558.35 
362242	281.72 	329.66 	263.19 	351.27 	69.63 	555.92 
336354	370.26 	420.17 	339.83 	450.94 	114.11 	689.95 
1366297	759.31 	811.97 	833.91 	742.74 	412.63 	1178.49 
613098	372.68 	394.88 	411.19 	357.64 	208.95 	562.92 
561487	286.07 	293.98 	337.20 	244.71 	194.74 	387.08 
713243	435.30 	460.69 	491.45 	408.28 	259.00 	649.12 
1359477	495.84 	504.77 	614.52 	386.08 	374.73 	624.05 
715800	370.39 	383.39 	430.02 	325.21 	239.34 	518.58 
830721	429.70 	444.66 	498.39 	379.32 	278.82 	593.04 
1054987	628.73 	673.10 	692.40 	617.20 	337.75 	976.89 
1034085	584.78 	615.74 	662.60 	542.20 	348.76 	851.20 
600695	484.36 	550.05 	465.56 	572.37 	166.53 	888.99 
4268296	1003.96 	1096.46 	1169.38 	937.13 	545.02 	1556.83 
534749	435.32 	476.24 	448.47 	466.31 	195.08 	730.56 
390203	289.03 	323.77 	290.78 	322.76 	110.77 	510.64 
589550	414.25 	440.08 	455.92 	400.33 	226.54 	635.94 
1124997	639.80 	702.37 	694.54 	652.14 	309.10 	1049.74 
848522	360.44 	375.07 	422.75 	316.14 	226.70 	516.16 
448024	231.79 	243.46 	264.75 	212.63 	137.65 	346.84 
1325987	391.59 	405.96 	483.94 	314.97 	271.04 	530.08 
631164	302.79 	310.86 	358.00 	256.42 	199.57 	417.56 
735916	298.81 	306.99 	354.05 	253.04 	200.21 	411.59 
652332	255.85 	267.38 	296.13 	229.41 	152.65 	375.81 
538103	492.24 	550.52 	479.28 	568.50 	179.62 	883.19 
609900	280.62 	301.72 	315.88 	269.77 	150.20 	440.88 
684765	311.78 	319.76 	367.39 	264.73 	204.29 	430.99 
628221	215.57 	227.47 	248.13 	196.45 	123.56 	325.90 
1226771	846.72 	968.12 	822.33 	1004.56 	283.47 	1563.77 
581863	448.07 	498.62 	451.19 	496.57 	182.16 	774.02 
392683	352.78 	396.06 	342.09 	407.39 	130.22 	630.58 
481847	393.36 	436.49 	398.57 	432.48 	170.81 	666.42 
767599	424.16 	444.44 	478.77 	393.31 	253.41 	620.21 
1184291	409.54 	426.30 	483.58 	354.86 	255.49 	588.20 
760824	318.60 	332.06 	379.24 	276.17 	204.51 	456.05 
977939	481.07 	493.53 	571.04 	406.53 	329.98 	647.47 
789679	377.35 	392.76 	430.66 	342.52 	229.28 	549.08 
1203381	727.50 	787.14 	789.52 	728.03 	361.31 	1176.29 
992290	1014.60 	1154.42 	955.52 	1224.17 	328.16 	1880.11 
897799	752.72 	846.93 	740.32 	858.78 	276.37 	1344.53 
881287	672.03 	741.96 	703.14 	714.80 	298.87 	1134.96 
610779	318.30 	336.47 	356.30 	300.12 	176.77 	487.62 
2151840	584.91 	618.44 	700.74 	506.07 	366.56 	836.28 
484184	596.68 	685.54 	518.28 	773.32 	161.93 	1147.23 
896593	723.59 	806.04 	729.43 	805.09 	298.26 	1266.21 
930460	422.33 	437.07 	500.41 	361.69 	275.54 	589.96 
819693	786.16 	884.51 	774.27 	905.45 	289.77 	1414.69 
79679	48.85 	53.08 	51.87 	50.34 	22.07 	80.64 
########	4075.31 	3888.07 	5591.04 	2399.06 	3775.17 	4088.38 
791054	111.96 	112.71 	139.97 	84.44 	83.23 	139.95 
185607	351.72 	408.89 	254.38 	509.34 	78.25 	688.29 
276904	347.92 	402.71 	289.73 	464.86 	92.45 	668.99 
362895	281.25 	310.40 	281.61 	310.34 	120.78 	483.37 
358963	196.72 	213.13 	211.94 	199.69 	99.45 	316.11 
301103	396.00 	454.29 	345.17 	507.34 	114.79 	744.91 
161670	212.08 	248.79 	179.38 	283.55 	52.36 	418.29 
230504	206.16 	235.29 	193.88 	249.64 	68.28 	379.51 
155445	298.14 	343.10 	218.79 	427.50 	65.88 	577.34 
179780	290.28 	339.07 	228.60 	403.18 	65.40 	574.94 
181144	343.16 	397.43 	246.05 	497.18 	79.58 	668.92 
259030	301.97 	340.63 	277.09 	368.44 	100.15 	547.88 
347034	375.67 	434.16 	337.66 	473.83 	106.02 	719.32 
766198	214.69 	233.75 	237.20 	212.56 	110.61 	336.06 
322548	474.06 	552.89 	397.11 	633.07 	120.39 	927.10 
408211	200.48 	220.62 	211.69 	210.89 	91.68 	336.32 
340848	213.56 	234.62 	224.17 	225.71 	97.46 	355.41 
462317	400.12 	451.52 	389.36 	466.46 	139.93 	725.96 
237704	224.52 	256.26 	207.22 	274.26 	67.99 	422.72 
963999	443.49 	497.10 	454.75 	488.17 	174.17 	771.31 
290451	206.17 	224.49 	213.28 	218.13 	94.26 	342.78 
359861	260.77 	286.09 	265.89 	281.10 	116.13 	436.76 
592398	687.19 	778.60 	633.55 	838.82 	232.85 	1250.48 
268062	342.79 	399.14 	302.33 	442.63 	89.88 	666.03 
406522	496.93 	566.49 	441.19 	628.48 	148.21 	937.05 
449382	413.70 	465.51 	406.15 	478.37 	157.85 	733.52 
417738	359.69 	406.61 	354.05 	414.45 	137.51 	642.30 
363526	255.84 	278.62 	268.86 	267.08 	120.71 	423.22 
1886016	790.26 	909.18 	799.83 	902.31 	242.12 	1485.19 
210447	358.77 	411.28 	276.28 	499.16 	85.08 	702.00 
191148	242.75 	281.07 	212.07 	312.43 	61.74 	478.58 
355735	481.85 	560.34 	408.41 	638.39 	121.45 	944.08 
244807	359.52 	418.69 	291.75 	485.94 	78.38 	713.29 
214232	330.74 	384.62 	271.55 	446.42 	74.95 	655.74 
284215	518.02 	602.20 	386.65 	736.74 	106.31 	1030.53 
163410	296.44 	349.88 	222.58 	427.32 	54.39 	611.95 
673223	424.48 	473.96 	424.93 	476.01 	170.07 	742.69 
1261012	769.29 	899.38 	744.98 	925.68 	239.98 	1457.89 
241088	368.15 	426.98 	301.25 	497.64 	92.38 	711.31 
223852	361.89 	419.51 	296.31 	488.96 	89.05 	703.47 
400564	533.80 	618.16 	461.39 	697.18 	141.04 	1031.62 
149586	272.67 	318.93 	197.13 	395.73 	52.79 	548.07 
139499	226.53 	264.51 	174.34 	317.90 	46.75 	452.17 
167243	275.75 	321.46 	209.71 	389.16 	61.60 	549.02 
418927	217.51 	238.90 	227.65 	230.42 	91.67 	371.18 
290755	293.14 	333.58 	271.65 	357.12 	94.38 	543.52 
523166	326.79 	362.09 	334.10 	360.02 	141.78 	558.66 
265927	218.51 	245.63 	213.89 	251.30 	83.59 	389.36 
215089	369.34 	437.28 	281.27 	533.14 	80.24 	738.75 
309588	215.96 	237.01 	223.86 	230.56 	99.60 	357.20 
235552	376.35 	442.44 	291.90 	530.02 	82.97 	755.24 
658502	487.92 	570.95 	463.98 	598.27 	131.32 	941.66 
84848	174.08 	203.66 	127.58 	249.43 	37.17 	344.31 
1280287	532.14 	596.49 	554.37 	577.26 	218.73 	916.02 
111639	190.50 	220.34 	146.69 	265.66 	46.92 	369.83 
246539	157.91 	173.91 	164.12 	168.09 	72.03 	264.70 
107536	163.33 	193.01 	126.72 	230.65 	32.94 	331.79 
466174	398.58 	444.10 	400.98 	446.20 	165.08 	690.94 
241895	370.40 	432.58 	296.76 	510.71 	88.65 	728.02 
319187	315.95 	361.77 	292.20 	388.91 	99.07 	596.23 
61574	131.87 	154.12 	88.17 	198.71 	27.04 	260.45 
67396	108.04 	124.83 	78.76 	153.80 	26.02 	208.76 
150799	229.75 	268.11 	184.99 	314.25 	51.71 	454.83 
133474	209.88 	241.64 	173.28 	280.20 	55.43 	400.66 
95151	179.31 	208.93 	131.49 	257.80 	39.13 	355.35 
760521	486.30 	531.16 	507.50 	512.40 	230.06 	806.65 
250410	75.07 	81.74 	83.66 	72.87 	38.35 	118.96 
291435	194.10 	220.71 	190.31 	227.15 	68.16 	357.12 
109357	213.89 	248.14 	146.69 	317.67 	45.57 	422.34 
149801	183.72 	209.82 	167.72 	227.70 	57.79 	341.26 
372199	242.45 	269.27 	249.40 	263.96 	101.33 	414.17 
483775	286.52 	323.45 	292.08 	318.06 	113.89 	506.45 
290291	369.43 	430.56 	305.09 	500.46 	86.98 	729.99 
146646	130.65 	149.72 	117.40 	162.54 	38.91 	248.26 
451185	275.73 	301.66 	298.23 	282.27 	126.49 	459.87 
291166	160.97 	177.73 	167.84 	172.15 	71.60 	272.54 
125177	128.20 	146.26 	117.30 	158.44 	40.21 	240.06 
180382	323.67 	376.38 	245.61 	455.87 	76.40 	636.76 
594908	681.09 	790.19 	591.54 	883.70 	193.53 	1308.64 
538854	214.09 	247.73 	212.48 	251.49 	63.51 	405.50 
346094	423.51 	493.83 	364.14 	556.72 	104.19 	834.35 
114125	209.30 	243.09 	148.99 	305.77 	46.55 	407.78 
348901	480.62 	562.16 	402.56 	641.31 	107.53 	953.36 
245449	364.39 	421.71 	291.82 	498.02 	84.77 	717.59 
253748	451.34 	528.77 	336.49 	643.40 	94.48 	899.27 
542600	566.14 	665.06 	492.60 	743.10 	129.44 	1126.59 
351796	534.90 	622.58 	434.92 	725.59 	131.34 	1045.91 
119872	237.66 	277.80 	161.99 	355.43 	50.57 	471.24 
246337	206.55 	242.12 	189.92 	260.75 	52.18 	408.68 
115130	176.41 	203.31 	136.21 	244.77 	42.22 	346.11 
369988	154.16 	161.56 	176.87 	139.81 	92.96 	225.29 
4322808	460.19 	454.19 	596.79 	322.48 	366.67 	535.83 
130087	224.55 	258.33 	174.70 	308.20 	56.51 	435.92 
165847	175.71 	204.82 	153.20 	229.72 	41.14 	347.09 
109855	209.40 	243.76 	150.73 	303.88 	46.73 	411.34 
306961	488.70 	567.37 	387.97 	670.79 	116.54 	954.57 
109599	180.80 	210.18 	140.07 	252.93 	42.03 	353.24 
549894	503.52 	573.88 	475.56 	608.56 	147.89 	957.89 
494152	664.42 	770.22 	547.98 	891.33 	165.94 	1299.33 
219569	288.35 	331.00 	252.15 	371.19 	78.74 	550.24 
222026	236.89 	267.36 	226.93 	279.27 	87.47 	426.11 
273893	403.64 	474.39 	331.68 	548.06 	87.24 	804.02 
148088	211.36 	249.16 	171.19 	290.73 	45.92 	420.94 
161622	286.48 	336.77 	207.08 	418.79 	58.29 	571.77 
86465	182.78 	216.91 	125.97 	274.97 	37.75 	367.61 
162963	282.71 	328.32 	216.56 	394.82 	65.66 	550.80 
116539	197.23 	232.31 	150.31 	280.82 	37.66 	398.39 
1621249	1137.28 	1307.77 	1095.49 	1367.86 	339.15 	2183.10 
566284	897.16 	1041.37 	721.96 	1223.04 	207.34 	1770.21 
809016	1050.29 	1212.43 	929.01 	1344.78 	271.52 	2060.14 
642628	1002.71 	1168.89 	803.69 	1389.31 	224.32 	2000.92 
681901	889.35 	1021.15 	762.41 	1157.10 	226.26 	1728.91 
666826	627.10 	710.08 	588.34 	752.36 	206.75 	1155.03 
1293754	1000.40 	1109.14 	1034.15 	1087.52 	420.50 	1727.70 
436992	61.46 	62.96 	75.56 	49.06 	41.35 	82.57 
424459	470.13 	546.46 	412.53 	608.74 	118.73 	920.72 
543547	629.99 	729.62 	551.68 	811.35 	163.58 	1216.39 
129539	146.00 	165.68 	135.98 	176.77 	46.69 	273.82 
276744	282.83 	318.47 	267.30 	337.25 	93.39 	526.39 
265134	405.90 	471.64 	329.56 	552.65 	96.24 	801.19 
1041903	567.54 	638.89 	571.84 	640.29 	213.68 	1022.94 
260202	165.01 	182.53 	169.07 	179.81 	67.04 	287.31 
150503	163.78 	184.49 	152.61 	196.78 	55.55 	300.24 
1131227	1240.87 	1415.15 	1148.98 	1516.66 	394.57 	2301.28 
419468	410.35 	466.31 	392.94 	487.10 	142.59 	758.07 
100989	202.26 	234.80 	136.58 	302.56 	42.04 	400.42 
687511	894.30 	1039.22 	749.42 	1186.38 	214.16 	1756.08 
1118737	1114.81 	1293.30 	1031.67 	1385.53 	273.92 	2170.64 
154472	315.35 	370.53 	230.46 	458.29 	63.15 	631.85 
941730	1280.60 	1481.03 	1059.11 	1712.63 	339.09 	2479.21 
382994	606.85 	708.90 	476.22 	849.60 	139.93 	1206.77 
273687	533.08 	623.14 	364.77 	794.64 	109.29 	1060.31 
676793	938.41 	1078.40 	777.97 	1236.54 	238.73 	1821.50 
885563	1140.29 	1317.66 	982.40 	1481.59 	309.44 	2210.64 
828746	52.27 	50.46 	69.24 	33.28 	44.30 	56.35 
1356205	1196.11 	1355.20 	1167.04 	1398.56 	416.29 	2170.32 
519660	550.59 	629.42 	507.86 	679.38 	168.65 	1039.34 
467931	606.61 	704.26 	536.16 	783.63 	157.91 	1179.05 
830409	784.24 	886.84 	750.85 	929.18 	274.94 	1445.16 
689717	666.69 	762.63 	622.82 	813.43 	208.19 	1265.99 
726165	260.02 	265.96 	311.42 	216.49 	180.65 	348.18 
1067326	765.83 	837.79 	785.05 	820.85 	353.68 	1273.44 
906151	646.59 	720.09 	654.12 	713.94 	269.17 	1127.23 
224026	65.57 	68.73 	79.29 	55.60 	43.53 	90.64 
590434	534.37 	610.19 	500.41 	648.77 	176.21 	997.43 
69162	147.41 	170.58 	88.28 	231.21 	28.69 	289.50 
69031	147.92 	172.40 	96.28 	224.96 	31.17 	290.69 
96297	162.55 	189.79 	129.43 	225.23 	37.33 	318.42 
74125	157.96 	183.43 	96.41 	247.70 	29.24 	318.09 
37455	74.31 	86.48 	36.18 	124.95 	11.45 	150.13 
70727	149.13 	173.46 	79.37 	244.03 	26.35 	302.08 
55078	110.41 	127.47 	78.52 	160.69 	23.14 	218.79 
737452	198.90 	205.95 	244.13 	162.82 	138.47 	266.21 
55524	119.62 	139.65 	69.33 	189.86 	22.53 	236.40 
41885	85.17 	99.07 	59.12 	125.84 	18.24 	166.89 
64161	126.39 	146.20 	90.28 	183.30 	28.17 	246.01 
44473	90.09 	104.73 	60.90 	134.03 	18.32 	177.90 
102586	218.90 	253.17 	141.49 	332.64 	43.15 	435.56 
77784	152.06 	177.89 	111.37 	219.39 	32.13 	301.58 
881060	480.08 	554.58 	472.37 	565.10 	137.83 	918.80 
215925	279.91 	317.41 	251.27 	347.04 	86.05 	520.19 
188529	337.71 	389.40 	245.81 	481.27 	73.64 	666.25 
951203	824.10 	927.12 	793.36 	960.33 	291.43 	1490.41 
840421	681.16 	773.07 	649.74 	810.96 	218.96 	1277.23 
1408763	789.15 	884.76 	812.08 	864.32 	316.37 	1397.42 
52514	92.35 	107.83 	73.42 	127.46 	21.13 	182.31 
295030	374.45 	435.26 	322.94 	491.20 	90.18 	737.44 
101745	100.18 	112.48 	96.73 	116.36 	35.69 	180.11 
242912	246.76 	276.36 	238.15 	287.11 	91.29 	444.74 
115438	178.31 	206.55 	147.97 	238.74 	42.15 	345.43 
125337	158.78 	182.36 	142.82 	199.25 	44.30 	305.03 
457372	233.40 	270.88 	223.92 	280.84 	65.14 	454.27 
138094	161.09 	187.85 	141.50 	208.22 	39.73 	317.08 
4596453	454.07 	454.29 	571.30 	339.74 	335.74 	563.98 
1237436	430.84 	476.21 	466.15 	444.66 	191.19 	728.69 
448344	109.90 	120.12 	123.00 	107.66 	55.42 	176.67 
715383	163.96 	168.52 	200.05 	133.34 	112.42 	219.87 
306840	122.63 	129.84 	136.42 	117.21 	66.12 	188.35 
910997	33.93 	23.68 	57.92 	0.00 	55.46 	0.00 
681659	275.69 	288.22 	316.30 	248.72 	169.81 	397.42 
523487	319.32 	359.77 	326.45 	353.57 	122.12 	578.16 
719902	385.35 	420.50 	411.84 	397.66 	184.76 	633.97 
768696	348.51 	374.00 	388.53 	336.06 	180.91 	553.86 
857889	156.54 	164.58 	187.37 	134.72 	99.94 	221.68 
240753	223.84 	254.86 	210.56 	270.91 	72.61 	416.69 
638293	408.19 	462.08 	402.86 	469.77 	147.57 	744.92 
309351	366.44 	421.12 	330.11 	462.18 	99.03 	708.06 
747447	1017.95 	1180.70 	860.99 	1344.03 	260.76 	1994.06 
364155	449.30 	515.23 	397.98 	572.85 	120.71 	864.26 
345870	449.58 	521.56 	382.36 	593.25 	106.97 	891.62 
363601	356.98 	399.72 	337.68 	419.50 	124.79 	646.77 
313365	435.15 	505.12 	361.55 	584.49 	102.67 	856.48 
306347	289.99 	331.59 	266.10 	360.11 	84.39 	557.39 
209089	328.72 	376.10 	264.60 	442.94 	86.23 	633.43 
345199	444.74 	510.38 	391.96 	566.38 	126.66 	852.12 
708159	577.37 	681.00 	552.26 	702.62 	149.70 	1130.20 
875551	702.35 	774.92 	712.00 	766.59 	291.61 	1208.21 
655799	937.25 	1084.20 	778.15 	1255.60 	221.93 	1850.65 
787910	493.15 	555.25 	509.84 	539.61 	177.95 	886.62 
978751	1278.99 	1473.31 	1095.41 	1662.62 	356.74 	2441.41 
1115461	1182.56 	1364.79 	1036.52 	1519.87 	343.60 	2253.86 
500640	713.52 	826.96 	580.10 	971.39 	183.83 	1372.74 
963905	776.63 	880.40 	715.06 	955.81 	246.97 	1452.12 
941944	1262.08 	1450.30 	1114.26 	1605.14 	345.58 	2417.86 
788335	108.67 	115.07 	129.98 	94.50 	64.49 	158.24 
799929	802.34 	915.26 	751.32 	970.98 	240.18 	1516.76 
397405	288.66 	321.43 	297.49 	316.40 	117.03 	507.51 
1063612	792.72 	873.45 	801.59 	868.26 	321.06 	1382.68 
375212	660.59 	772.49 	495.55 	946.48 	134.56 	1324.36 
921032	1120.64 	1294.85 	976.85 	1442.35 	283.92 	2180.77 
1200079	480.09 	532.86 	510.68 	501.73 	213.37 	806.63 
550445	184.80 	189.81 	222.07 	154.66 	124.71 	250.05 
425086	268.63 	290.29 	288.95 	272.48 	131.17 	440.12 
384689	188.89 	201.83 	210.90 	180.33 	99.66 	298.63 
1092795	1031.78 	1153.92 	967.98 	1225.33 	385.26 	1839.89 
56286	117.50 	136.68 	72.29 	183.41 	22.77 	233.11 
129402	253.57 	294.78 	183.27 	367.78 	53.18 	500.31 
70875	145.81 	169.20 	93.69 	222.92 	28.82 	289.94 
83316	144.67 	168.38 	116.15 	197.53 	31.62 	285.04 
46530	98.73 	114.78 	60.18 	154.47 	19.54 	196.15 
58517	127.04 	147.27 	78.12 	197.65 	25.17 	250.31 
79683	167.06 	193.23 	100.05 	260.76 	30.78 	333.24 
33136	70.04 	81.14 	44.06 	107.68 	14.11 	137.07 
50366	106.73 	124.95 	64.86 	167.46 	20.72 	212.99 
48368	103.46 	119.85 	65.54 	158.78 	20.74 	205.79 
48740	102.31 	120.07 	62.17 	161.12 	19.72 	205.87 
59393	127.24 	148.58 	72.48 	203.14 	23.69 	252.93 
31334	66.27 	77.10 	39.02 	104.74 	12.59 	131.54 
55224	120.60 	141.15 	68.92 	193.48 	22.10 	239.63 
82188	170.35 	198.42 	91.70 	277.94 	31.04 	342.39 
26091	52.29 	61.17 	27.59 	86.33 	9.10 	105.75 
68362	143.46 	167.48 	96.15 	215.34 	29.42 	283.14 
64455	131.39 	153.97 	86.39 	200.69 	27.20 	259.54 
961624	639.21 	724.97 	615.17 	751.21 	208.64 	1183.12 
227625	132.68 	144.40 	141.55 	135.81 	62.39 	218.95 
613807	642.30 	737.96 	593.49 	795.42 	195.98 	1215.36 
502454	428.38 	481.19 	418.97 	491.24 	169.96 	755.14 
688987	692.13 	779.89 	644.51 	833.41 	230.44 	1273.48 
491368	831.61 	959.81 	613.09 	1189.18 	177.61 	1649.76 
199913	365.94 	428.33 	249.68 	551.54 	77.90 	731.95 
400692	804.98 	933.31 	521.52 	1228.03 	166.98 	1584.12 
194162	316.70 	368.00 	244.38 	444.50 	74.53 	623.35 
628490	327.28 	377.53 	320.77 	386.24 	91.73 	628.67 
344889	603.15 	705.16 	467.52 	845.44 	127.62 	1203.81 
141117	283.41 	328.23 	163.83 	449.30 	52.84 	564.67 
130483	240.72 	282.01 	184.03 	339.96 	52.41 	478.12 
288512	189.70 	214.67 	186.97 	217.78 	67.27 	348.21 
595129	288.32 	321.19 	291.59 	319.57 	111.88 	511.30 
319450	282.27 	313.83 	278.60 	321.57 	106.94 	502.40 
45640	62.92 	72.11 	53.04 	82.56 	16.82 	121.48 
163904	275.48 	320.78 	201.56 	396.33 	64.94 	542.39 
201819	343.15 	401.52 	256.00 	492.05 	79.22 	676.59 
402951	552.59 	642.70 	467.43 	733.24 	136.32 	1084.28 
189750	168.55 	192.84 	160.98 	201.55 	54.13 	314.54 
991403	442.78 	500.47 	465.65 	482.88 	174.18 	780.36 
154519	295.72 	343.48 	212.48 	430.89 	65.70 	582.42 
127870	276.50 	319.50 	160.54 	437.58 	53.90 	547.35 
165476	319.32 	372.38 	213.03 	478.59 	70.00 	625.04 
150804	281.85 	329.76 	199.76 	415.78 	65.17 	559.54 
712949	393.43 	436.00 	421.03 	413.78 	174.29 	667.45 
157221	258.13 	298.99 	207.33 	349.97 	62.20 	504.98 
335182	660.82 	774.34 	494.92 	946.03 	143.41 	1317.92 
262203	373.78 	433.71 	319.58 	492.04 	102.97 	721.24 
241405	428.90 	499.77 	318.23 	612.49 	97.52 	842.12 
208440	276.91 	318.51 	232.00 	365.58 	73.35 	532.84 
196784	272.11 	315.31 	223.87 	363.02 	71.02 	526.00 
350108	673.99 	779.21 	483.36 	974.50 	149.94 	1321.78 
414444	775.14 	901.21 	546.68 	1137.03 	166.67 	1528.64 
158654	315.05 	363.10 	213.47 	467.78 	67.64 	623.21 
226594	405.86 	469.15 	305.00 	573.01 	100.15 	795.99 
215942	381.42 	446.60 	292.70 	539.74 	85.23 	753.27 
339971	425.43 	483.83 	376.70 	536.09 	134.67 	792.92 
978643	720.99 	789.63 	776.59 	744.07 	330.98 	1181.40 
4723479	261.06 	185.37 	446.39 	0.00 	347.50 	0.00 
1178997	666.90 	699.03 	773.77 	599.10 	393.13 	960.32 
908651	228.07 	244.19 	265.51 	207.43 	118.29 	348.09 
897002	244.69 	253.20 	292.29 	205.67 	148.61 	343.58 
1617647	528.05 	574.20 	589.46 	514.02 	248.96 	857.29 
1088354	184.81 	195.40 	219.21 	161.36 	99.08 	271.98 
269449	189.00 	221.24 	185.37 	225.04 	47.34 	370.32 
978196	711.28 	771.17 	781.54 	704.44 	362.53 	1119.69 
814382	662.23 	733.25 	690.40 	708.68 	283.86 	1109.09 
517195	631.87 	723.35 	596.17 	763.83 	204.50 	1157.39 
1790352	200.59 	201.78 	258.69 	144.73 	139.85 	243.43 
740703	1058.04 	1244.34 	887.40 	1414.89 	206.90 	2123.73 
258982	532.96 	613.18 	374.73 	772.07 	113.86 	1041.08 
250438	529.17 	614.20 	364.18 	785.66 	111.14 	1040.11 
48016	87.20 	101.13 	69.33 	119.45 	20.36 	170.04 
501649	772.06 	905.49 	630.03 	1049.29 	172.06 	1510.10 
285270	505.08 	588.21 	385.41 	710.76 	122.88 	977.47 
187812	382.92 	441.23 	286.02 	538.48 	88.44 	752.89 
268197	546.14 	639.44 	375.80 	812.78 	117.93 	1071.57 
216280	403.28 	467.11 	304.68 	567.71 	94.66 	789.46 
617369	624.77 	723.29 	571.44 	779.76 	168.03 	1186.25 
309589	379.33 	427.72 	348.96 	460.67 	119.29 	685.05 
38034	84.01 	97.59 	50.93 	130.80 	16.79 	166.61 
553809	538.03 	612.23 	521.69 	631.18 	176.01 	968.07 
296938	507.76 	589.22 	411.30 	690.69 	119.27 	990.70 
164594	268.14 	313.11 	218.02 	364.27 	61.76 	519.60 
280140	448.08 	521.89 	364.55 	610.21 	104.83 	873.14 
43365	94.89 	109.62 	57.74 	147.17 	18.22 	187.89 
223617	357.96 	410.36 	295.77 	471.72 	95.69 	680.95 
269377	357.91 	419.65 	304.70 	474.86 	81.51 	704.63 
103376	173.73 	203.97 	136.62 	243.15 	38.62 	343.87 
506531	150.58 	169.35 	160.57 	160.60 	58.59 	267.82 
219605	407.00 	473.31 	303.53 	579.02 	82.46 	808.19 
57463	123.32 	144.41 	81.09 	187.94 	24.59 	244.93 
337414	688.47 	797.63 	474.35 	1023.32 	149.40 	1354.36 
187675	336.22 	396.29 	260.33 	472.59 	59.83 	686.43 
109192	182.72 	213.04 	144.87 	253.54 	41.27 	360.90 
368745	724.42 	849.93 	513.51 	1062.16 	148.25 	1445.69 
60441	128.47 	151.48 	85.44 	196.85 	25.97 	255.86 
254514	406.13 	469.58 	333.85 	547.71 	99.69 	792.14 
130368	219.03 	253.12 	181.93 	290.27 	55.56 	422.30 
300793	451.52 	525.70 	379.26 	600.52 	105.38 	879.59 
87102	83.47 	96.93 	74.45 	106.62 	21.75 	163.53 
3732258	800.45 	909.86 	848.72 	868.85 	302.39 	1409.36 
167226	252.52 	296.68 	208.54 	343.62 	53.73 	503.23 
72214	141.26 	162.79 	100.93 	204.13 	30.84 	275.88 
142131	278.95 	322.70 	203.33 	399.20 	60.43 	544.16 
94883	188.74 	218.79 	134.66 	273.61 	39.64 	370.10 
89193	178.22 	205.03 	127.34 	257.21 	40.37 	347.45 
38257	82.74 	96.57 	55.29 	123.95 	16.92 	163.09 
63903	131.92 	153.01 	91.49 	193.89 	29.40 	255.57 
62253	134.25 	155.75 	83.65 	206.77 	26.54 	266.77 
189100	397.46 	457.48 	262.73 	593.88 	89.37 	771.34 
81417	145.81 	168.93 	110.87 	204.23 	35.49 	279.75 
932344	638.18 	748.65 	583.85 	808.08 	157.45 	1260.06 
131211	263.75 	304.79 	193.51 	378.51 	57.50 	517.75 
73742	149.76 	173.02 	106.30 	218.17 	34.67 	289.14 
40388	87.63 	101.81 	49.35 	141.01 	17.91 	171.11 
143798	251.75 	291.96 	190.15 	356.16 	61.27 	491.80 
107709	218.92 	254.01 	151.10 	323.42 	47.47 	430.00 
289119	514.00 	605.85 	400.15 	719.76 	111.58 	1015.67 
151691	287.72 	330.60 	226.15 	395.53 	68.02 	559.74 
71260	160.00 	184.53 	95.14 	250.16 	30.38 	317.27 
520324	542.15 	637.34 	465.00 	719.59 	113.99 	1095.49 
215083	384.70 	452.93 	274.98 	562.55 	72.00 	773.00 
227752	442.66 	512.81 	328.28 	628.33 	100.35 	864.46 
122840	260.62 	303.23 	175.62 	388.59 	53.66 	513.39 
257206	504.11 	586.26 	367.28 	731.50 	109.97 	997.27 
455618	310.27 	359.96 	297.27 	372.85 	93.01 	587.07 
71242	155.98 	180.62 	95.94 	242.21 	31.22 	308.20 
228369	446.61 	519.86 	312.76 	656.09 	88.13 	888.49 
83803	183.33 	211.87 	108.47 	288.62 	35.33 	360.83 
544839	793.21 	929.03 	634.24 	1091.47 	157.52 	1595.76 
27494	59.82 	69.35 	34.52 	95.55 	11.38 	119.37 
177328	314.17 	363.61 	251.78 	428.20 	75.95 	612.99 
159449	274.34 	319.92 	218.63 	376.58 	63.92 	536.91 
377798	600.47 	692.02 	477.05 	820.77 	153.79 	1152.04 
166056	142.58 	166.28 	131.38 	178.97 	34.93 	281.36 
170188	322.66 	373.87 	243.80 	455.52 	73.11 	630.47 
192350	393.15 	453.88 	279.14 	572.13 	85.78 	766.85 
152837	306.68 	358.30 	223.72 	442.59 	66.51 	598.55 
303081	511.15 	596.30 	417.97 	693.19 	120.11 	993.95 
569169	723.04 	832.08 	630.48 	926.74 	206.97 	1358.94 
377532	32.91 	33.67 	40.57 	26.13 	22.49 	43.56 
84132	36.70 	42.17 	36.35 	42.73 	11.23 	69.02 
432387	310.13 	361.23 	292.50 	377.84 	75.66 	586.97 
480505	865.97 	1008.60 	670.92 	1214.18 	186.28 	1707.39 
291133	245.19 	274.54 	237.90 	283.27 	90.04 	441.62 
164247	317.45 	368.30 	236.44 	451.76 	76.05 	613.17 
847837	1037.68 	1194.16 	895.51 	1352.83 	298.42 	1991.54 
423141	673.68 	777.67 	540.69 	921.13 	171.57 	1299.29 
501557	23.86 	20.53 	35.47 	9.12 	28.02 	15.10 
287350	508.11 	587.39 	401.10 	695.41 	118.68 	988.10 
228043	230.20 	259.00 	221.31 	269.43 	87.85 	405.53 
406962	480.78 	541.46 	432.83 	592.67 	159.97 	879.87 
350121	554.05 	640.00 	438.62 	760.37 	145.74 	1067.60 
42146	85.75 	99.81 	41.99 	143.78 	13.22 	173.27 
507128	747.41 	872.30 	641.75 	986.91 	179.48 	1463.58 
38429	98.28 	113.65 	54.89 	157.63 	16.89 	196.67 
57642	141.26 	162.91 	92.53 	213.71 	26.56 	279.19 
47503	114.52 	133.69 	78.16 	171.47 	22.53 	225.91 
37299	91.29 	105.52 	50.98 	145.94 	15.63 	181.53 
75226	154.57 	181.11 	119.88 	217.01 	28.91 	308.60 
43445	100.96 	117.94 	67.53 	151.16 	19.86 	198.96 
108162	264.42 	310.60 	172.79 	406.24 	49.49 	527.36 
50889	120.72 	141.93 	83.01 	180.65 	22.16 	242.03 
84985	205.77 	238.14 	117.66 	325.69 	37.40 	408.90 
107842	252.71 	294.63 	178.31 	371.17 	47.25 	503.94 
52131	131.24 	152.94 	83.76 	201.77 	24.58 	261.30 
29397	72.74 	84.05 	35.25 	121.99 	10.23 	148.58 
50861	126.97 	146.96 	83.72 	192.17 	23.04 	252.51 
60015	137.79 	159.90 	101.44 	196.16 	27.50 	274.99 
321267	181.75 	217.49 	177.41 	226.20 	33.61 	386.45 
58136	138.97 	160.80 	74.51 	226.26 	22.49 	281.08 
48665	105.32 	123.08 	52.55 	175.88 	15.43 	213.92 
30914	77.65 	90.96 	46.92 	122.18 	13.75 	157.44 
37205	91.10 	105.64 	51.62 	146.16 	15.62 	182.75 
42454	105.62 	121.70 	63.41 	164.98 	19.34 	209.38 
22692	51.08 	59.37 	25.23 	85.67 	7.48 	102.78 
53977	122.56 	144.24 	90.06 	177.20 	23.21 	244.38 
67327	159.43 	187.84 	108.21 	240.05 	29.12 	320.81 
36212	78.42 	91.46 	38.86 	131.48 	11.81 	159.74 
121796	279.77 	328.91 	196.62 	413.15 	45.65 	565.53 
36245	81.44 	94.31 	39.96 	135.96 	12.02 	166.22 
45655	110.15 	128.18 	60.00 	178.60 	19.21 	220.39 
42397	104.20 	119.97 	63.07 	161.23 	19.21 	206.68 
48814	116.32 	134.41 	81.35 	169.74 	22.38 	232.89 
10734	25.97 	30.53 	13.00 	43.88 	3.83 	53.28 
16274	35.81 	41.59 	17.36 	60.68 	5.31 	73.47 
18785	42.72 	49.53 	31.74 	60.80 	8.78 	83.63 
17209	43.44 	50.07 	21.43 	72.21 	6.23 	88.34 
24649	60.37 	70.58 	35.23 	96.01 	10.89 	120.84 
10824	24.53 	28.42 	11.86 	41.32 	3.55 	50.07 
7650	17.18 	19.96 	8.50 	28.76 	2.49 	34.94 
41865	104.34 	120.19 	59.84 	165.15 	18.60 	205.31 
33197	75.40 	88.53 	37.41 	126.95 	11.06 	153.28 
37566	86.36 	100.48 	42.53 	144.87 	12.72 	175.33 
17696	39.68 	46.53 	19.67 	66.58 	5.86 	80.50 
60664	133.78 	156.30 	103.37 	187.20 	26.36 	262.97 
33157	81.39 	95.24 	54.63 	121.98 	15.04 	162.15 
14310	31.82 	36.90 	15.65 	53.09 	4.77 	64.60 
15151	34.76 	40.52 	17.12 	58.49 	5.03 	71.06 
17936	44.62 	51.91 	28.33 	68.63 	8.48 	87.90 
37214	95.88 	110.66 	56.59 	151.31 	17.14 	190.94 
19977	44.56 	52.14 	22.42 	74.35 	6.67 	91.07 
47915	113.87 	131.79 	60.76 	186.12 	18.84 	227.22 
24584	53.79 	63.13 	26.68 	90.85 	7.91 	109.80 
19403	49.61 	57.40 	30.37 	76.93 	8.86 	98.21 
31449	80.52 	94.45 	44.95 	130.22 	13.31 	162.69 
34190	86.02 	100.07 	48.96 	137.95 	14.75 	171.58 
62538	150.67 	176.76 	104.23 	224.58 	28.43 	304.34 
17932	41.68 	48.64 	20.54 	70.14 	6.18 	84.82 
45597	114.05 	133.97 	68.48 	180.30 	20.97 	227.72 
18862	44.08 	51.50 	22.09 	73.72 	6.56 	88.97 
30104	69.65 	80.79 	33.88 	116.94 	9.99 	141.13 
50672	116.68 	136.94 	57.17 	197.14 	17.25 	238.33 
15046	33.23 	38.66 	16.44 	55.58 	4.87 	67.54 
133018	311.65 	367.08 	217.72 	463.96 	51.76 	634.42 
52969	131.43 	151.84 	77.48 	207.05 	23.63 	261.32 
35948	90.94 	105.68 	51.16 	145.85 	15.96 	182.07 
13751	31.18 	36.42 	15.14 	52.55 	4.52 	63.40 
23758	52.57 	61.70 	26.21 	88.97 	7.78 	107.94 
21431	48.03 	56.09 	23.93 	80.17 	7.10 	97.95 
11596	27.27 	32.22 	13.48 	46.57 	4.01 	56.14 
68131	173.78 	201.05 	97.82 	277.31 	31.48 	343.08 
16066	38.62 	44.80 	19.25 	64.82 	5.64 	77.78 
22016	49.89 	58.07 	24.61 	84.02 	7.31 	102.17 
52949	131.23 	151.46 	83.52 	199.93 	24.58 	261.33 
80016	191.95 	225.26 	117.47 	300.65 	35.60 	383.49 
55218	136.22 	159.01 	87.46 	207.74 	24.70 	271.25 
########	27743.09 	32348.32 	26052.53 	34286.94 	7549.48 	53775.03 
946033	972.83 	1117.08 	897.97 	1190.65 	274.04 	1841.21 
352633	586.23 	678.65 	483.51 	786.42 	147.36 	1127.24 
283706	470.50 	541.31 	387.39 	624.36 	116.88 	911.17 
313734	518.38 	599.10 	437.13 	683.80 	132.18 	994.48 
660432	1094.47 	1270.83 	922.61 	1455.39 	278.34 	2097.02 
101394	216.26 	251.68 	153.11 	317.74 	45.39 	426.30 
38997	89.27 	103.26 	63.78 	129.03 	19.06 	175.19 
218293	404.31 	471.08 	310.91 	564.79 	88.68 	791.83 
197995	324.68 	381.19 	258.66 	449.65 	70.50 	642.03 
125405	290.15 	338.55 	202.53 	428.64 	55.94 	578.22 
210506	434.49 	501.56 	334.76 	606.36 	94.84 	847.71 
364856	689.87 	793.78 	532.24 	956.54 	162.15 	1331.52 
294512	511.92 	594.98 	409.19 	700.84 	110.97 	1004.46 
495788	1085.36 	1268.40 	739.18 	1621.59 	214.31 	2143.07 
137909	283.43 	328.56 	200.31 	414.88 	61.92 	556.07 
364766	735.50 	861.63 	533.88 	1068.41 	144.29 	1458.81 
187955	324.91 	378.94 	265.60 	439.98 	66.53 	648.82 
300081	370.49 	440.70 	320.68 	493.31 	75.85 	748.69 
91773	198.93 	231.25 	123.69 	307.09 	39.90 	393.32 
734764	1158.41 	1325.43 	941.13 	1544.91 	295.13 	2201.55 
927978	1403.27 	1635.79 	1168.74 	1890.25 	346.03 	2726.04 
636467	672.40 	763.35 	622.99 	815.73 	212.07 	1236.57 
563815	1086.51 	1266.27 	792.30 	1570.44 	230.84 	2153.48 
296985	534.39 	617.09 	395.00 	760.69 	122.92 	1038.87 
402963	771.92 	907.51 	568.42 	1114.92 	170.96 	1526.34 
1455421	2121.24 	2462.61 	1750.08 	2837.93 	517.42 	4152.34 
1424076	1336.69 	1540.98 	1209.95 	1672.32 	355.99 	2578.02 
417086	841.20 	981.18 	583.91 	1244.98 	173.61 	1663.87 
807648	1717.75 	1994.37 	1217.25 	2497.41 	349.26 	3370.94 
378949	673.68 	782.97 	527.94 	938.05 	147.33 	1334.72 
287008	564.57 	660.48 	408.38 	817.66 	122.83 	1108.62 
485386	980.01 	1130.82 	705.97 	1414.00 	207.34 	1942.39 
494275	809.24 	951.46 	654.32 	1117.89 	170.70 	1609.08 
261836	492.73 	578.74 	371.82 	698.82 	109.39 	961.09 
474524	970.95 	1129.55 	684.41 	1422.37 	198.53 	1924.24 
544192	749.73 	869.23 	648.77 	974.92 	179.90 	1454.92 
346864	702.32 	810.63 	529.90 	986.91 	155.27 	1361.26 
287349	597.56 	697.63 	457.37 	843.83 	127.75 	1180.46 
176167	125.63 	141.48 	126.08 	141.91 	45.67 	222.33 
170554	341.96 	394.79 	250.58 	486.34 	76.71 	671.12 
222457	338.08 	392.32 	278.55 	454.33 	80.32 	654.71 
309066	267.56 	303.18 	256.36 	316.14 	90.27 	483.64 
312812	186.48 	211.39 	189.90 	208.62 	68.66 	333.62 
297261	572.66 	665.99 	433.05 	812.17 	118.04 	1135.80 
186975	349.24 	411.65 	261.08 	501.59 	73.21 	701.56 
222423	436.47 	513.75 	323.11 	629.47 	90.70 	870.56 
778845	285.27 	326.24 	290.28 	321.17 	91.37 	517.02 
278678	327.14 	374.44 	293.43 	411.44 	94.49 	611.96 
843299	687.27 	780.44 	694.81 	777.56 	246.56 	1243.27 
1385000	1056.47 	1197.74 	1031.62 	1225.96 	385.14 	1885.34 
411794	504.55 	581.00 	456.20 	636.52 	147.28 	949.54 
536441	817.18 	953.32 	669.46 	1110.22 	193.58 	1601.44 
113235	128.13 	149.91 	114.46 	164.94 	28.48 	250.54 
161233	189.68 	222.41 	167.97 	244.80 	43.87 	375.19 
403781	422.72 	487.74 	380.96 	534.05 	111.64 	816.52 
385930	555.58 	643.43 	469.53 	730.49 	148.22 	1069.08 
541130	699.90 	819.02 	612.03 	908.19 	185.61 	1351.81 
405978	561.47 	648.94 	474.77 	740.04 	135.15 	1084.23 
799401	1004.93 	1182.87 	838.27 	1350.24 	200.12 	2002.73 
204770	347.81 	401.29 	280.61 	472.78 	88.70 	674.78 
282447	541.50 	633.00 	380.34 	793.33 	110.15 	1069.15 
437691	638.81 	732.41 	548.22 	828.54 	164.95 	1210.51 
204841	358.21 	413.03 	290.43 	486.37 	91.47 	689.10 
240537	472.47 	552.38 	343.46 	686.60 	97.26 	943.32 
157950	339.10 	394.45 	228.55 	505.58 	69.29 	669.62 
291928	527.16 	620.00 	409.52 	740.66 	118.48 	1045.65 
199622	304.32 	351.34 	259.59 	397.74 	83.58 	580.25 
111352	252.80 	294.53 	169.30 	378.31 	50.17 	496.27 
351284	524.69 	610.54 	437.30 	701.88 	128.37 	1019.83 
105579	218.86 	253.28 	154.53 	319.27 	46.40 	428.82 
178903	292.07 	338.50 	244.00 	387.84 	71.92 	563.29 
198362	344.02 	399.29 	274.02 	468.39 	79.25 	664.34 
592664	194.24 	204.54 	227.18 	171.41 	109.56 	278.91 
327476	353.50 	397.38 	339.64 	413.99 	127.54 	621.45 
260084	432.23 	498.84 	349.74 	584.91 	115.01 	828.38 
173049	261.77 	299.02 	228.20 	335.49 	72.88 	491.61 
318122	336.58 	380.82 	321.83 	398.61 	117.19 	604.02 
220964	452.39 	531.06 	323.95 	658.25 	97.81 	889.73 
309766	429.29 	493.83 	371.73 	552.66 	122.27 	809.90 
468027	510.26 	580.75 	465.72 	633.49 	151.91 	948.30 
160334	276.86 	321.03 	227.65 	370.86 	70.80 	535.49 
187752	339.15 	392.42 	262.48 	469.31 	79.77 	657.98 
405173	551.59 	639.21 	490.66 	699.34 	153.65 	1048.23 
188353	220.57 	255.42 	193.46 	284.91 	56.16 	425.38 
316911	539.32 	626.24 	445.44 	723.78 	131.54 	1040.62 
76310	150.98 	176.18 	115.33 	212.55 	32.85 	299.38 
167573	328.79 	381.59 	249.86 	463.84 	71.81 	643.49 
172619	337.03 	396.10 	243.08 	492.56 	65.01 	677.37 
476782	407.98 	466.67 	384.31 	489.74 	123.11 	762.73 
560985	1106.92 	1278.89 	839.33 	1550.15 	236.91 	2145.98 
158803	269.69 	312.44 	214.76 	367.65 	62.92 	529.33 
310785	563.44 	656.69 	436.96 	786.06 	120.17 	1109.67 
408193	802.47 	926.40 	611.85 	1120.90 	183.04 	1562.97 
104995	191.36 	223.89 	148.82 	267.39 	40.07 	380.28 
304449	553.05 	641.32 	431.91 	766.40 	136.85 	1057.59 
545795	853.37 	987.65 	700.75 	1136.66 	206.25 	1651.55 
368741	706.55 	818.04 	533.20 	992.29 	144.34 	1406.04 
331265	395.33 	464.58 	340.68 	521.75 	90.25 	783.00 
226533	461.74 	533.09 	340.20 	654.49 	96.54 	915.91 
412964	634.25 	732.54 	536.25 	839.39 	165.15 	1226.04 
429803	585.27 	676.87 	501.62 	769.85 	146.61 	1128.78 
340566	266.33 	306.33 	260.09 	314.68 	74.45 	506.14 
92833	144.71 	167.96 	120.58 	192.90 	37.10 	278.41 
509135	903.71 	1045.16 	705.07 	1244.90 	211.03 	1766.89 
434417	563.52 	648.24 	489.59 	722.13 	142.38 	1085.47 
429536	237.69 	268.18 	245.30 	261.50 	86.90 	415.46 
248179	387.75 	451.16 	321.25 	519.12 	80.23 	774.37 
151035	188.56 	216.61 	164.38 	242.89 	48.16 	361.00 
294006	297.95 	337.99 	280.34 	357.94 	97.04 	546.67 
3344545	352.22 	363.95 	433.91 	282.83 	226.77 	477.22 
254653	492.34 	573.65 	359.19 	709.33 	100.68 	978.64 
415266	775.71 	906.33 	583.71 	1104.76 	169.43 	1535.76 
345390	342.38 	382.32 	325.99 	399.81 	116.62 	609.60 
173790	260.63 	300.26 	218.34 	342.54 	67.73 	497.10 
442815	707.21 	830.57 	577.77 	962.01 	155.43 	1403.42 
268385	501.71 	585.59 	389.74 	700.43 	109.89 	995.01 
398344	648.63 	741.55 	532.62 	866.69 	172.05 	1232.61 
182779	346.68 	403.20 	268.37 	483.06 	77.72 	678.08 
458324	797.10 	932.53 	633.63 	1106.09 	183.64 	1586.90 
301462	471.59 	546.84 	400.94 	619.79 	112.70 	912.76 
331382	544.40 	642.87 	447.66 	743.74 	109.62 	1100.09 
179186	326.07 	378.27 	250.95 	454.83 	76.83 	631.31 
374873	644.92 	747.94 	514.28 	883.69 	147.23 	1266.61 
456200	798.77 	932.10 	620.83 	1110.23 	175.26 	1563.25 
178554	313.40 	363.38 	258.05 	418.48 	73.08 	606.22 
383880	675.47 	788.77 	526.81 	941.94 	145.57 	1340.58 
826686	766.49 	881.90 	747.57 	907.21 	234.57 	1427.07 
2684831	193.09 	171.25 	283.28 	83.58 	214.40 	141.62 
490843	535.24 	615.96 	485.85 	669.00 	161.66 	1005.02 
646298	712.54 	820.52 	643.33 	889.20 	194.42 	1369.05 
453999	349.35 	398.86 	342.56 	406.46 	117.42 	647.94 
1972205	404.95 	413.13 	493.13 	328.79 	277.18 	535.10 
1745826	540.51 	602.15 	594.38 	550.75 	248.58 	898.98 
1395565	471.51 	522.72 	513.88 	482.27 	211.23 	787.74 
1126511	267.22 	297.58 	291.71 	276.25 	114.75 	455.28 
785875	306.01 	335.80 	335.75 	308.47 	149.49 	503.76 
1791645	443.13 	478.71 	509.95 	414.60 	233.96 	697.02 
259839	474.69 	553.33 	358.66 	672.43 	101.04 	948.19 
238236	326.11 	381.84 	278.66 	431.09 	80.01 	644.15 
1665597	69.63 	50.59 	115.98 	3.74 	108.67 	6.48 
703721	735.55 	860.78 	670.35 	937.55 	183.33 	1437.50 
1687831	487.84 	529.03 	545.92 	472.77 	239.96 	784.57 
216058	111.76 	122.42 	120.19 	114.74 	50.51 	186.30 
518078	194.16 	211.52 	217.43 	189.53 	98.94 	313.07 
390556	210.65 	236.73 	220.11 	228.96 	82.62 	370.08 
509363	539.85 	626.80 	494.47 	675.76 	140.89 	1050.27 
696877	663.33 	755.52 	633.42 	792.33 	206.33 	1238.74 
529622	316.44 	346.80 	333.17 	333.30 	138.36 	534.90 
1380866	839.03 	932.35 	908.60 	865.91 	372.59 	1427.86 
861973	269.40 	281.75 	326.00 	226.73 	172.89 	378.69 
492097	209.30 	219.51 	242.12 	187.84 	125.03 	305.83 
652326	217.75 	230.99 	254.91 	195.41 	126.84 	324.12 
587581	60.40 	58.51 	81.05 	38.65 	51.75 	66.00 
775841	239.45 	254.46 	280.69 	214.49 	142.18 	355.11 
945236	283.16 	294.86 	336.30 	243.54 	178.20 	400.31 
789492	381.91 	412.33 	421.96 	375.80 	194.88 	609.77 
915972	487.45 	542.25 	510.55 	520.35 	201.62 	833.92 
1008555	126.74 	129.33 	157.35 	99.11 	86.29 	167.19 
572071	560.03 	633.15 	537.00 	661.88 	189.58 	1023.89 
629584	460.59 	518.01 	465.23 	515.68 	169.71 	828.86 
194649	259.12 	297.99 	230.84 	328.36 	76.53 	489.83 
487925	251.83 	279.54 	265.27 	267.50 	108.37 	428.62 
386398	362.52 	416.92 	341.41 	439.11 	108.37 	680.33 
1368871	316.10 	334.40 	368.52 	284.23 	179.67 	469.71 
806463	310.08 	340.24 	336.16 	317.37 	137.60 	519.40 
104240	215.08 	251.03 	163.79 	301.59 	47.02 	423.83 
381813	300.08 	342.80 	287.27 	358.59 	94.80 	558.40 
609803	392.28 	455.93 	370.76 	478.75 	110.65 	754.05 
225280	340.27 	399.61 	278.22 	462.64 	76.87 	675.24 
353711	445.67 	524.01 	381.33 	590.51 	108.30 	881.78 
135695	247.17 	291.72 	186.98 	353.62 	51.29 	490.14 
194150	278.18 	325.48 	239.96 	366.90 	72.65 	537.21 
200009	366.64 	425.39 	285.66 	507.64 	87.29 	714.69 
108796	106.79 	126.14 	95.45 	138.00 	24.65 	213.30 
1746764	322.35 	339.32 	380.79 	284.38 	186.77 	475.30 
588834	414.55 	477.68 	398.00 	496.74 	126.74 	783.10 
1031989	146.22 	153.21 	181.25 	119.12 	91.67 	203.31 
738743	594.01 	676.85 	574.34 	699.21 	185.71 	1108.15 
565562	555.60 	646.65 	513.39 	696.11 	145.23 	1088.52 
2030465	416.75 	438.49 	492.09 	366.21 	250.09 	611.75 
1236368	452.63 	498.46 	505.25 	445.38 	214.81 	745.47 
1144144	287.86 	308.93 	333.86 	266.64 	152.66 	448.73 
255053	347.80 	395.38 	314.51 	432.38 	106.52 	643.81 
475029	564.34 	652.32 	511.94 	713.88 	153.26 	1082.05 
258865	508.60 	592.90 	379.80 	728.49 	111.41 	1004.36 
375683	402.71 	457.05 	383.66 	479.86 	133.65 	741.93 
731303	85.21 	89.15 	103.24 	71.98 	51.30 	121.66 
455045	509.72 	576.06 	469.42 	619.12 	165.66 	954.02 
860535	386.36 	420.64 	419.74 	386.51 	182.09 	632.21 
462500	21.29 	15.10 	36.50 	0.00 	35.12 	0.00 
1536070	405.24 	440.36 	455.07 	393.76 	196.09 	655.57 
760793	666.31 	765.61 	632.91 	800.43 	210.86 	1247.72 
420620	410.35 	477.45 	380.33 	512.65 	101.28 	803.60 
1281187	806.14 	913.18 	824.07 	904.45 	290.30 	1464.96 
1950094	460.36 	492.30 	528.02 	426.35 	245.58 	708.44 
1184305	661.23 	740.11 	698.80 	710.48 	265.72 	1168.32 
347211	326.45 	366.00 	314.45 	376.98 	117.75 	581.27 
419908	371.26 	427.60 	351.75 	447.71 	118.42 	686.41 
1444788	332.72 	338.30 	419.01 	253.79 	241.23 	428.40 
374692	362.74 	419.35 	334.27 	448.38 	105.30 	692.42 
641317	178.87 	194.36 	202.72 	171.59 	91.04 	286.43 
703463	212.31 	225.09 	244.62 	193.96 	124.02 	313.89 
1649920	656.15 	720.98 	727.49 	656.70 	316.62 	1082.64 
3076558	315.61 	322.77 	402.82 	239.59 	224.17 	403.49 
592753	363.33 	408.77 	371.38 	405.65 	137.45 	650.80 
197203	208.33 	242.24 	186.83 	267.85 	53.54 	409.40 
688713	471.71 	543.85 	457.22 	565.01 	137.77 	896.17 
243654	246.88 	279.46 	238.00 	291.43 	85.20 	451.57 
257343	356.20 	414.39 	311.02 	462.73 	88.46 	695.48 
387209	491.56 	571.85 	423.77 	646.25 	117.83 	963.88 
244807	304.42 	349.65 	268.76 	386.64 	85.16 	581.95 
623149	419.33 	491.28 	406.77 	507.38 	111.11 	818.55 
368669	562.87 	649.31 	466.06 	755.06 	132.35 	1106.41 
276230	459.69 	537.25 	359.30 	639.74 	99.43 	920.43 
357554	506.30 	586.84 	430.00 	667.91 	129.48 	986.45 
237261	360.84 	421.59 	294.03 	491.29 	83.21 	716.82 
228796	311.18 	369.12 	263.81 	417.76 	66.03 	631.97 
168512	265.53 	310.35 	213.45 	364.19 	65.76 	517.69 
130045	238.27 	279.35 	167.68 	352.47 	45.89 	481.33 
420320	671.66 	781.91 	535.91 	921.99 	146.39 	1344.29 
283568	415.07 	482.09 	345.21 	557.62 	96.51 	825.60 
424381	466.89 	546.88 	417.92 	604.03 	111.62 	924.44 
297965	472.79 	548.48 	375.06 	649.82 	115.09 	922.74 
270599	372.01 	444.03 	305.48 	511.44 	73.29 	763.55 
187547	306.92 	354.90 	244.24 	419.02 	76.47 	600.07 
122920	195.39 	227.20 	154.87 	268.89 	47.52 	384.28 
711574	519.15 	605.56 	491.84 	635.64 	147.17 	997.15 
493913	456.72 	532.80 	418.52 	578.17 	124.57 	892.08 
320378	383.69 	445.64 	328.37 	504.29 	98.59 	747.95 
521613	285.74 	326.74 	286.48 	327.58 	92.14 	535.43 
134898	240.87 	279.76 	188.74 	334.60 	56.03 	474.77 
172822	299.26 	347.45 	233.05 	417.69 	69.06 	588.27 
452539	505.38 	584.98 	451.45 	642.88 	132.67 	977.79 
85236	143.45 	167.05 	115.36 	195.79 	34.16 	281.85 
110757	184.14 	213.09 	144.40 	254.39 	45.51 	355.84 
879324	33.80 	27.16 	52.59 	8.77 	43.99 	15.09 
1947148	566.57 	610.02 	640.92 	542.96 	301.32 	890.93 
854152	410.34 	464.34 	432.12 	447.22 	156.36 	731.68 
1011462	908.67 	1038.71 	848.25 	1106.54 	269.92 	1721.99 
264595	331.22 	392.82 	288.13 	439.71 	67.45 	673.90 
1307606	284.05 	286.39 	358.63 	212.75 	215.86 	355.86 
2070795	112.13 	92.12 	174.75 	30.49 	147.72 	51.00 
1474828	591.97 	646.29 	639.38 	602.81 	269.64 	992.32 
1145126	212.84 	224.52 	255.78 	181.89 	135.03 	299.25 
663851	39.59 	35.55 	57.19 	18.52 	42.23 	31.54 
491739	392.32 	447.32 	384.25 	459.16 	132.16 	725.02 
308898	440.56 	506.76 	368.70 	577.56 	116.74 	842.52 
343846	370.76 	429.74 	332.76 	470.06 	97.16 	725.66 
348165	467.50 	543.92 	396.79 	616.25 	117.15 	917.05 
147675	215.68 	252.94 	172.40 	299.77 	46.95 	431.40 
118920	224.94 	261.20 	156.74 	331.11 	48.54 	443.89 
101069	192.01 	223.38 	142.41 	274.35 	42.86 	377.61 
270337	454.48 	527.03 	350.04 	633.70 	100.02 	906.92 
135039	248.43 	289.27 	185.39 	354.90 	55.76 	492.48 
224707	277.50 	325.27 	236.54 	370.14 	62.73 	552.64 
362589	217.45 	253.68 	209.19 	261.52 	54.70 	424.20 
109411	204.22 	238.49 	147.18 	297.69 	44.75 	404.26 
874994	263.71 	288.37 	295.73 	256.76 	134.85 	421.99 
2604942	219.36 	203.80 	314.46 	112.43 	220.89 	190.98 
210262	205.67 	234.94 	195.48 	246.56 	73.42 	373.84 
592275	383.42 	430.43 	397.05 	419.95 	157.87 	666.62 
160486	249.32 	286.61 	207.44 	330.49 	66.18 	480.41 
1211154	369.47 	413.00 	401.57 	383.85 	156.12 	637.91 
337462	475.52 	552.29 	393.61 	635.06 	116.85 	930.72 
507074	514.30 	590.52 	464.81 	642.10 	155.23 	968.96 
807426	609.24 	677.74 	611.90 	676.34 	248.79 	1051.88 
591129	81.05 	83.87 	101.21 	64.83 	55.34 	109.36 
644538	342.68 	371.11 	373.87 	342.50 	173.53 	546.08 
301718	191.41 	221.19 	187.54 	225.86 	52.12 	367.55 
518383	916.73 	1056.69 	695.04 	1285.34 	199.96 	1807.36 
218573	477.96 	548.66 	326.00 	704.53 	95.35 	944.35 
443700	713.60 	822.47 	574.75 	964.63 	169.30 	1397.78 
178532	226.63 	264.08 	193.81 	299.07 	52.06 	449.14 
98165	194.84 	227.60 	146.10 	277.60 	41.71 	389.69 
182304	204.25 	237.62 	177.63 	266.10 	54.41 	390.42 
272841	429.42 	489.14 	352.42 	567.02 	114.81 	815.16 
394906	736.76 	853.52 	557.53 	1038.12 	167.79 	1434.08 
176278	346.51 	400.86 	254.85 	493.82 	78.84 	679.40 
648315	476.39 	547.52 	445.31 	582.36 	135.90 	903.47 
367247	437.21 	499.62 	394.07 	543.56 	139.71 	817.63 
135832	303.87 	353.46 	212.22 	446.64 	61.93 	601.97 
112813	252.80 	293.65 	166.66 	380.24 	51.95 	498.27 
280428	505.30 	589.18 	401.52 	696.52 	113.72 	990.94 
376566	660.24 	765.18 	516.13 	918.45 	167.01 	1286.08 
246625	413.81 	485.67 	323.10 	581.02 	93.89 	821.27 
351968	260.84 	301.70 	248.29 	316.79 	75.78 	495.23 
168580	244.07 	278.00 	207.58 	315.45 	70.70 	455.61 
386310	680.66 	787.75 	534.49 	934.57 	162.11 	1333.42 
537362	634.57 	731.98 	556.21 	812.38 	162.62 	1231.89 
496829	597.19 	687.80 	520.95 	770.06 	162.76 	1151.85 
258319	472.48 	546.90 	348.40 	676.71 	105.72 	924.17 
1438584	1319.39 	1523.87 	1274.57 	1575.92 	386.07 	2489.34 
427453	431.51 	490.54 	401.49 	523.14 	133.03 	810.97 
276634	358.48 	406.53 	313.92 	456.14 	105.21 	667.69 
372254	646.20 	740.81 	517.35 	875.18 	160.93 	1230.38 
230546	493.44 	578.75 	322.44 	754.24 	93.94 	985.19 
163958	367.05 	427.65 	252.51 	545.53 	72.35 	721.36 
964436	1076.52 	1227.22 	1001.67 	1311.06 	354.78 	1983.91 
136033	281.17 	330.15 	200.96 	412.89 	57.26 	563.13 
129114	278.66 	319.54 	205.03 	395.37 	62.72 	544.19 
208006	441.10 	511.92 	300.54 	657.57 	90.66 	875.03 
152878	317.16 	371.86 	230.77 	459.23 	67.15 	626.93 
31723	55.36 	64.58 	43.51 	76.62 	11.29 	111.21 
468254	612.16 	710.67 	519.63 	808.08 	139.49 	1211.36 
398950	577.15 	674.70 	479.07 	775.21 	133.80 	1127.10 
485987	419.22 	472.57 	409.46 	485.23 	146.34 	755.65 
429320	565.57 	656.75 	482.29 	740.84 	138.34 	1094.64 
427163	429.85 	489.14 	408.82 	513.21 	141.85 	783.35 
337014	660.77 	771.44 	470.58 	968.18 	146.94 	1304.67 
307509	376.95 	435.87 	333.12 	483.82 	102.87 	723.41 
181281	319.66 	370.03 	245.24 	446.86 	74.87 	627.80 
96141	219.49 	256.24 	135.06 	341.50 	41.81 	436.43 
137911	257.01 	297.68 	190.15 	366.18 	60.66 	503.07 
35573	79.52 	92.93 	50.18 	123.09 	15.63 	156.94 
54161	107.43 	125.77 	84.26 	149.39 	22.60 	211.12 
51358	112.72 	131.21 	76.19 	168.95 	22.75 	224.37 
174307	334.91 	393.15 	253.66 	476.59 	63.68 	675.42 
124851	238.66 	283.31 	183.48 	341.05 	50.06 	474.95 
246335	106.00 	122.79 	101.67 	127.88 	27.74 	204.53 
231912	241.79 	285.85 	214.59 	315.09 	54.32 	482.60 
229119	484.75 	568.31 	348.95 	708.29 	102.16 	967.92 
10515	9.02 	10.17 	9.18 	10.09 	3.28 	15.73 
148457	333.05 	388.60 	195.76 	524.17 	64.34 	660.15 
168239	259.42 	296.20 	222.78 	335.13 	68.37 	490.70 
145033	333.55 	385.48 	216.49 	504.44 	67.15 	656.30 
22118	49.72 	57.69 	30.18 	77.50 	9.84 	98.44 
434425	576.40 	667.37 	475.97 	769.62 	135.11 	1126.78 
151964	325.58 	377.52 	225.75 	479.64 	68.13 	637.20 
4003287	3027.68 	3500.71 	2965.46 	3574.30 	840.85 	5810.49 
275772	368.39 	422.75 	323.61 	469.64 	109.90 	695.77 
223063	142.19 	153.44 	150.73 	147.11 	69.69 	231.24 
181928	149.38 	164.48 	153.34 	163.21 	67.78 	249.21 
232061	242.50 	272.38 	234.22 	283.18 	88.19 	431.90 
227480	187.76 	206.96 	191.74 	204.85 	82.99 	313.99 
295631	284.51 	313.32 	285.31 	314.68 	126.98 	479.09 
291629	39.48 	39.37 	50.27 	28.59 	31.39 	46.60 
174516	247.67 	285.49 	214.28 	319.56 	67.31 	475.23 
228975	355.74 	411.77 	281.78 	487.12 	86.01 	692.44 
262895	403.62 	470.70 	335.05 	544.01 	99.90 	788.85 
194346	336.58 	387.83 	264.57 	461.70 	82.67 	654.81 
178329	361.78 	420.85 	259.34 	529.13 	79.23 	711.02 
439625	612.98 	704.80 	531.25 	791.66 	169.15 	1164.87 
40574	94.69 	110.78 	62.85 	143.43 	18.29 	187.60 
211920	369.11 	432.26 	290.40 	512.65 	85.55 	716.18 
535396	678.04 	786.12 	587.36 	880.81 	173.45 	1319.89 
380556	439.57 	501.77 	404.11 	542.69 	140.87 	814.02 
508968	36.36 	35.83 	46.85 	25.31 	28.76 	42.31 
1571363	289.02 	317.30 	320.61 	287.23 	131.17 	479.78 
1038681	533.93 	598.68 	541.74 	591.92 	206.96 	951.21 
414777	457.21 	528.04 	402.44 	581.19 	123.54 	877.26 
531288	519.82 	602.22 	460.93 	662.15 	143.96 	997.01 
225431	205.99 	236.14 	194.38 	249.75 	65.89 	383.69 
634634	657.54 	751.98 	602.04 	816.12 	200.80 	1237.70 
415245	57.47 	61.35 	67.38 	51.89 	33.10 	85.83 
253832	319.23 	370.73 	272.10 	418.36 	81.07 	619.18 
1168614	931.77 	1054.48 	893.46 	1099.21 	317.06 	1700.91 
1267936	613.07 	681.00 	639.41 	655.54 	269.65 	1041.15 
335906	287.79 	326.18 	272.74 	342.87 	95.96 	527.34 
144905	130.66 	145.63 	125.30 	151.68 	48.63 	232.02 
100388	174.84 	202.82 	131.86 	247.71 	41.25 	341.39 
405946	619.20 	719.70 	495.17 	843.41 	141.19 	1228.89 
827421	278.57 	303.06 	308.82 	274.91 	143.10 	444.97 
885479	598.75 	678.05 	593.74 	687.59 	223.31 	1077.46 
395527	552.74 	636.52 	451.17 	742.91 	143.31 	1070.93 
1042180	1354.71 	1558.10 	1148.67 	1776.53 	368.63 	2590.27 
3386003	321.36 	328.42 	399.28 	252.63 	220.05 	424.91 
1089534	88.72 	84.00 	118.90 	54.27 	80.16 	90.57 
1551973	92.66 	80.39 	139.24 	34.48 	109.84 	58.25 
897984	443.85 	502.46 	453.87 	498.95 	168.82 	795.64 
1543000	506.51 	537.89 	575.85 	473.39 	277.98 	776.12 
329687	155.82 	166.19 	171.18 	152.36 	83.31 	244.47 
577658	123.05 	133.58 	139.48 	117.82 	63.06 	195.56 
489072	620.13 	722.35 	523.10 	828.11 	152.15 	1209.42 
340241	544.68 	634.07 	424.62 	758.79 	124.90 	1075.56 
447977	605.32 	703.82 	500.76 	813.86 	151.38 	1179.09 
178173	253.71 	289.84 	206.35 	337.99 	69.75 	478.50 
186651	270.08 	311.20 	213.14 	370.26 	68.53 	523.58 
624326	58.82 	58.22 	75.83 	41.48 	47.21 	68.72 
223546	268.12 	310.65 	233.47 	347.64 	72.05 	515.72 
360166	471.13 	546.28 	397.75 	625.11 	124.17 	911.09 
225729	274.74 	322.89 	232.32 	367.17 	66.86 	544.87 
8435477	356.59 	308.23 	525.56 	141.58 	411.35 	238.00 
3620475	171.37 	127.42 	291.14 	8.82 	241.25 	14.99 
936034	1000.72 	1149.09 	892.57 	1269.49 	309.45 	1885.12 
530066	462.83 	527.53 	434.25 	557.08 	154.92 	851.17 
701322	152.45 	158.31 	181.68 	129.88 	99.50 	212.39 
510688	406.43 	458.79 	392.45 	475.67 	144.58 	740.90 
1047122	586.07 	638.92 	622.19 	604.46 	285.49 	950.75 
478669	398.50 	452.77 	381.43 	472.29 	139.13 	735.73 
260562	324.15 	368.04 	281.26 	412.49 	98.98 	607.96 
432661	480.05 	549.84 	428.67 	607.52 	143.27 	907.31 
382494	208.30 	238.38 	206.59 	241.06 	71.19 	383.44 
1702084	1372.06 	1552.47 	1274.33 	1650.56 	459.23 	2539.46 
1599922	1099.11 	1210.00 	1134.44 	1181.87 	470.33 	1885.45 
1053977	860.07 	959.47 	846.26 	984.88 	324.09 	1532.37 
1024079	277.04 	272.85 	345.76 	206.62 	214.48 	335.77 
770210	651.19 	735.33 	632.30 	756.48 	227.66 	1185.52 
1763916	601.32 	635.61 	698.19 	538.14 	351.65 	891.23 
379075	495.40 	571.42 	420.13 	650.60 	137.18 	953.15 
445843	487.62 	564.78 	438.24 	617.74 	138.86 	933.51 
870371	674.11 	763.50 	646.60 	792.43 	233.52 	1238.42 
476401	627.43 	727.27 	538.15 	821.91 	164.55 	1206.64 
913111	868.58 	982.49 	820.32 	1040.02 	305.01 	1581.61 
818585	346.14 	388.89 	351.58 	384.99 	131.29 	606.05 
707799	133.42 	143.06 	152.10 	125.85 	73.50 	206.25 
8815605	480.10 	426.63 	702.12 	208.35 	532.84 	350.49 
3529273	403.68 	412.08 	502.09 	316.90 	280.30 	538.61 
710901	273.76 	301.80 	292.14 	286.05 	120.01 	464.04 
1188036	291.79 	314.09 	340.94 	268.40 	153.39 	452.09 
786172	24.99 	17.40 	42.44 	0.00 	40.66 	0.00 
492103	250.04 	280.99 	251.97 	281.15 	91.69 	447.15 
2240379	225.46 	215.97 	299.86 	142.34 	200.62 	235.00 
607403	263.74 	290.66 	278.58 	275.97 	115.30 	446.36 
2019983	103.80 	87.01 	155.06 	35.85 	126.85 	60.32 
687255	458.93 	515.99 	454.44 	524.72 	166.75 	825.38 
########	563.13 	485.73 	829.46 	220.49 	645.44 	369.70 
1197845	251.22 	272.56 	285.09 	239.59 	133.35 	390.80 
164572	36.22 	36.88 	44.12 	29.04 	24.99 	48.40 
2458910	189.91 	171.19 	268.97 	93.26 	197.65 	155.63 
1389251	546.04 	610.88 	575.41 	586.10 	226.68 	941.96 
534279	674.10 	768.03 	599.54 	848.70 	209.76 	1260.93 
435384	639.91 	741.54 	514.58 	871.02 	158.51 	1245.80 
389834	328.00 	367.18 	320.00 	375.74 	119.71 	580.81 
810092	979.33 	1120.86 	854.48 	1261.28 	282.31 	1856.66 
526489	63.65 	66.71 	76.09 	54.65 	40.13 	89.85 
767137	796.65 	922.23 	714.79 	1011.12 	226.71 	1524.02 
1220331	745.98 	848.24 	752.82 	843.79 	274.02 	1345.00 
1080765	692.23 	792.32 	674.66 	815.17 	216.23 	1287.49 
1455099	521.53 	578.81 	560.55 	541.22 	229.14 	883.46 
1186631	107.79 	108.40 	136.58 	80.77 	79.72 	133.07 
369149	412.94 	472.91 	368.62 	520.99 	123.49 	771.17 
681555	462.69 	527.22 	443.14 	549.28 	157.67 	850.54 
530133	342.62 	388.87 	333.28 	399.50 	119.69 	630.82 
687671	22.08 	17.23 	34.78 	4.64 	29.83 	7.79 
775234	548.10 	628.35 	529.65 	652.38 	169.98 	1026.81 
1040891	939.24 	1060.53 	872.99 	1132.81 	306.78 	1730.63 
1454042	471.80 	513.07 	522.63 	463.69 	230.91 	754.38 
1212134	391.23 	431.58 	430.34 	396.11 	189.38 	638.57 
1216679	165.22 	165.39 	210.94 	121.11 	128.90 	201.03 
932181	291.28 	308.25 	334.36 	268.34 	168.76 	439.80 
2261891	393.67 	423.60 	451.76 	369.69 	210.88 	613.13 
1300216	37.29 	26.79 	61.71 	2.41 	57.21 	4.10 
1777439	634.43 	663.33 	732.14 	568.32 	393.85 	914.06 
1617920	1038.36 	1141.74 	1066.58 	1120.94 	463.19 	1740.86 
1303042	814.20 	879.36 	863.09 	842.47 	401.11 	1317.40 
889866	160.40 	152.13 	216.64 	97.26 	148.90 	159.64 
968679	963.77 	1098.25 	885.68 	1187.54 	319.25 	1778.70 
371036	615.10 	718.73 	473.31 	864.09 	130.42 	1222.49 
223587	486.83 	565.96 	311.99 	748.36 	96.45 	961.22 
311976	574.33 	672.08 	436.55 	813.22 	134.39 	1118.39 
138350	278.39 	324.11 	197.22 	410.09 	59.42 	556.15 
296040	575.93 	669.20 	431.90 	818.29 	125.73 	1142.16 
497785	997.58 	1166.14 	716.62 	1453.34 	203.16 	1975.38 
147795	294.96 	341.42 	216.53 	423.97 	62.24 	580.01 
184607	350.49 	406.55 	238.62 	520.96 	79.18 	686.24 
338956	682.05 	787.98 	440.49 	1036.76 	146.61 	1333.57 
156146	318.65 	368.91 	212.78 	476.98 	65.23 	628.06 
431559	677.07 	788.42 	543.94 	932.14 	164.23 	1337.02 
352960	645.37 	753.42 	478.08 	925.71 	144.49 	1279.45 
373144	701.47 	817.61 	519.75 	1000.49 	161.01 	1385.56 
548251	824.44 	956.50 	713.38 	1074.87 	211.66 	1591.83 
1426056	165.23 	168.70 	201.13 	133.87 	111.55 	220.56 
451487	721.21 	836.16 	572.00 	991.89 	168.73 	1417.24 
285418	461.46 	535.04 	349.69 	651.08 	101.42 	915.58 
396786	718.20 	838.40 	544.20 	1020.85 	154.94 	1417.03 
303180	556.88 	648.09 	435.58 	773.31 	127.49 	1098.07 
791890	748.08 	852.18 	705.29 	901.94 	240.05 	1394.34 
863025	1088.92 	1259.73 	956.13 	1398.14 	307.08 	2077.09 
303893	587.84 	685.38 	427.06 	848.54 	126.00 	1169.51 
397763	658.63 	762.12 	497.85 	926.98 	153.79 	1293.23 
3547651	777.13 	861.08 	864.45 	784.87 	340.73 	1311.77 
348439	596.04 	684.09 	475.60 	804.83 	148.27 	1154.60 
550975	951.36 	1099.98 	736.54 	1326.89 	217.41 	1858.67 
1046070	1411.02 	1637.30 	1149.18 	1914.45 	336.19 	2783.74 
1161154	1180.59 	1331.44 	1104.66 	1416.27 	385.16 	2181.50 
728159	932.36 	1061.64 	803.94 	1196.97 	252.92 	1799.42 
1181799	1371.05 	1569.58 	1218.79 	1738.52 	391.74 	2638.88 
633896	819.85 	949.88 	713.12 	1067.60 	232.73 	1591.40 
1026191	622.14 	702.43 	609.52 	717.17 	223.42 	1113.93 
191115	237.71 	273.42 	204.93 	308.86 	65.61 	452.82 
826870	1164.42 	1338.69 	966.99 	1546.72 	309.17 	2234.18 
431529	67.30 	72.90 	75.23 	65.39 	33.27 	107.06 
1135971	808.57 	888.26 	836.22 	867.20 	351.86 	1376.62 
1352399	1339.08 	1493.95 	1274.86 	1574.59 	481.64 	2390.91 
767623	495.91 	536.78 	526.14 	509.87 	244.26 	798.15 
635034	693.01 	784.04 	630.42 	852.41 	220.21 	1283.49 
1659951	1032.22 	1134.14 	1092.31 	1088.14 	461.97 	1722.32 
688598	96.43 	97.17 	122.08 	73.12 	71.84 	119.99 
893729	1140.93 	1307.64 	1017.60 	1448.71 	355.21 	2135.57 
310454	573.43 	660.20 	416.90 	821.47 	135.21 	1108.80 
289298	570.49 	664.40 	381.66 	854.29 	119.41 	1135.51 
371576	739.49 	862.61 	511.60 	1097.14 	152.58 	1465.03 
218036	432.24 	505.91 	278.13 	662.44 	84.46 	872.92 
331996	630.64 	737.76 	464.39 	906.49 	139.59 	1244.52 
112125	122.78 	140.48 	111.10 	153.51 	36.50 	231.18 
323981	657.67 	769.07 	476.10 	958.32 	143.77 	1299.22 
699248	804.13 	931.80 	703.29 	1040.45 	213.81 	1550.59 
210807	388.29 	453.42 	274.38 	569.27 	80.74 	777.77 
1477359	1107.63 	1231.70 	1140.22 	1214.85 	460.15 	1926.47 
1912709	1272.45 	1410.15 	1296.40 	1390.93 	553.70 	2150.49 
1133486	880.43 	979.10 	885.89 	980.13 	365.70 	1527.74 
248915	431.33 	499.96 	349.01 	587.96 	112.73 	835.08 
326393	424.94 	491.97 	363.10 	557.89 	117.94 	811.40 
269069	464.64 	536.23 	364.71 	636.90 	119.82 	894.39 
231384	392.18 	456.13 	307.36 	543.33 	94.54 	762.79 
145291	264.53 	307.05 	189.86 	382.48 	61.55 	512.56 
232209	343.75 	394.11 	293.04 	448.49 	96.78 	649.31 
977426	271.46 	302.28 	294.50 	281.62 	112.75 	471.84 
343348	468.28 	547.71 	401.39 	617.01 	123.62 	914.18 
464425	498.93 	568.82 	458.62 	610.61 	155.46 	932.45 
350105	468.59 	534.18 	412.35 	595.58 	138.45 	886.60 
153244	293.21 	339.94 	214.30 	420.74 	65.24 	575.64 
365376	502.94 	578.01 	425.91 	653.61 	146.63 	943.84 
624955	986.29 	1133.65 	808.98 	1318.95 	262.29 	1883.17 
212279	406.92 	476.31 	281.54 	605.75 	82.83 	813.15 
158006	338.69 	397.10 	224.67 	515.69 	68.87 	671.45 
538935	1014.36 	1179.18 	727.73 	1466.36 	218.16 	1999.56 
344568	641.00 	750.50 	467.68 	929.53 	132.62 	1280.94 
219382	447.22 	521.54 	302.35 	668.53 	93.37 	886.09 
499651	785.39 	899.61 	627.11 	1065.68 	204.52 	1507.01 
156576	314.79 	366.21 	197.37 	485.31 	65.23 	619.87 
461124	557.99 	649.34 	468.76 	739.42 	126.58 	1105.59 
264669	563.27 	653.64 	374.16 	846.77 	115.62 	1114.13 
289528	547.99 	638.77 	406.86 	781.92 	128.79 	1063.94 
253857	477.25 	557.08 	340.93 	695.21 	98.74 	958.62 
253277	453.62 	526.02 	346.37 	636.49 	101.25 	893.38 
1163031	758.92 	839.25 	774.36 	829.49 	300.39 	1324.56 
335021	534.62 	625.47 	431.29 	736.92 	124.28 	1057.18 
442848	466.37 	523.05 	444.88 	544.76 	157.81 	844.38 
112992	95.24 	105.65 	94.23 	106.39 	36.66 	167.32 
53705	114.75 	133.51 	79.45 	169.75 	23.15 	226.27 
1009901	1403.95 	1629.09 	1191.96 	1867.93 	335.95 	2759.77 
342923	417.19 	472.35 	374.36 	519.96 	121.89 	787.61 
324402	573.92 	665.07 	441.02 	804.19 	132.70 	1143.83 
307550	527.92 	615.42 	406.28 	741.61 	125.89 	1046.12 
942978	1204.17 	1417.72 	1108.23 	1524.14 	232.81 	2356.48 
280343	617.24 	719.86 	463.38 	879.32 	124.54 	1226.87 
280905	532.38 	622.58 	443.66 	712.10 	115.61 	1029.66 
355239	657.13 	763.48 	554.81 	866.90 	143.35 	1256.28 
275339	652.67 	765.98 	474.95 	951.76 	116.13 	1307.85 
253446	642.15 	748.93 	443.44 	952.45 	114.82 	1292.26 
1343303	1712.83 	1996.61 	1500.27 	2210.99 	365.32 	3306.85 
737571	1452.86 	1695.96 	1192.40 	1975.38 	307.14 	2822.20 
626271	1074.32 	1264.97 	912.51 	1425.21 	224.11 	2098.17 
534947	1041.36 	1214.28 	847.09 	1409.05 	210.95 	2032.53 
637724	1052.08 	1227.53 	923.47 	1356.88 	232.50 	2017.68 
660891	1269.21 	1500.97 	1049.64 	1733.74 	261.03 	2520.18 
1175072	2381.44 	2803.09 	1845.93 	3362.65 	492.95 	4690.81 
745276	1357.29 	1575.82 	1131.21 	1811.34 	288.13 	2619.53 
3407850	1950.13 	2295.21 	1958.41 	2295.37 	420.10 	3735.80 
354437	791.37 	932.71 	611.19 	1118.83 	141.22 	1588.19 
465855	790.72 	918.07 	677.63 	1029.17 	167.21 	1538.67 
210398	450.93 	527.83 	358.25 	621.50 	92.54 	880.95 
247679	532.21 	623.09 	423.14 	733.59 	99.15 	1066.81 
473450	816.71 	959.05 	705.25 	1077.97 	169.28 	1608.40 
996165	1904.59 	2244.06 	1577.01 	2590.50 	410.39 	3693.83 
670423	1320.26 	1543.56 	1100.43 	1772.10 	286.98 	2575.60 
1148998	367.23 	410.72 	388.86 	391.94 	110.08 	627.43 
138735	344.91 	399.36 	219.40 	528.77 	64.85 	687.90 
154571	370.10 	430.71 	268.33 	532.18 	71.20 	738.73 
261898	627.25 	733.35 	436.37 	930.28 	122.53 	1243.17 
142318	301.71 	349.24 	246.86 	405.51 	63.15 	587.66 
129637	303.27 	355.35 	209.57 	452.98 	57.68 	599.99 
127549	263.06 	307.58 	209.05 	363.50 	52.41 	520.43 
241945	511.13 	590.46 	414.44 	688.57 	108.02 	999.81 
196151	446.81 	522.77 	350.85 	623.80 	87.02 	887.46 
264887	660.10 	768.21 	429.48 	1000.84 	127.25 	1303.89 
111975	253.28 	298.46 	195.20 	355.61 	50.19 	506.57 
239098	526.83 	616.79 	406.07 	747.04 	106.76 	1039.40 
128854	330.30 	386.44 	209.24 	508.39 	57.59 	659.20 
140803	344.47 	403.50 	228.32 	520.92 	65.63 	688.52 
546560	653.34 	785.91 	586.66 	852.16 	111.98 	1315.97 
107181	256.04 	295.47 	172.75 	379.03 	48.75 	506.54 
358048	858.10 	1009.14 	598.31 	1272.51 	158.59 	1703.87 
175361	439.88 	513.51 	290.57 	670.34 	82.21 	876.51 
208707	515.62 	600.07 	333.98 	788.66 	99.01 	1019.98 
257694	624.94 	734.22 	448.00 	916.93 	124.59 	1233.23 
346503	762.10 	891.81 	586.93 	1070.27 	141.64 	1523.95 
243056	591.64 	693.80 	416.23 	871.70 	116.37 	1177.42 
405102	850.52 	1011.10 	655.19 	1213.29 	130.53 	1752.64 
250539	561.89 	656.43 	424.05 	795.26 	111.60 	1108.30 
211970	472.17 	550.54 	344.21 	679.30 	99.72 	926.50 
312455	727.79 	851.54 	528.55 	1051.97 	145.23 	1444.61 
132704	331.31 	387.45 	203.39 	516.77 	61.18 	660.95 
165202	377.30 	436.77 	274.18 	542.26 	77.26 	738.18 
234854	574.82 	673.29 	381.57 	868.46 	108.69 	1143.17 
331637	751.21 	880.41 	566.26 	1066.33 	150.40 	1483.08 
179100	433.80 	508.56 	290.07 	652.85 	85.28 	859.15 
236522	559.41 	648.94 	413.55 	800.00 	112.02 	1102.39 
229396	500.55 	584.19 	378.28 	707.85 	99.64 	984.71 
234568	585.91 	686.52 	355.75 	911.78 	104.62 	1172.66 
391269	763.64 	899.95 	607.69 	1061.29 	148.41 	1527.69 
742600	1457.41 	1712.20 	1263.01 	1918.66 	265.26 	2913.12 
284405	615.59 	721.12 	489.99 	855.23 	121.99 	1212.81 
338723	734.51 	859.33 	568.18 	1031.49 	133.94 	1476.38 
111792	237.66 	274.93 	191.05 	322.99 	48.97 	470.45 
159502	386.08 	449.30 	283.95 	555.49 	69.41 	775.56 
279990	649.24 	752.21 	488.41 	918.00 	125.39 	1283.87 
466163	1026.76 	1196.81 	777.74 	1454.76 	199.19 	2061.33 
454580	1098.30 	1285.20 	801.97 	1579.71 	207.46 	2206.04 
432406	730.21 	871.56 	622.35 	986.67 	117.74 	1494.04 
44540	109.70 	128.05 	81.42 	157.17 	20.59 	220.72 
417898	911.94 	1061.11 	703.65 	1278.14 	174.52 	1811.92 
256025	598.43 	695.03 	429.12 	866.30 	110.95 	1185.74 
220478	411.71 	486.06 	342.48 	557.79 	80.82 	824.41 
218102	424.09 	498.60 	349.09 	574.38 	87.44 	835.91 
366676	777.18 	902.97 	611.08 	1071.19 	156.67 	1526.37 
1115308	270.77 	299.92 	317.29 	251.65 	99.46 	400.18 
1169048	2229.75 	2606.22 	1860.25 	2977.92 	469.83 	4363.32 
218359	458.08 	541.31 	335.55 	669.50 	81.59 	930.01 
288944	650.55 	764.65 	493.36 	924.89 	117.82 	1321.89 
349408	725.79 	850.17 	560.10 	1027.52 	132.42 	1435.93 
509283	897.17 	1048.75 	738.04 	1208.37 	190.43 	1745.63 
350529	668.15 	777.42 	555.12 	895.46 	138.47 	1304.21 
480419	989.17 	1167.73 	797.43 	1374.17 	182.44 	1978.61 
298382	606.36 	711.41 	488.61 	833.52 	119.84 	1203.83 
480299	1010.03 	1178.76 	797.73 	1391.99 	195.54 	2003.28 
1190745	58.12 	48.88 	87.78 	19.91 	68.71 	33.61 
965824	807.50 	924.45 	763.18 	970.46 	247.27 	1533.94 
177955	350.12 	404.99 	233.25 	524.95 	77.64 	685.00 
339067	374.73 	429.74 	343.47 	463.23 	115.22 	702.23 
511971	705.28 	814.10 	594.08 	936.83 	176.41 	1388.71 
185229	383.53 	446.29 	261.80 	570.08 	79.89 	759.74 
274296	403.68 	468.14 	326.94 	548.54 	98.09 	790.75 
726531	608.67 	685.62 	585.06 	715.70 	219.16 	1099.25 
550635	955.16 	1112.72 	747.92 	1326.88 	217.74 	1896.34 
269672	450.74 	527.82 	349.67 	632.47 	102.41 	891.54 
236632	372.86 	431.66 	299.12 	508.96 	84.73 	736.15 
496112	710.87 	822.41 	603.56 	934.38 	190.67 	1376.06 
1155593	1216.01 	1396.27 	1077.59 	1545.72 	342.84 	2336.86 
296459	456.12 	526.27 	372.88 	611.59 	120.32 	874.41 
430971	607.58 	708.56 	510.30 	810.81 	145.86 	1192.07 
479682	620.58 	719.25 	546.63 	800.75 	176.59 	1190.48 
450806	534.28 	625.21 	471.42 	690.34 	136.28 	1043.83 
844086	541.10 	627.48 	520.85 	651.24 	158.19 	1029.58 
7422849	186.99 	84.49 	272.59 	0.00 	260.75 	0.00 
